date,time,pm25
10/05/2022,12:00,4.599
10/05/2022,13:00,5.731
10/05/2022,14:00,6.297
10/05/2022,15:00,6.557
10/05/2022,16:00,4.929
10/05/2022,17:00,4.599
10/05/2022,18:00,4.127
10/05/2022,19:00,3.561
10/05/2022,20:00,3.679
10/05/2022,21:00,4.151
10/05/2022,22:00,3.868
10/05/2022,23:00,4.292
10/05/2022,24:00:00,5.307
11/05/2022,01:00,5.189
11/05/2022,02:00,4.741
11/05/2022,03:00,4.67
11/05/2022,04:00,4.693
11/05/2022,05:00,6.769
11/05/2022,06:00,4.552
11/05/2022,07:00,3.561
11/05/2022,08:00,2.972
11/05/2022,09:00,2.712
11/05/2022,10:00,2.123
11/05/2022,11:00,3.467
11/05/2022,12:00,2.382
11/05/2022,13:00,1.557
11/05/2022,14:00,2.5
11/05/2022,15:00,3.349
11/05/2022,16:00,3.491
11/05/2022,17:00,3.137
11/05/2022,18:00,2.594
11/05/2022,19:00,2.689
11/05/2022,20:00,2.972
11/05/2022,21:00,4.811
11/05/2022,22:00,3.585
11/05/2022,23:00,4.929
11/05/2022,24:00:00,7.429
12/05/2022,01:00,5
12/05/2022,02:00,4.292
12/05/2022,03:00,2.948
12/05/2022,04:00,2.571
12/05/2022,05:00,3.609
12/05/2022,06:00,5.448
12/05/2022,07:00,5.542
12/05/2022,08:00,5.377
12/05/2022,09:00,5.377
12/05/2022,10:00,6.321
12/05/2022,11:00,5.283
12/05/2022,12:00,5.802
12/05/2022,13:00,5.896
12/05/2022,14:00,5.071
12/05/2022,15:00,5.826
12/05/2022,16:00,6.179
12/05/2022,17:00,4.646
12/05/2022,18:00,3.137
12/05/2022,19:00,3.113
12/05/2022,20:00,3.726
12/05/2022,21:00,3.208
12/05/2022,22:00,2.736
12/05/2022,23:00,2.547
12/05/2022,24:00:00,2.972
13/05/2022,01:00,3.137
13/05/2022,02:00,4.198
13/05/2022,03:00,4.575
13/05/2022,04:00,4.764
13/05/2022,05:00,5.425
13/05/2022,06:00,5.826
13/05/2022,07:00,6.981
13/05/2022,08:00,7.665
13/05/2022,09:00,8.326
13/05/2022,10:00,8.16
13/05/2022,11:00,7.972
13/05/2022,12:00,8.774
13/05/2022,13:00,8.538
13/05/2022,14:00,9.057
13/05/2022,15:00,8.349
13/05/2022,16:00,9.481
13/05/2022,17:00,10
13/05/2022,18:00,9.835
13/05/2022,19:00,9.906
13/05/2022,20:00,10.071
13/05/2022,21:00,10.401
13/05/2022,22:00,10.472
13/05/2022,23:00,10.66
13/05/2022,24:00:00,10.283
14/05/2022,01:00,10.236
14/05/2022,02:00,9.764
14/05/2022,03:00,9.811
14/05/2022,04:00,10.142
14/05/2022,05:00,10.826
14/05/2022,06:00,13.16
14/05/2022,07:00,13.538
14/05/2022,08:00,13.043
14/05/2022,09:00,12.594
14/05/2022,10:00,11.58
14/05/2022,11:00,12.076
14/05/2022,12:00,10.354
14/05/2022,13:00,9.505
14/05/2022,14:00,8.042
14/05/2022,15:00,6.675
14/05/2022,16:00,6.297
14/05/2022,17:00,7.052
14/05/2022,18:00,8.113
14/05/2022,19:00,6.745
14/05/2022,20:00,7.123
14/05/2022,21:00,9.363
14/05/2022,22:00,16.061
14/05/2022,23:00,20.26
14/05/2022,24:00:00,20.566
15/05/2022,01:00,19.481
15/05/2022,02:00,20.283
15/05/2022,03:00,16.557
15/05/2022,04:00,14.057
15/05/2022,05:00,11.321
15/05/2022,06:00,11.84
15/05/2022,07:00,9.811
15/05/2022,08:00,9.788
15/05/2022,09:00,10.377
15/05/2022,10:00,9.505
15/05/2022,11:00,8.42
15/05/2022,12:00,11.816
15/05/2022,13:00,13.774
15/05/2022,14:00,13.797
15/05/2022,15:00,14.481
15/05/2022,16:00,15.236
15/05/2022,17:00,15.165
15/05/2022,18:00,15.448
15/05/2022,19:00,16.038
15/05/2022,20:00,19.269
15/05/2022,21:00,14.882
15/05/2022,22:00,13.868
15/05/2022,23:00,12.453
15/05/2022,24:00:00,11.557
16/05/2022,01:00,11.014
16/05/2022,02:00,11.557
16/05/2022,03:00,7.123
16/05/2022,04:00,5.566
16/05/2022,05:00,7.335
16/05/2022,06:00,10.613
16/05/2022,07:00,15.472
16/05/2022,08:00,18.868
16/05/2022,09:00,16.014
16/05/2022,10:00,16.25
16/05/2022,11:00,19.481
16/05/2022,12:00,18.514
16/05/2022,13:00,14.528
16/05/2022,14:00,10
16/05/2022,15:00,5.448
16/05/2022,16:00,5.189
16/05/2022,17:00,5.189
16/05/2022,18:00,4.67
16/05/2022,19:00,4.859
16/05/2022,20:00,4.67
16/05/2022,21:00,4.41
16/05/2022,22:00,4.811
16/05/2022,23:00,4.08
16/05/2022,24:00:00,4.151
17/05/2022,01:00,4.835
17/05/2022,02:00,5.236
17/05/2022,03:00,6.085
17/05/2022,04:00,6.557
17/05/2022,05:00,8.278
17/05/2022,06:00,12.618
17/05/2022,07:00,10
17/05/2022,08:00,8.326
17/05/2022,09:00,8.302
17/05/2022,10:00,
17/05/2022,11:00,
17/05/2022,12:00,8.396
17/05/2022,13:00,9.505
17/05/2022,14:00,8.561
17/05/2022,15:00,6.91
17/05/2022,16:00,6.109
17/05/2022,17:00,5.354
17/05/2022,18:00,5.071
17/05/2022,19:00,5.943
17/05/2022,20:00,11.344
17/05/2022,21:00,11.014
17/05/2022,22:00,5.849
17/05/2022,23:00,2.547
17/05/2022,24:00:00,1.816
18/05/2022,01:00,1.392
18/05/2022,02:00,1.392
18/05/2022,03:00,1.604
18/05/2022,04:00,2.807
18/05/2022,05:00,4.057
18/05/2022,06:00,7.005
18/05/2022,07:00,5.024
18/05/2022,08:00,5.495
18/05/2022,09:00,6.038
18/05/2022,10:00,5.126
18/05/2022,11:00,5.189
18/05/2022,12:00,6.462
18/05/2022,13:00,9.293
18/05/2022,14:00,8.019
18/05/2022,15:00,7.854
18/05/2022,16:00,7.217
18/05/2022,17:00,7.925
18/05/2022,18:00,8.184
18/05/2022,19:00,8.042
18/05/2022,20:00,7.689
18/05/2022,21:00,11.226
18/05/2022,22:00,5.826
18/05/2022,23:00,6.321
18/05/2022,24:00:00,5.33
19/05/2022,01:00,3.184
19/05/2022,02:00,4.481
19/05/2022,03:00,4.764
19/05/2022,04:00,6.203
19/05/2022,05:00,5
19/05/2022,06:00,4.528
19/05/2022,07:00,4.929
19/05/2022,08:00,4.953
19/05/2022,09:00,5.59
19/05/2022,10:00,5.802
19/05/2022,11:00,7.406
19/05/2022,12:00,5.566
19/05/2022,13:00,5.92
19/05/2022,14:00,3.962
19/05/2022,15:00,3.703
19/05/2022,16:00,3.632
19/05/2022,17:00,4.646
19/05/2022,18:00,3.609
19/05/2022,19:00,3.774
19/05/2022,20:00,6.651
19/05/2022,21:00,7.712
19/05/2022,22:00,9.976
19/05/2022,23:00,10.307
19/05/2022,24:00:00,6.887
20/05/2022,01:00,12.382
20/05/2022,02:00,11.274
20/05/2022,03:00,7.146
20/05/2022,04:00,9.245
20/05/2022,05:00,7.948
20/05/2022,06:00,8.939
20/05/2022,07:00,8.679
20/05/2022,08:00,5.967
20/05/2022,09:00,5.071
20/05/2022,10:00,3.892
20/05/2022,11:00,3.797
20/05/2022,12:00,5.142
20/05/2022,13:00,5.59
20/05/2022,14:00,5.566
20/05/2022,15:00,4.458
20/05/2022,16:00,3.373
20/05/2022,17:00,3.844
20/05/2022,18:00,4.269
20/05/2022,19:00,2.547
20/05/2022,20:00,2.453
20/05/2022,21:00,3.821
20/05/2022,22:00,3.491
20/05/2022,23:00,4.528
20/05/2022,24:00:00,5
21/05/2022,01:00,5.802
21/05/2022,02:00,5.354
21/05/2022,03:00,6.132
21/05/2022,04:00,5.142
21/05/2022,05:00,4.552
21/05/2022,06:00,4.458
21/05/2022,07:00,4.693
21/05/2022,08:00,4.741
21/05/2022,09:00,4.34
21/05/2022,10:00,4.009
21/05/2022,11:00,3.939
21/05/2022,12:00,4.929
21/05/2022,13:00,4.505
21/05/2022,14:00,4.033
21/05/2022,15:00,3.962
21/05/2022,16:00,5.189
21/05/2022,17:00,5.189
21/05/2022,18:00,5.377
21/05/2022,19:00,5.731
21/05/2022,20:00,7.736
21/05/2022,21:00,6.84
21/05/2022,22:00,10.354
21/05/2022,23:00,11.816
21/05/2022,24:00:00,10.024
22/05/2022,01:00,27.948
22/05/2022,02:00,13.514
22/05/2022,03:00,3.892
22/05/2022,04:00,6.085
22/05/2022,05:00,3.726
22/05/2022,06:00,3.443
22/05/2022,07:00,3.986
22/05/2022,08:00,4.363
22/05/2022,09:00,2.288
22/05/2022,10:00,3.113
22/05/2022,11:00,4.009
22/05/2022,12:00,2.123
22/05/2022,13:00,2.406
22/05/2022,14:00,2.17
22/05/2022,15:00,3.797
22/05/2022,16:00,2.736
22/05/2022,17:00,2.17
22/05/2022,18:00,2.241
22/05/2022,19:00,2.217
22/05/2022,20:00,2.877
22/05/2022,21:00,2.429
22/05/2022,22:00,1.958
22/05/2022,23:00,1.91
22/05/2022,24:00:00,2.241
23/05/2022,01:00,1.934
23/05/2022,02:00,1.84
23/05/2022,03:00,2.075
23/05/2022,04:00,2.665
23/05/2022,05:00,3.16
23/05/2022,06:00,3.892
23/05/2022,07:00,4.151
23/05/2022,08:00,4.929
23/05/2022,09:00,5.118
23/05/2022,10:00,5.236
23/05/2022,11:00,4.316
23/05/2022,12:00,4.269
23/05/2022,13:00,4.528
23/05/2022,14:00,4.151
23/05/2022,15:00,3.09
23/05/2022,16:00,2.476
23/05/2022,17:00,2.264
23/05/2022,18:00,1.91
23/05/2022,19:00,2.075
23/05/2022,20:00,1.887
23/05/2022,21:00,2.099
23/05/2022,22:00,2.359
23/05/2022,23:00,2.571
23/05/2022,24:00:00,2.689
24/05/2022,01:00,2.288
24/05/2022,02:00,1.958
24/05/2022,03:00,1.91
24/05/2022,04:00,1.958
24/05/2022,05:00,1.863
24/05/2022,06:00,2.123
24/05/2022,07:00,1.934
24/05/2022,08:00,1.509
24/05/2022,09:00,1.368
24/05/2022,10:00,2.193
24/05/2022,11:00,2.382
24/05/2022,12:00,2.335
24/05/2022,13:00,2.335
24/05/2022,14:00,2.311
24/05/2022,15:00,2.193
24/05/2022,16:00,1.792
24/05/2022,17:00,1.958
24/05/2022,18:00,1.745
24/05/2022,19:00,1.934
24/05/2022,20:00,2.241
24/05/2022,21:00,3.042
24/05/2022,22:00,4.67
24/05/2022,23:00,4.245
24/05/2022,24:00:00,3.231
25/05/2022,01:00,2.146
25/05/2022,02:00,2.005
25/05/2022,03:00,2.052
25/05/2022,04:00,2.052
25/05/2022,05:00,2.335
25/05/2022,06:00,3.656
25/05/2022,07:00,3.632
25/05/2022,08:00,3.915
25/05/2022,09:00,4.363
25/05/2022,10:00,6.274
25/05/2022,11:00,1.344
25/05/2022,12:00,1.627
25/05/2022,13:00,2.571
25/05/2022,14:00,2.736
25/05/2022,15:00,2.877
25/05/2022,16:00,2.311
25/05/2022,17:00,2.571
25/05/2022,18:00,2.264
25/05/2022,19:00,2.217
25/05/2022,20:00,2.241
25/05/2022,21:00,2.618
25/05/2022,22:00,2.5
25/05/2022,23:00,2.83
25/05/2022,24:00:00,3.278
26/05/2022,01:00,3.184
26/05/2022,02:00,3.231
26/05/2022,03:00,2.877
26/05/2022,04:00,2.854
26/05/2022,05:00,3.16
26/05/2022,06:00,3.325
26/05/2022,07:00,3.42
26/05/2022,08:00,3.821
26/05/2022,09:00,3.208
26/05/2022,10:00,2.877
26/05/2022,11:00,3.726
26/05/2022,12:00,5.566
26/05/2022,13:00,4.175
26/05/2022,14:00,2.547
26/05/2022,15:00,3.538
26/05/2022,16:00,2.193
26/05/2022,17:00,2.476
26/05/2022,18:00,2.406
26/05/2022,19:00,2.146
26/05/2022,20:00,2.547
26/05/2022,21:00,3.184
26/05/2022,22:00,4.859
26/05/2022,23:00,5.472
26/05/2022,24:00:00,6.792
27/05/2022,01:00,6.887
27/05/2022,02:00,7.217
27/05/2022,03:00,7.547
27/05/2022,04:00,7.453
27/05/2022,05:00,7.288
27/05/2022,06:00,7.476
27/05/2022,07:00,8.16
27/05/2022,08:00,7.099
27/05/2022,09:00,5.212
27/05/2022,10:00,6.297
27/05/2022,11:00,5.967
27/05/2022,12:00,5.967
27/05/2022,13:00,5.849
27/05/2022,14:00,5.92
27/05/2022,15:00,5.118
27/05/2022,16:00,5.425
27/05/2022,17:00,5.024
27/05/2022,18:00,4.245
27/05/2022,19:00,4.057
27/05/2022,20:00,3.821
27/05/2022,21:00,4.458
27/05/2022,22:00,4.575
27/05/2022,23:00,3.726
27/05/2022,24:00:00,3.538
28/05/2022,01:00,3.137
28/05/2022,02:00,3.349
28/05/2022,03:00,2.925
28/05/2022,04:00,2.547
28/05/2022,05:00,2.783
28/05/2022,06:00,2.736
28/05/2022,07:00,2.288
28/05/2022,08:00,2.453
28/05/2022,09:00,2.689
28/05/2022,10:00,2.759
28/05/2022,11:00,2.807
28/05/2022,12:00,2.193
28/05/2022,13:00,2.217
28/05/2022,14:00,2.359
28/05/2022,15:00,2.335
28/05/2022,16:00,5.991
28/05/2022,17:00,2.877
28/05/2022,18:00,2.594
28/05/2022,19:00,2.476
28/05/2022,20:00,3.278
28/05/2022,21:00,2.83
28/05/2022,22:00,3.75
28/05/2022,23:00,3.656
28/05/2022,24:00:00,3.774
29/05/2022,01:00,3.939
29/05/2022,02:00,4.033
29/05/2022,03:00,3.821
29/05/2022,04:00,3.797
29/05/2022,05:00,3.373
29/05/2022,06:00,3.278
29/05/2022,07:00,2.759
29/05/2022,08:00,1.745
29/05/2022,09:00,1.509
29/05/2022,10:00,1.604
29/05/2022,11:00,1.84
29/05/2022,12:00,1.792
29/05/2022,13:00,2.925
29/05/2022,14:00,2.406
29/05/2022,15:00,1.816
29/05/2022,16:00,2.429
29/05/2022,17:00,2.547
29/05/2022,18:00,2.547
29/05/2022,19:00,3.585
29/05/2022,20:00,5.024
29/05/2022,21:00,11.486
29/05/2022,22:00,9.363
29/05/2022,23:00,4.458
29/05/2022,24:00:00,3.797
30/05/2022,01:00,3.325
30/05/2022,02:00,3.632
30/05/2022,03:00,4.269
30/05/2022,04:00,3.844
30/05/2022,05:00,3.491
30/05/2022,06:00,5.307
30/05/2022,07:00,7.618
30/05/2022,08:00,8.113
30/05/2022,09:00,5
30/05/2022,10:00,3.632
30/05/2022,11:00,3.703
30/05/2022,12:00,3.844
30/05/2022,13:00,4.693
30/05/2022,14:00,4.906
30/05/2022,15:00,5.024
30/05/2022,16:00,3.16
30/05/2022,17:00,3.514
30/05/2022,18:00,2.783
30/05/2022,19:00,3.325
30/05/2022,20:00,3.113
30/05/2022,21:00,3.538
30/05/2022,22:00,3.962
30/05/2022,23:00,3.467
30/05/2022,24:00:00,5.094
31/05/2022,01:00,3.561
31/05/2022,02:00,5.142
31/05/2022,03:00,7.123
31/05/2022,04:00,8.373
31/05/2022,05:00,10.826
31/05/2022,06:00,8.042
31/05/2022,07:00,11.368
31/05/2022,08:00,8.443
31/05/2022,09:00,7.5
31/05/2022,10:00,5.094
31/05/2022,11:00,5.967
31/05/2022,12:00,2.359
31/05/2022,13:00,3.656
31/05/2022,14:00,2.524
31/05/2022,15:00,1.627
31/05/2022,16:00,2.972
31/05/2022,17:00,3.255
31/05/2022,18:00,2.052
31/05/2022,19:00,1.58
31/05/2022,20:00,1.156
31/05/2022,21:00,1.533
31/05/2022,22:00,2.524
31/05/2022,23:00,3.019
31/05/2022,24:00:00,3.16
01/06/2022,01:00,5.094
01/06/2022,02:00,5.826
01/06/2022,03:00,4.623
01/06/2022,04:00,3.962
01/06/2022,05:00,4.717
01/06/2022,06:00,3.726
01/06/2022,07:00,3.467
01/06/2022,08:00,2.5
01/06/2022,09:00,2.193
01/06/2022,10:00,2.335
01/06/2022,11:00,3.821
01/06/2022,12:00,3.868
01/06/2022,13:00,4.222
01/06/2022,14:00,4.222
01/06/2022,15:00,3.325
01/06/2022,16:00,3.208
01/06/2022,17:00,3.75
01/06/2022,18:00,4.08
01/06/2022,19:00,2.759
01/06/2022,20:00,3.231
01/06/2022,21:00,3.278
01/06/2022,22:00,7.476
01/06/2022,23:00,8.373
01/06/2022,24:00:00,9.906
02/06/2022,01:00,11.745
02/06/2022,02:00,9.481
02/06/2022,03:00,8.915
02/06/2022,04:00,8.774
02/06/2022,05:00,9.505
02/06/2022,06:00,10
02/06/2022,07:00,12.193
02/06/2022,08:00,11.816
02/06/2022,09:00,7.901
02/06/2022,10:00,7.382
02/06/2022,11:00,6.934
02/06/2022,12:00,6.179
02/06/2022,13:00,5.165
02/06/2022,14:00,3.892
02/06/2022,15:00,4.646
02/06/2022,16:00,3.373
02/06/2022,17:00,3.609
02/06/2022,18:00,4.222
02/06/2022,19:00,5.401
02/06/2022,20:00,5.684
02/06/2022,21:00,7.288
02/06/2022,22:00,7.406
02/06/2022,23:00,6.981
02/06/2022,24:00:00,7.335
03/06/2022,01:00,8.42
03/06/2022,02:00,8.656
03/06/2022,03:00,9.175
03/06/2022,04:00,8.868
03/06/2022,05:00,7.429
03/06/2022,06:00,7.948
03/06/2022,07:00,7.146
03/06/2022,08:00,6.981
03/06/2022,09:00,6.84
03/06/2022,10:00,5.873
03/06/2022,11:00,7.146
03/06/2022,12:00,7.193
03/06/2022,13:00,5.542
03/06/2022,14:00,5.094
03/06/2022,15:00,6.085
03/06/2022,16:00,6.179
03/06/2022,17:00,6.745
03/06/2022,18:00,5.66
03/06/2022,19:00,5.377
03/06/2022,20:00,4.552
03/06/2022,21:00,5.236
03/06/2022,22:00,6.061
03/06/2022,23:00,8.42
03/06/2022,24:00:00,8.703
04/06/2022,01:00,6.604
04/06/2022,02:00,5.495
04/06/2022,03:00,5.66
04/06/2022,04:00,6.226
04/06/2022,05:00,6.439
04/06/2022,06:00,7.264
04/06/2022,07:00,7.005
04/06/2022,08:00,7.288
04/06/2022,09:00,5.071
04/06/2022,10:00,4.646
04/06/2022,11:00,5.354
04/06/2022,12:00,5.495
04/06/2022,13:00,6.297
04/06/2022,14:00,7.665
04/06/2022,15:00,10.33
04/06/2022,16:00,9.316
04/06/2022,17:00,8.278
04/06/2022,18:00,9.788
04/06/2022,19:00,11.368
04/06/2022,20:00,11.745
04/06/2022,21:00,10.448
04/06/2022,22:00,11.462
04/06/2022,23:00,7.807
04/06/2022,24:00:00,7.429
05/06/2022,01:00,6.958
05/06/2022,02:00,6.934
05/06/2022,03:00,6.439
05/06/2022,04:00,6.344
05/06/2022,05:00,6.274
05/06/2022,06:00,6.226
05/06/2022,07:00,6.863
05/06/2022,08:00,7.382
05/06/2022,09:00,6.627
05/06/2022,10:00,5.873
05/06/2022,11:00,5.637
05/06/2022,12:00,5.613
05/06/2022,13:00,5.259
05/06/2022,14:00,6.792
05/06/2022,15:00,6.792
05/06/2022,16:00,6.533
05/06/2022,17:00,6.368
05/06/2022,18:00,6.132
05/06/2022,19:00,5.991
05/06/2022,20:00,5.873
05/06/2022,21:00,5
05/06/2022,22:00,4.599
05/06/2022,23:00,5
05/06/2022,24:00:00,4.127
06/06/2022,01:00,3.703
06/06/2022,02:00,3.986
06/06/2022,03:00,3.962
06/06/2022,04:00,3.585
06/06/2022,05:00,3.561
06/06/2022,06:00,5.66
06/06/2022,07:00,5.708
06/06/2022,08:00,4.033
06/06/2022,09:00,4.434
06/06/2022,10:00,3.962
06/06/2022,11:00,4.953
06/06/2022,12:00,5.778
06/06/2022,13:00,6.415
06/06/2022,14:00,7.028
06/06/2022,15:00,7.547
06/06/2022,16:00,6.91
06/06/2022,17:00,7.264
06/06/2022,18:00,6.958
06/06/2022,19:00,7.193
06/06/2022,20:00,7.146
06/06/2022,21:00,9.009
06/06/2022,22:00,9.458
06/06/2022,23:00,14.693
06/06/2022,24:00:00,14.458
07/06/2022,01:00,14.505
07/06/2022,02:00,17.123
07/06/2022,03:00,15.236
07/06/2022,04:00,14.269
07/06/2022,05:00,16.816
07/06/2022,06:00,11.651
07/06/2022,07:00,7.146
07/06/2022,08:00,5.542
07/06/2022,09:00,6.132
07/06/2022,10:00,6.58
07/06/2022,11:00,7.925
07/06/2022,12:00,7.406
07/06/2022,13:00,5.613
07/06/2022,14:00,4.859
07/06/2022,15:00,6.014
07/06/2022,16:00,6.109
07/06/2022,17:00,6.392
07/06/2022,18:00,6.533
07/06/2022,19:00,6.863
07/06/2022,20:00,10
07/06/2022,21:00,10.684
07/06/2022,22:00,10.377
07/06/2022,23:00,9.741
07/06/2022,24:00:00,9.293
08/06/2022,01:00,9.198
08/06/2022,02:00,10.59
08/06/2022,03:00,10.236
08/06/2022,04:00,7.5
08/06/2022,05:00,4.859
08/06/2022,06:00,6.557
08/06/2022,07:00,3.396
08/06/2022,08:00,2.028
08/06/2022,09:00,2.17
08/06/2022,10:00,1.769
08/06/2022,11:00,1.934
08/06/2022,12:00,2.193
08/06/2022,13:00,2.547
08/06/2022,14:00,2.099
08/06/2022,15:00,1.934
08/06/2022,16:00,2.594
08/06/2022,17:00,1.887
08/06/2022,18:00,2.359
08/06/2022,19:00,2.217
08/06/2022,20:00,3.066
08/06/2022,21:00,3.255
08/06/2022,22:00,3.443
08/06/2022,23:00,3.75
08/06/2022,24:00:00,4.458
09/06/2022,01:00,5.212
09/06/2022,02:00,5.448
09/06/2022,03:00,5.566
09/06/2022,04:00,5.566
09/06/2022,05:00,5.566
09/06/2022,06:00,5.613
09/06/2022,07:00,5.92
09/06/2022,08:00,5.236
09/06/2022,09:00,5.212
09/06/2022,10:00,4.788
09/06/2022,11:00,5.189
09/06/2022,12:00,4.788
09/06/2022,13:00,6.344
09/06/2022,14:00,4.646
09/06/2022,15:00,3.113
09/06/2022,16:00,3.868
09/06/2022,17:00,6.863
09/06/2022,18:00,6.745
09/06/2022,19:00,7.288
09/06/2022,20:00,6.981
09/06/2022,21:00,4.104
09/06/2022,22:00,3.609
09/06/2022,23:00,3.538
09/06/2022,24:00:00,4.67
10/06/2022,01:00,6.109
10/06/2022,02:00,8.349
10/06/2022,03:00,9.222
10/06/2022,04:00,9.434
10/06/2022,05:00,9.363
10/06/2022,06:00,9.788
10/06/2022,07:00,10.024
10/06/2022,08:00,10.047
10/06/2022,09:00,10.142
10/06/2022,10:00,9.599
10/06/2022,11:00,9.811
10/06/2022,12:00,9.741
10/06/2022,13:00,8.443
10/06/2022,14:00,8.019
10/06/2022,15:00,7.571
10/06/2022,16:00,7.241
10/06/2022,17:00,7.288
10/06/2022,18:00,6.816
10/06/2022,19:00,7.689
10/06/2022,20:00,7.076
10/06/2022,21:00,6.486
10/06/2022,22:00,7.217
10/06/2022,23:00,7.665
10/06/2022,24:00:00,7.146
11/06/2022,01:00,7.406
11/06/2022,02:00,7.5
11/06/2022,03:00,7.429
11/06/2022,04:00,7.193
11/06/2022,05:00,6.792
11/06/2022,06:00,6.769
11/06/2022,07:00,6.722
11/06/2022,08:00,6.958
11/06/2022,09:00,6.958
11/06/2022,10:00,7.005
11/06/2022,11:00,7.123
11/06/2022,12:00,5.519
11/06/2022,13:00,5.283
11/06/2022,14:00,6.297
11/06/2022,15:00,3.821
11/06/2022,16:00,4.127
11/06/2022,17:00,4.08
11/06/2022,18:00,3.821
11/06/2022,19:00,4.033
11/06/2022,20:00,4.41
11/06/2022,21:00,5.802
11/06/2022,22:00,6.533
11/06/2022,23:00,6.84
11/06/2022,24:00:00,6.792
12/06/2022,01:00,6.651
12/06/2022,02:00,6.769
12/06/2022,03:00,6.58
12/06/2022,04:00,6.698
12/06/2022,05:00,6.934
12/06/2022,06:00,7.311
12/06/2022,07:00,7.948
12/06/2022,08:00,7.571
12/06/2022,09:00,7.311
12/06/2022,10:00,6.792
12/06/2022,11:00,6.392
12/06/2022,12:00,4.811
12/06/2022,13:00,4.387
12/06/2022,14:00,4.198
12/06/2022,15:00,4.552
12/06/2022,16:00,3.396
12/06/2022,17:00,4.693
12/06/2022,18:00,4.009
12/06/2022,19:00,4.009
12/06/2022,20:00,3.585
12/06/2022,21:00,2.901
12/06/2022,22:00,2.712
12/06/2022,23:00,2.453
12/06/2022,24:00:00,2.83
13/06/2022,01:00,2.901
13/06/2022,02:00,2.83
13/06/2022,03:00,2.925
13/06/2022,04:00,3.113
13/06/2022,05:00,3.184
13/06/2022,06:00,3.184
13/06/2022,07:00,3.325
13/06/2022,08:00,3.679
13/06/2022,09:00,3.75
13/06/2022,10:00,2.854
13/06/2022,11:00,3.443
13/06/2022,12:00,4.363
13/06/2022,13:00,4.34
13/06/2022,14:00,4.292
13/06/2022,15:00,4.458
13/06/2022,16:00,4.623
13/06/2022,17:00,4.34
13/06/2022,18:00,4.269
13/06/2022,19:00,4.835
13/06/2022,20:00,5.425
13/06/2022,21:00,5.542
13/06/2022,22:00,5.613
13/06/2022,23:00,6.061
13/06/2022,24:00:00,5.542
14/06/2022,01:00,5.613
14/06/2022,02:00,4.552
14/06/2022,03:00,4.009
14/06/2022,04:00,4.127
14/06/2022,05:00,6.132
14/06/2022,06:00,8.703
14/06/2022,07:00,8.656
14/06/2022,08:00,10.259
14/06/2022,09:00,6.061
14/06/2022,10:00,5.189
14/06/2022,11:00,6.344
14/06/2022,12:00,6.675
14/06/2022,13:00,6.745
14/06/2022,14:00,6.627
14/06/2022,15:00,6.368
14/06/2022,16:00,5.024
14/06/2022,17:00,5.259
14/06/2022,18:00,5.826
14/06/2022,19:00,6.651
14/06/2022,20:00,11.297
14/06/2022,21:00,11.981
14/06/2022,22:00,10.189
14/06/2022,23:00,16.651
14/06/2022,24:00:00,16.651
15/06/2022,01:00,9.34
15/06/2022,02:00,8.137
15/06/2022,03:00,7.854
15/06/2022,04:00,9.009
15/06/2022,05:00,9.693
15/06/2022,06:00,11.462
15/06/2022,07:00,13.16
15/06/2022,08:00,16.745
15/06/2022,09:00,16.981
15/06/2022,10:00,14.293
15/06/2022,11:00,10.377
15/06/2022,12:00,8.656
15/06/2022,13:00,7.83
15/06/2022,14:00,7.948
15/06/2022,15:00,7.359
15/06/2022,16:00,7.146
15/06/2022,17:00,7.076
15/06/2022,18:00,7.618
15/06/2022,19:00,8.373
15/06/2022,20:00,9.009
15/06/2022,21:00,8.231
15/06/2022,22:00,12.642
15/06/2022,23:00,12.972
15/06/2022,24:00:00,11.793
16/06/2022,01:00,10.873
16/06/2022,02:00,8.561
16/06/2022,03:00,11.25
16/06/2022,04:00,10.849
16/06/2022,05:00,7.406
16/06/2022,06:00,5.778
16/06/2022,07:00,5.495
16/06/2022,08:00,6.675
16/06/2022,09:00,6.038
16/06/2022,10:00,4.741
16/06/2022,11:00,4.292
16/06/2022,12:00,3.538
16/06/2022,13:00,3.066
16/06/2022,14:00,2.877
16/06/2022,15:00,6.981
16/06/2022,16:00,3.302
16/06/2022,17:00,4.198
16/06/2022,18:00,3.609
16/06/2022,19:00,3.491
16/06/2022,20:00,4.41
16/06/2022,21:00,10.896
16/06/2022,22:00,8.184
16/06/2022,23:00,6.109
16/06/2022,24:00:00,5.024
17/06/2022,01:00,5.024
17/06/2022,02:00,5.024
17/06/2022,03:00,4.481
17/06/2022,04:00,4.859
17/06/2022,05:00,9.033
17/06/2022,06:00,8.632
17/06/2022,07:00,6.486
17/06/2022,08:00,5.66
17/06/2022,09:00,9.976
17/06/2022,10:00,6.203
17/06/2022,11:00,14.623
17/06/2022,12:00,11.274
17/06/2022,13:00,12.335
17/06/2022,14:00,11.84
17/06/2022,15:00,13.939
17/06/2022,16:00,14.175
17/06/2022,17:00,12.028
17/06/2022,18:00,9.41
17/06/2022,19:00,7.359
17/06/2022,20:00,6.014
17/06/2022,21:00,4.033
17/06/2022,22:00,3.75
17/06/2022,23:00,3.278
17/06/2022,24:00:00,3.137
18/06/2022,01:00,2.783
18/06/2022,02:00,1.415
18/06/2022,03:00,3.113
18/06/2022,04:00,4.316
18/06/2022,05:00,5.448
18/06/2022,06:00,6.132
18/06/2022,07:00,6.226
18/06/2022,08:00,4.953
18/06/2022,09:00,4.575
18/06/2022,10:00,4.788
18/06/2022,11:00,4.245
18/06/2022,12:00,4.929
18/06/2022,13:00,5.849
18/06/2022,14:00,6.156
18/06/2022,15:00,6.816
18/06/2022,16:00,6.627
18/06/2022,17:00,7.17
18/06/2022,18:00,8.09
18/06/2022,19:00,7.453
18/06/2022,20:00,7.594
18/06/2022,21:00,6.557
18/06/2022,22:00,6.061
18/06/2022,23:00,5.778
18/06/2022,24:00:00,5.307
19/06/2022,01:00,4.788
19/06/2022,02:00,5
19/06/2022,03:00,4.481
19/06/2022,04:00,5.66
19/06/2022,05:00,4.693
19/06/2022,06:00,3.679
19/06/2022,07:00,2.783
19/06/2022,08:00,2.736
19/06/2022,09:00,2.83
19/06/2022,10:00,2.429
19/06/2022,11:00,5.519
19/06/2022,12:00,7.241
19/06/2022,13:00,6.84
19/06/2022,14:00,6.698
19/06/2022,15:00,7.854
19/06/2022,16:00,5.542
19/06/2022,17:00,5.472
19/06/2022,18:00,7.807
19/06/2022,19:00,7.429
19/06/2022,20:00,5.212
19/06/2022,21:00,5.189
19/06/2022,22:00,3.42
19/06/2022,23:00,5.236
19/06/2022,24:00:00,5.896
20/06/2022,01:00,4.316
20/06/2022,02:00,3.868
20/06/2022,03:00,3.986
20/06/2022,04:00,4.363
20/06/2022,05:00,4.67
20/06/2022,06:00,4.882
20/06/2022,07:00,4.481
20/06/2022,08:00,4.387
20/06/2022,09:00,3.939
20/06/2022,10:00,4.198
20/06/2022,11:00,4.34
20/06/2022,12:00,4.67
20/06/2022,13:00,5.047
20/06/2022,14:00,4.552
20/06/2022,15:00,4.104
20/06/2022,16:00,3.16
20/06/2022,17:00,3.774
20/06/2022,18:00,5.377
20/06/2022,19:00,6.132
20/06/2022,20:00,5.66
20/06/2022,21:00,5.66
20/06/2022,22:00,5.542
20/06/2022,23:00,4.906
20/06/2022,24:00:00,5.047
21/06/2022,01:00,7.264
21/06/2022,02:00,11.84
21/06/2022,03:00,7.17
21/06/2022,04:00,6.085
21/06/2022,05:00,6.792
21/06/2022,06:00,8.726
21/06/2022,07:00,14.34
21/06/2022,08:00,9.976
21/06/2022,09:00,6.179
21/06/2022,10:00,6.25
21/06/2022,11:00,5.377
21/06/2022,12:00,5.071
21/06/2022,13:00,5.259
21/06/2022,14:00,5.189
21/06/2022,15:00,5.024
21/06/2022,16:00,5.307
21/06/2022,17:00,5.425
21/06/2022,18:00,6.109
21/06/2022,19:00,6.509
21/06/2022,20:00,5.826
21/06/2022,21:00,7.901
21/06/2022,22:00,6.792
21/06/2022,23:00,13.019
21/06/2022,24:00:00,9.67
22/06/2022,01:00,10.024
22/06/2022,02:00,10.66
22/06/2022,03:00,8.396
22/06/2022,04:00,9.599
22/06/2022,05:00,13.066
22/06/2022,06:00,11.179
22/06/2022,07:00,9.528
22/06/2022,08:00,8.844
22/06/2022,09:00,6.745
22/06/2022,10:00,5.142
22/06/2022,11:00,3.703
22/06/2022,12:00,3.609
22/06/2022,13:00,4.41
22/06/2022,14:00,4.764
22/06/2022,15:00,4.151
22/06/2022,16:00,3.585
22/06/2022,17:00,3.538
22/06/2022,18:00,3.609
22/06/2022,19:00,3.538
22/06/2022,20:00,4.245
22/06/2022,21:00,6.675
22/06/2022,22:00,5.024
22/06/2022,23:00,4.387
22/06/2022,24:00:00,9.976
23/06/2022,01:00,15.071
23/06/2022,02:00,7.925
23/06/2022,03:00,6.486
23/06/2022,04:00,9.741
23/06/2022,05:00,8.443
23/06/2022,06:00,13.373
23/06/2022,07:00,10.849
23/06/2022,08:00,6.25
23/06/2022,09:00,7.359
23/06/2022,10:00,7.995
23/06/2022,11:00,6.887
23/06/2022,12:00,6.627
23/06/2022,13:00,6.014
23/06/2022,14:00,5.991
23/06/2022,15:00,5.802
23/06/2022,16:00,4.363
23/06/2022,17:00,4.458
23/06/2022,18:00,3.844
23/06/2022,19:00,4.528
23/06/2022,20:00,7.877
23/06/2022,21:00,8.278
23/06/2022,22:00,8.797
23/06/2022,23:00,6.132
23/06/2022,24:00:00,6.368
24/06/2022,01:00,6.981
24/06/2022,02:00,8.774
24/06/2022,03:00,8.774
24/06/2022,04:00,9.576
24/06/2022,05:00,10.236
24/06/2022,06:00,18.184
24/06/2022,07:00,15.543
24/06/2022,08:00,15.755
24/06/2022,09:00,14.741
24/06/2022,10:00,16.816
24/06/2022,11:00,17.17
24/06/2022,12:00,22.193
24/06/2022,13:00,20.684
24/06/2022,14:00,15.66
24/06/2022,15:00,12.288
24/06/2022,16:00,7.5
24/06/2022,17:00,5.943
24/06/2022,18:00,5
24/06/2022,19:00,5.755
24/06/2022,20:00,8.75
24/06/2022,21:00,6.934
24/06/2022,22:00,4.245
24/06/2022,23:00,3.42
24/06/2022,24:00:00,3.467
25/06/2022,01:00,2.948
25/06/2022,02:00,2.288
25/06/2022,03:00,2.925
25/06/2022,04:00,3.184
25/06/2022,05:00,3.349
25/06/2022,06:00,3.373
25/06/2022,07:00,3.797
25/06/2022,08:00,4.434
25/06/2022,09:00,4.175
25/06/2022,10:00,4.528
25/06/2022,11:00,4.245
25/06/2022,12:00,5.189
25/06/2022,13:00,5.259
25/06/2022,14:00,3.726
25/06/2022,15:00,4.434
25/06/2022,16:00,4.104
25/06/2022,17:00,3.561
25/06/2022,18:00,4.481
25/06/2022,19:00,3.278
25/06/2022,20:00,5.66
25/06/2022,21:00,8.75
25/06/2022,22:00,4.458
25/06/2022,23:00,5.094
25/06/2022,24:00:00,3.231
26/06/2022,01:00,3.255
26/06/2022,02:00,3.844
26/06/2022,03:00,3.726
26/06/2022,04:00,3.868
26/06/2022,05:00,4.764
26/06/2022,06:00,4.387
26/06/2022,07:00,4.434
26/06/2022,08:00,4.434
26/06/2022,09:00,4.127
26/06/2022,10:00,4.363
26/06/2022,11:00,4.316
26/06/2022,12:00,4.387
26/06/2022,13:00,4.575
26/06/2022,14:00,4.481
26/06/2022,15:00,4.788
26/06/2022,16:00,3.821
26/06/2022,17:00,4.387
26/06/2022,18:00,3.986
26/06/2022,19:00,4.552
26/06/2022,20:00,4.859
26/06/2022,21:00,4.976
26/06/2022,22:00,6.132
26/06/2022,23:00,6.25
26/06/2022,24:00:00,5.708
27/06/2022,01:00,5.59
27/06/2022,02:00,5.542
27/06/2022,03:00,4.906
27/06/2022,04:00,4.976
27/06/2022,05:00,5.118
27/06/2022,06:00,4.976
27/06/2022,07:00,4.976
27/06/2022,08:00,4.458
27/06/2022,09:00,3.16
27/06/2022,10:00,2.453
27/06/2022,11:00,4.127
27/06/2022,12:00,4.033
27/06/2022,13:00,3.892
27/06/2022,14:00,3.774
27/06/2022,15:00,4.623
27/06/2022,16:00,4.316
27/06/2022,17:00,4.717
27/06/2022,18:00,3.939
27/06/2022,19:00,3.726
27/06/2022,20:00,3.396
27/06/2022,21:00,3.561
27/06/2022,22:00,7.406
27/06/2022,23:00,6.557
27/06/2022,24:00:00,4.741
28/06/2022,01:00,3.868
28/06/2022,02:00,3.962
28/06/2022,03:00,4.599
28/06/2022,04:00,4.835
28/06/2022,05:00,6.085
28/06/2022,06:00,10.047
28/06/2022,07:00,7.406
28/06/2022,08:00,6.014
28/06/2022,09:00,6.863
28/06/2022,10:00,6.627
28/06/2022,11:00,6.297
28/06/2022,12:00,6.274
28/06/2022,13:00,5.967
28/06/2022,14:00,5.802
28/06/2022,15:00,5.354
28/06/2022,16:00,5.118
28/06/2022,17:00,5.071
28/06/2022,18:00,5.071
28/06/2022,19:00,5.118
28/06/2022,20:00,4.835
28/06/2022,21:00,4.222
28/06/2022,22:00,5.401
28/06/2022,23:00,5.613
28/06/2022,24:00:00,6.368
29/06/2022,01:00,5.071
29/06/2022,02:00,5.826
29/06/2022,03:00,3.868
29/06/2022,04:00,4.292
29/06/2022,05:00,4.34
29/06/2022,06:00,6.439
29/06/2022,07:00,7.877
29/06/2022,08:00,4.222
29/06/2022,09:00,4.222
29/06/2022,10:00,3.986
29/06/2022,11:00,4.552
29/06/2022,12:00,4.505
29/06/2022,13:00,4.175
29/06/2022,14:00,4.458
29/06/2022,15:00,4.528
29/06/2022,16:00,4.458
29/06/2022,17:00,3.396
29/06/2022,18:00,2.877
29/06/2022,19:00,2.335
29/06/2022,20:00,2.689
29/06/2022,21:00,2.382
29/06/2022,22:00,2.429
29/06/2022,23:00,2.925
29/06/2022,24:00:00,2.689
30/06/2022,01:00,3.255
30/06/2022,02:00,3.208
30/06/2022,03:00,4.505
30/06/2022,04:00,3.609
30/06/2022,05:00,5.024
30/06/2022,06:00,4.528
30/06/2022,07:00,4.505
30/06/2022,08:00,7.83
30/06/2022,09:00,4.976
30/06/2022,10:00,3.679
30/06/2022,11:00,2.524
30/06/2022,12:00,2.311
30/06/2022,13:00,2.877
30/06/2022,14:00,2.406
30/06/2022,15:00,2.783
30/06/2022,16:00,2.948
30/06/2022,17:00,4.104
30/06/2022,18:00,7.028
30/06/2022,19:00,5.283
30/06/2022,20:00,4.009
30/06/2022,21:00,3.726
30/06/2022,22:00,1.934
30/06/2022,23:00,1.651
30/06/2022,24:00:00,3.915
01/07/2022,01:00,6.627
01/07/2022,02:00,3.137
01/07/2022,03:00,3.467
01/07/2022,04:00,8.774
01/07/2022,05:00,5.755
01/07/2022,06:00,9.835
01/07/2022,07:00,6.722
01/07/2022,08:00,5.519
01/07/2022,09:00,5.212
01/07/2022,10:00,4.222
01/07/2022,11:00,5.849
01/07/2022,12:00,3.892
01/07/2022,13:00,3.679
01/07/2022,14:00,4.009
01/07/2022,15:00,3.208
01/07/2022,16:00,3.42
01/07/2022,17:00,3.042
01/07/2022,18:00,2.571
01/07/2022,19:00,2.665
01/07/2022,20:00,2.335
01/07/2022,21:00,1.863
01/07/2022,22:00,1.792
01/07/2022,23:00,1.84
01/07/2022,24:00:00,2.217
02/07/2022,01:00,3.042
02/07/2022,02:00,3.184
02/07/2022,03:00,2.476
02/07/2022,04:00,6.392
02/07/2022,05:00,4.458
02/07/2022,06:00,4.599
02/07/2022,07:00,3.75
02/07/2022,08:00,2.429
02/07/2022,09:00,0.967
02/07/2022,10:00,1.486
02/07/2022,11:00,2.547
02/07/2022,12:00,2.524
02/07/2022,13:00,2.382
02/07/2022,14:00,2.17
02/07/2022,15:00,2.005
02/07/2022,16:00,2.099
02/07/2022,17:00,2.17
02/07/2022,18:00,2.5
02/07/2022,19:00,2.241
02/07/2022,20:00,2.901
02/07/2022,21:00,3.585
02/07/2022,22:00,4.528
02/07/2022,23:00,5.259
02/07/2022,24:00:00,3.137
03/07/2022,01:00,2.689
03/07/2022,02:00,4.693
03/07/2022,03:00,3.349
03/07/2022,04:00,2.877
03/07/2022,05:00,2.83
03/07/2022,06:00,3.278
03/07/2022,07:00,4.575
03/07/2022,08:00,7.642
03/07/2022,09:00,5.377
03/07/2022,10:00,3.113
03/07/2022,11:00,2.429
03/07/2022,12:00,2.453
03/07/2022,13:00,2.241
03/07/2022,14:00,2.288
03/07/2022,15:00,1.792
03/07/2022,16:00,1.816
03/07/2022,17:00,1.981
03/07/2022,18:00,2.241
03/07/2022,19:00,2.453
03/07/2022,20:00,2.665
03/07/2022,21:00,3.679
03/07/2022,22:00,2.995
03/07/2022,23:00,2.288
03/07/2022,24:00:00,2.524
04/07/2022,01:00,2.524
04/07/2022,02:00,2.429
04/07/2022,03:00,3.231
04/07/2022,04:00,2.83
04/07/2022,05:00,3.632
04/07/2022,06:00,3.467
04/07/2022,07:00,3.137
04/07/2022,08:00,2.075
04/07/2022,09:00,1.958
04/07/2022,10:00,2.005
04/07/2022,11:00,2.476
04/07/2022,12:00,2.382
04/07/2022,13:00,2.406
04/07/2022,14:00,2.453
04/07/2022,15:00,2.571
04/07/2022,16:00,2.972
04/07/2022,17:00,2.547
04/07/2022,18:00,2.689
04/07/2022,19:00,3.042
04/07/2022,20:00,3.42
04/07/2022,21:00,3.514
04/07/2022,22:00,3.609
04/07/2022,23:00,3.349
04/07/2022,24:00:00,2.995
05/07/2022,01:00,3.349
05/07/2022,02:00,3.774
05/07/2022,03:00,3.113
05/07/2022,04:00,2.877
05/07/2022,05:00,3.208
05/07/2022,06:00,3.679
05/07/2022,07:00,3.491
05/07/2022,08:00,3.892
05/07/2022,09:00,4.009
05/07/2022,10:00,3.325
05/07/2022,11:00,2.17
05/07/2022,12:00,2.146
05/07/2022,13:00,2.476
05/07/2022,14:00,2.995
05/07/2022,15:00,2.689
05/07/2022,16:00,3.019
05/07/2022,17:00,3.726
05/07/2022,18:00,3.703
05/07/2022,19:00,2.736
05/07/2022,20:00,3.656
05/07/2022,21:00,4.859
05/07/2022,22:00,5.259
05/07/2022,23:00,4.528
05/07/2022,24:00:00,4.599
06/07/2022,01:00,3.797
06/07/2022,02:00,2.925
06/07/2022,03:00,1.297
06/07/2022,04:00,1.321
06/07/2022,05:00,1.981
06/07/2022,06:00,2.618
06/07/2022,07:00,2.854
06/07/2022,08:00,2.736
06/07/2022,09:00,1.604
06/07/2022,10:00,1.109
06/07/2022,11:00,2.193
06/07/2022,12:00,3.561
06/07/2022,13:00,4.481
06/07/2022,14:00,3.255
06/07/2022,15:00,2.382
06/07/2022,16:00,3.019
06/07/2022,17:00,2.689
06/07/2022,18:00,2.783
06/07/2022,19:00,3.066
06/07/2022,20:00,1.958
06/07/2022,21:00,2.995
06/07/2022,22:00,2.311
06/07/2022,23:00,2.689
06/07/2022,24:00:00,3.09
07/07/2022,01:00,2.524
07/07/2022,02:00,2.052
07/07/2022,03:00,1.934
07/07/2022,04:00,2.005
07/07/2022,05:00,1.981
07/07/2022,06:00,2.099
07/07/2022,07:00,1.745
07/07/2022,08:00,1.792
07/07/2022,09:00,1.792
07/07/2022,10:00,1.745
07/07/2022,11:00,1.863
07/07/2022,12:00,2.028
07/07/2022,13:00,2.052
07/07/2022,14:00,1.934
07/07/2022,15:00,2.618
07/07/2022,16:00,3.113
07/07/2022,17:00,3.656
07/07/2022,18:00,4.316
07/07/2022,19:00,4.269
07/07/2022,20:00,4.08
07/07/2022,21:00,3.231
07/07/2022,22:00,3.09
07/07/2022,23:00,3.467
07/07/2022,24:00:00,2.736
08/07/2022,01:00,2.83
08/07/2022,02:00,2.689
08/07/2022,03:00,2.217
08/07/2022,04:00,2.689
08/07/2022,05:00,3.868
08/07/2022,06:00,4.292
08/07/2022,07:00,4.08
08/07/2022,08:00,2.901
08/07/2022,09:00,3.113
08/07/2022,10:00,2.406
08/07/2022,11:00,2.476
08/07/2022,12:00,3.09
08/07/2022,13:00,3.585
08/07/2022,14:00,3.75
08/07/2022,15:00,3.16
08/07/2022,16:00,3.679
08/07/2022,17:00,3.349
08/07/2022,18:00,2.5
08/07/2022,19:00,2.453
08/07/2022,20:00,2.712
08/07/2022,21:00,2.5
08/07/2022,22:00,3.231
08/07/2022,23:00,3.679
08/07/2022,24:00:00,4.316
09/07/2022,01:00,3.986
09/07/2022,02:00,3.443
09/07/2022,03:00,1.486
09/07/2022,04:00,0.873
09/07/2022,05:00,0.519
09/07/2022,06:00,0.566
09/07/2022,07:00,0.708
09/07/2022,08:00,0.991
09/07/2022,09:00,1.25
09/07/2022,10:00,1.368
09/07/2022,11:00,1.533
09/07/2022,12:00,1.58
09/07/2022,13:00,1.816
09/07/2022,14:00,2.146
09/07/2022,15:00,2.571
09/07/2022,16:00,2.995
09/07/2022,17:00,3.349
09/07/2022,18:00,3.632
09/07/2022,19:00,3.42
09/07/2022,20:00,3.703
09/07/2022,21:00,3.609
09/07/2022,22:00,3.632
09/07/2022,23:00,4.198
09/07/2022,24:00:00,3.538
10/07/2022,01:00,3.42
10/07/2022,02:00,3.467
10/07/2022,03:00,3.113
10/07/2022,04:00,2.83
10/07/2022,05:00,3.396
10/07/2022,06:00,3.019
10/07/2022,07:00,2.5
10/07/2022,08:00,2.005
10/07/2022,09:00,1.627
10/07/2022,10:00,1.344
10/07/2022,11:00,1.132
10/07/2022,12:00,1.085
10/07/2022,13:00,1.392
10/07/2022,14:00,1.792
10/07/2022,15:00,1.651
10/07/2022,16:00,1.675
10/07/2022,17:00,1.698
10/07/2022,18:00,1.816
10/07/2022,19:00,1.651
10/07/2022,20:00,1.934
10/07/2022,21:00,2.052
10/07/2022,22:00,2.123
10/07/2022,23:00,2.17
10/07/2022,24:00:00,3.962
11/07/2022,01:00,4.646
11/07/2022,02:00,2.665
11/07/2022,03:00,3.797
11/07/2022,04:00,2.429
11/07/2022,05:00,2.689
11/07/2022,06:00,4.222
11/07/2022,07:00,6.651
11/07/2022,08:00,7.5
11/07/2022,09:00,4.127
11/07/2022,10:00,3.679
11/07/2022,11:00,2.571
11/07/2022,12:00,2.311
11/07/2022,13:00,2.642
11/07/2022,14:00,3.184
11/07/2022,15:00,3.231
11/07/2022,16:00,3.609
11/07/2022,17:00,4.481
11/07/2022,18:00,4.387
11/07/2022,19:00,3.821
11/07/2022,20:00,4.104
11/07/2022,21:00,4.788
11/07/2022,22:00,5.519
11/07/2022,23:00,4.929
11/07/2022,24:00:00,4.387
12/07/2022,01:00,4.575
12/07/2022,02:00,4.693
12/07/2022,03:00,4.599
12/07/2022,04:00,4.505
12/07/2022,05:00,4.175
12/07/2022,06:00,4.693
12/07/2022,07:00,6.981
12/07/2022,08:00,5.212
12/07/2022,09:00,6.274
12/07/2022,10:00,6.392
12/07/2022,11:00,6.675
12/07/2022,12:00,5.425
12/07/2022,13:00,4.976
12/07/2022,14:00,3.939
12/07/2022,15:00,4.292
12/07/2022,16:00,3.609
12/07/2022,17:00,3.585
12/07/2022,18:00,3.868
12/07/2022,19:00,3.868
12/07/2022,20:00,4.245
12/07/2022,21:00,5.401
12/07/2022,22:00,9.222
12/07/2022,23:00,8.467
12/07/2022,24:00:00,7.948
13/07/2022,01:00,5.92
13/07/2022,02:00,5.307
13/07/2022,03:00,5.519
13/07/2022,04:00,6.109
13/07/2022,05:00,6.038
13/07/2022,06:00,4.599
13/07/2022,07:00,4.788
13/07/2022,08:00,3.208
13/07/2022,09:00,2.689
13/07/2022,10:00,3.373
13/07/2022,11:00,3.491
13/07/2022,12:00,4.41
13/07/2022,13:00,5.377
13/07/2022,14:00,5.472
13/07/2022,15:00,5.259
13/07/2022,16:00,3.939
13/07/2022,17:00,3.609
13/07/2022,18:00,6.085
13/07/2022,19:00,5.873
13/07/2022,20:00,5.755
13/07/2022,21:00,3.467
13/07/2022,22:00,3.302
13/07/2022,23:00,3.443
13/07/2022,24:00:00,3.679
14/07/2022,01:00,3.892
14/07/2022,02:00,3.491
14/07/2022,03:00,3.962
14/07/2022,04:00,3.491
14/07/2022,05:00,3.774
14/07/2022,06:00,7.995
14/07/2022,07:00,5.047
14/07/2022,08:00,5.165
14/07/2022,09:00,5.142
14/07/2022,10:00,4.717
14/07/2022,11:00,2.948
14/07/2022,12:00,2.736
14/07/2022,13:00,2.759
14/07/2022,14:00,2.5
14/07/2022,15:00,2.476
14/07/2022,16:00,2.476
14/07/2022,17:00,2.783
14/07/2022,18:00,2.288
14/07/2022,19:00,2.5
14/07/2022,20:00,2.901
14/07/2022,21:00,3.137
14/07/2022,22:00,3.278
14/07/2022,23:00,3.844
14/07/2022,24:00:00,3.278
15/07/2022,01:00,3.042
15/07/2022,02:00,3.396
15/07/2022,03:00,3.821
15/07/2022,04:00,4.67
15/07/2022,05:00,4.67
15/07/2022,06:00,8.231
15/07/2022,07:00,5.566
15/07/2022,08:00,5.094
15/07/2022,09:00,6.722
15/07/2022,10:00,6.132
15/07/2022,11:00,4.976
15/07/2022,12:00,4.316
15/07/2022,13:00,3.868
15/07/2022,14:00,3.797
15/07/2022,15:00,3.962
15/07/2022,16:00,3.561
15/07/2022,17:00,2.712
15/07/2022,18:00,2.83
15/07/2022,19:00,2.736
15/07/2022,20:00,2.571
15/07/2022,21:00,2.594
15/07/2022,22:00,2.783
15/07/2022,23:00,2.453
15/07/2022,24:00:00,7.807
16/07/2022,01:00,8.986
16/07/2022,02:00,2.689
16/07/2022,03:00,3.797
16/07/2022,04:00,3.939
16/07/2022,05:00,4.623
16/07/2022,06:00,3.915
16/07/2022,07:00,3.632
16/07/2022,08:00,2.783
16/07/2022,09:00,2.901
16/07/2022,10:00,3.609
16/07/2022,11:00,2.925
16/07/2022,12:00,3.208
16/07/2022,13:00,3.042
16/07/2022,14:00,3.373
16/07/2022,15:00,3.75
16/07/2022,16:00,5.307
16/07/2022,17:00,5.566
16/07/2022,18:00,7.146
16/07/2022,19:00,8.443
16/07/2022,20:00,9.741
16/07/2022,21:00,12.028
16/07/2022,22:00,14.057
16/07/2022,23:00,14.717
16/07/2022,24:00:00,14.599
17/07/2022,01:00,13.986
17/07/2022,02:00,12.288
17/07/2022,03:00,12.995
17/07/2022,04:00,14.764
17/07/2022,05:00,14.953
17/07/2022,06:00,15.165
17/07/2022,07:00,14.811
17/07/2022,08:00,15.236
17/07/2022,09:00,10.991
17/07/2022,10:00,9.835
17/07/2022,11:00,9.41
17/07/2022,12:00,8.844
17/07/2022,13:00,8.585
17/07/2022,14:00,8.656
17/07/2022,15:00,7.712
17/07/2022,16:00,6.25
17/07/2022,17:00,10.165
17/07/2022,18:00,5.071
17/07/2022,19:00,4.859
17/07/2022,20:00,4.929
17/07/2022,21:00,5.802
17/07/2022,22:00,6.392
17/07/2022,23:00,5.401
17/07/2022,24:00:00,4.906
18/07/2022,01:00,5
18/07/2022,02:00,5.165
18/07/2022,03:00,5.708
18/07/2022,04:00,6.085
18/07/2022,05:00,6.675
18/07/2022,06:00,12.382
18/07/2022,07:00,12.972
18/07/2022,08:00,8.396
18/07/2022,09:00,7.17
18/07/2022,10:00,7.759
18/07/2022,11:00,5.873
18/07/2022,12:00,5.236
18/07/2022,13:00,4.363
18/07/2022,14:00,4.009
18/07/2022,15:00,5.259
18/07/2022,16:00,5.731
18/07/2022,17:00,6.109
18/07/2022,18:00,5.425
18/07/2022,19:00,4.811
18/07/2022,20:00,5.637
18/07/2022,21:00,9.505
18/07/2022,22:00,15.189
18/07/2022,23:00,12.642
18/07/2022,24:00:00,12.972
19/07/2022,01:00,14.693
19/07/2022,02:00,14.788
19/07/2022,03:00,13.278
19/07/2022,04:00,12.972
19/07/2022,05:00,12.193
19/07/2022,06:00,12.948
19/07/2022,07:00,11.462
19/07/2022,08:00,9.481
19/07/2022,09:00,11.769
19/07/2022,10:00,12.217
19/07/2022,11:00,12.476
19/07/2022,12:00,13.632
19/07/2022,13:00,16.415
19/07/2022,14:00,15.543
19/07/2022,15:00,15.519
19/07/2022,16:00,17.995
19/07/2022,17:00,19.222
19/07/2022,18:00,17.925
19/07/2022,19:00,17.712
19/07/2022,20:00,19.693
19/07/2022,21:00,21.769
19/07/2022,22:00,25.212
19/07/2022,23:00,20.425
19/07/2022,24:00:00,15.802
20/07/2022,01:00,15.896
20/07/2022,02:00,16.085
20/07/2022,03:00,15
20/07/2022,04:00,15.896
20/07/2022,05:00,19.67
20/07/2022,06:00,31.227
20/07/2022,07:00,19.717
20/07/2022,08:00,18.443
20/07/2022,09:00,17.406
20/07/2022,10:00,20.165
20/07/2022,11:00,21.816
20/07/2022,12:00,46.698
20/07/2022,13:00,73.868
20/07/2022,14:00,75.425
20/07/2022,15:00,85.189
20/07/2022,16:00,66.981
20/07/2022,17:00,54.128
20/07/2022,18:00,18.349
20/07/2022,19:00,6.038
20/07/2022,20:00,9.835
20/07/2022,21:00,12.241
20/07/2022,22:00,8.75
20/07/2022,23:00,9.269
20/07/2022,24:00:00,8.231
21/07/2022,01:00,8.208
21/07/2022,02:00,8.231
21/07/2022,03:00,7.665
21/07/2022,04:00,4.693
21/07/2022,05:00,2.995
21/07/2022,06:00,2.783
21/07/2022,07:00,2.783
21/07/2022,08:00,5
21/07/2022,09:00,4.976
21/07/2022,10:00,4.175
21/07/2022,11:00,11.274
21/07/2022,12:00,7.807
21/07/2022,13:00,5.448
21/07/2022,14:00,6.321
21/07/2022,15:00,7.972
21/07/2022,16:00,8.514
21/07/2022,17:00,9.41
21/07/2022,18:00,7.17
21/07/2022,19:00,7.311
21/07/2022,20:00,10.047
21/07/2022,21:00,8.019
21/07/2022,22:00,7.217
21/07/2022,23:00,3.042
21/07/2022,24:00:00,3.208
22/07/2022,01:00,3.278
22/07/2022,02:00,3.325
22/07/2022,03:00,3.231
22/07/2022,04:00,3.325
22/07/2022,05:00,3.396
22/07/2022,06:00,3.726
22/07/2022,07:00,4.175
22/07/2022,08:00,3.491
22/07/2022,09:00,4.175
22/07/2022,10:00,4.269
22/07/2022,11:00,3.609
22/07/2022,12:00,4.764
22/07/2022,13:00,9.741
22/07/2022,14:00,4.976
22/07/2022,15:00,5.354
22/07/2022,16:00,5.873
22/07/2022,17:00,5.708
22/07/2022,18:00,5.896
22/07/2022,19:00,5.33
22/07/2022,20:00,5.047
22/07/2022,21:00,3.538
22/07/2022,22:00,3.585
22/07/2022,23:00,4.127
22/07/2022,24:00:00,4.104
23/07/2022,01:00,4.175
23/07/2022,02:00,4.009
23/07/2022,03:00,5.118
23/07/2022,04:00,4.623
23/07/2022,05:00,4.882
23/07/2022,06:00,5.967
23/07/2022,07:00,9.222
23/07/2022,08:00,12.217
23/07/2022,09:00,12.241
23/07/2022,10:00,10.377
23/07/2022,11:00,8.514
23/07/2022,12:00,7.547
23/07/2022,13:00,5.637
23/07/2022,14:00,4.127
23/07/2022,15:00,4.458
23/07/2022,16:00,5.142
23/07/2022,17:00,4.976
23/07/2022,18:00,4.575
23/07/2022,19:00,4.104
23/07/2022,20:00,3.278
23/07/2022,21:00,3.137
23/07/2022,22:00,3.491
23/07/2022,23:00,3.939
23/07/2022,24:00:00,4.245
24/07/2022,01:00,3.986
24/07/2022,02:00,4.009
24/07/2022,03:00,4.387
24/07/2022,04:00,3.821
24/07/2022,05:00,2.689
24/07/2022,06:00,2.193
24/07/2022,07:00,1.816
24/07/2022,08:00,1.84
24/07/2022,09:00,1.698
24/07/2022,10:00,1.745
24/07/2022,11:00,1.792
24/07/2022,12:00,1.722
24/07/2022,13:00,1.745
24/07/2022,14:00,1.745
24/07/2022,15:00,2.382
24/07/2022,16:00,2.665
24/07/2022,17:00,3.467
24/07/2022,18:00,5.165
24/07/2022,19:00,5.354
24/07/2022,20:00,4.175
24/07/2022,21:00,1.675
24/07/2022,22:00,2.995
24/07/2022,23:00,3.915
24/07/2022,24:00:00,4.127
25/07/2022,01:00,4.151
25/07/2022,02:00,4.67
25/07/2022,03:00,4.033
25/07/2022,04:00,3.868
25/07/2022,05:00,3.561
25/07/2022,06:00,2.972
25/07/2022,07:00,2.925
25/07/2022,08:00,3.656
25/07/2022,09:00,5.92
25/07/2022,10:00,4.198
25/07/2022,11:00,1.934
25/07/2022,12:00,1.887
25/07/2022,13:00,2.547
25/07/2022,14:00,3.396
25/07/2022,15:00,3.609
25/07/2022,16:00,3.278
25/07/2022,17:00,3.774
25/07/2022,18:00,3.208
25/07/2022,19:00,2.288
25/07/2022,20:00,6.722
25/07/2022,21:00,3.726
25/07/2022,22:00,3.231
25/07/2022,23:00,4.552
25/07/2022,24:00:00,3.986
26/07/2022,01:00,6.557
26/07/2022,02:00,4.009
26/07/2022,03:00,4.316
26/07/2022,04:00,4.929
26/07/2022,05:00,6.274
26/07/2022,06:00,4.741
26/07/2022,07:00,4.552
26/07/2022,08:00,6.863
26/07/2022,09:00,5.778
26/07/2022,10:00,4.764
26/07/2022,11:00,3.443
26/07/2022,12:00,3.585
26/07/2022,13:00,4.104
26/07/2022,14:00,5.047
26/07/2022,15:00,4.552
26/07/2022,16:00,4.458
26/07/2022,17:00,5.118
26/07/2022,18:00,4.387
26/07/2022,19:00,4.458
26/07/2022,20:00,3.656
26/07/2022,21:00,4.269
26/07/2022,22:00,6.533
26/07/2022,23:00,5
26/07/2022,24:00:00,3.939
27/07/2022,01:00,3.325
27/07/2022,02:00,3.726
27/07/2022,03:00,3.915
27/07/2022,04:00,4.458
27/07/2022,05:00,4.835
27/07/2022,06:00,7.571
27/07/2022,07:00,8.231
27/07/2022,08:00,9.175
27/07/2022,09:00,9.764
27/07/2022,10:00,10.401
27/07/2022,11:00,8.09
27/07/2022,12:00,5.047
27/07/2022,13:00,3.915
27/07/2022,14:00,4.41
27/07/2022,15:00,4.057
27/07/2022,16:00,4.057
27/07/2022,17:00,4.481
27/07/2022,18:00,5.165
27/07/2022,19:00,5.708
27/07/2022,20:00,4.764
27/07/2022,21:00,4.198
27/07/2022,22:00,5.708
27/07/2022,23:00,5.118
27/07/2022,24:00:00,4.929
28/07/2022,01:00,4.363
28/07/2022,02:00,3.325
28/07/2022,03:00,3.561
28/07/2022,04:00,4.717
28/07/2022,05:00,6.132
28/07/2022,06:00,6.297
28/07/2022,07:00,7.17
28/07/2022,08:00,5.401
28/07/2022,09:00,6.132
28/07/2022,10:00,5.613
28/07/2022,11:00,6.014
28/07/2022,12:00,5.778
28/07/2022,13:00,4.575
28/07/2022,14:00,3.892
28/07/2022,15:00,3.892
28/07/2022,16:00,4.953
28/07/2022,17:00,5.094
28/07/2022,18:00,5.59
28/07/2022,19:00,5.542
28/07/2022,20:00,4.222
28/07/2022,21:00,3.726
28/07/2022,22:00,3.632
28/07/2022,23:00,3.09
28/07/2022,24:00:00,2.854
29/07/2022,01:00,2.807
29/07/2022,02:00,3.373
29/07/2022,03:00,3.184
29/07/2022,04:00,3.396
29/07/2022,05:00,3.703
29/07/2022,06:00,4.929
29/07/2022,07:00,3.609
29/07/2022,08:00,3.868
29/07/2022,09:00,4.599
29/07/2022,10:00,5.59
29/07/2022,11:00,4.929
29/07/2022,12:00,5
29/07/2022,13:00,4.788
29/07/2022,14:00,4.646
29/07/2022,15:00,4.623
29/07/2022,16:00,5.33
29/07/2022,17:00,6.533
29/07/2022,18:00,4.198
29/07/2022,19:00,4.41
29/07/2022,20:00,5.448
29/07/2022,21:00,5.259
29/07/2022,22:00,4.292
29/07/2022,23:00,4.552
29/07/2022,24:00:00,4.67
30/07/2022,01:00,4.222
30/07/2022,02:00,5
30/07/2022,03:00,6.769
30/07/2022,04:00,4.575
30/07/2022,05:00,5.259
30/07/2022,06:00,7.5
30/07/2022,07:00,8.75
30/07/2022,08:00,7.17
30/07/2022,09:00,4.693
30/07/2022,10:00,4.057
30/07/2022,11:00,2.689
30/07/2022,12:00,4.552
30/07/2022,13:00,3.208
30/07/2022,14:00,2.689
30/07/2022,15:00,1.816
30/07/2022,16:00,2.547
30/07/2022,17:00,2.854
30/07/2022,18:00,2.736
30/07/2022,19:00,3.16
30/07/2022,20:00,3.75
30/07/2022,21:00,3.255
30/07/2022,22:00,2.524
30/07/2022,23:00,3.373
30/07/2022,24:00:00,2.948
31/07/2022,01:00,2.877
31/07/2022,02:00,3.066
31/07/2022,03:00,3.184
31/07/2022,04:00,2.476
31/07/2022,05:00,2.146
31/07/2022,06:00,2.099
31/07/2022,07:00,1.934
31/07/2022,08:00,1.91
31/07/2022,09:00,3.255
31/07/2022,10:00,1.392
31/07/2022,11:00,2.854
31/07/2022,12:00,2.359
31/07/2022,13:00,1.627
31/07/2022,14:00,1.274
31/07/2022,15:00,1.627
31/07/2022,16:00,3.373
31/07/2022,17:00,2.335
31/07/2022,18:00,3.325
31/07/2022,19:00,3.325
31/07/2022,20:00,2.571
31/07/2022,21:00,3.703
31/07/2022,22:00,5.094
31/07/2022,23:00,3.797
31/07/2022,24:00:00,3.939
01/08/2022,01:00,4.057
01/08/2022,02:00,3.868
01/08/2022,03:00,3.75
01/08/2022,04:00,3.844
01/08/2022,05:00,3.868
01/08/2022,06:00,4.623
01/08/2022,07:00,4.151
01/08/2022,08:00,3.561
01/08/2022,09:00,3.325
01/08/2022,10:00,2.854
01/08/2022,11:00,2.948
01/08/2022,12:00,4.033
01/08/2022,13:00,3.491
01/08/2022,14:00,3.538
01/08/2022,15:00,3.42
01/08/2022,16:00,5.094
01/08/2022,17:00,2.948
01/08/2022,18:00,2.642
01/08/2022,19:00,2.877
01/08/2022,20:00,3.609
01/08/2022,21:00,5.472
01/08/2022,22:00,2.335
01/08/2022,23:00,2.736
01/08/2022,24:00:00,2.618
02/08/2022,01:00,2.099
02/08/2022,02:00,2.783
02/08/2022,03:00,3.585
02/08/2022,04:00,3.066
02/08/2022,05:00,2.217
02/08/2022,06:00,2.264
02/08/2022,07:00,3.75
02/08/2022,08:00,3.915
02/08/2022,09:00,3.915
02/08/2022,10:00,2.642
02/08/2022,11:00,2.877
02/08/2022,12:00,1.887
02/08/2022,13:00,2.288
02/08/2022,14:00,5.519
02/08/2022,15:00,8.75
02/08/2022,16:00,8.986
02/08/2022,17:00,2.123
02/08/2022,18:00,1.604
02/08/2022,19:00,1.722
02/08/2022,20:00,2.123
02/08/2022,21:00,1.958
02/08/2022,22:00,1.533
02/08/2022,23:00,1.415
02/08/2022,24:00:00,0.967
03/08/2022,01:00,0.731
03/08/2022,02:00,0.59
03/08/2022,03:00,0.519
03/08/2022,04:00,0.59
03/08/2022,05:00,0.849
03/08/2022,06:00,1.698
03/08/2022,07:00,2.571
03/08/2022,08:00,3.208
03/08/2022,09:00,5.731
03/08/2022,10:00,4.717
03/08/2022,11:00,8.514
03/08/2022,12:00,4.906
03/08/2022,13:00,7.642
03/08/2022,14:00,5.708
03/08/2022,15:00,6.651
03/08/2022,16:00,6.156
03/08/2022,17:00,4.316
03/08/2022,18:00,4.127
03/08/2022,19:00,4.009
03/08/2022,20:00,4.057
03/08/2022,21:00,4.151
03/08/2022,22:00,4.033
03/08/2022,23:00,3.892
03/08/2022,24:00:00,3.561
04/08/2022,01:00,3.561
04/08/2022,02:00,3.703
04/08/2022,03:00,3.821
04/08/2022,04:00,4.717
04/08/2022,05:00,5.66
04/08/2022,06:00,4.552
04/08/2022,07:00,2.948
04/08/2022,08:00,3.113
04/08/2022,09:00,3.373
04/08/2022,10:00,3.774
04/08/2022,11:00,2.642
04/08/2022,12:00,2.335
04/08/2022,13:00,1.958
04/08/2022,14:00,2.146
04/08/2022,15:00,2.642
04/08/2022,16:00,2.948
04/08/2022,17:00,3.113
04/08/2022,18:00,2.571
04/08/2022,19:00,2.335
04/08/2022,20:00,2.665
04/08/2022,21:00,3.514
04/08/2022,22:00,3.396
04/08/2022,23:00,3.184
04/08/2022,24:00:00,3.443
05/08/2022,01:00,3.373
05/08/2022,02:00,3.302
05/08/2022,03:00,3.373
05/08/2022,04:00,3.16
05/08/2022,05:00,3.302
05/08/2022,06:00,3.443
05/08/2022,07:00,2.382
05/08/2022,08:00,2.382
05/08/2022,09:00,2.736
05/08/2022,10:00,2.406
05/08/2022,11:00,2.005
05/08/2022,12:00,1.816
05/08/2022,13:00,2.052
05/08/2022,14:00,2.005
05/08/2022,15:00,2.005
05/08/2022,16:00,1.745
05/08/2022,17:00,1.58
05/08/2022,18:00,2.075
05/08/2022,19:00,4.481
05/08/2022,20:00,7.123
05/08/2022,21:00,8.137
05/08/2022,22:00,10.259
05/08/2022,23:00,10.307
05/08/2022,24:00:00,8.396
06/08/2022,01:00,7.193
06/08/2022,02:00,5.59
06/08/2022,03:00,5
06/08/2022,04:00,4.434
06/08/2022,05:00,4.387
06/08/2022,06:00,4.34
06/08/2022,07:00,4.906
06/08/2022,08:00,4.741
06/08/2022,09:00,6.014
06/08/2022,10:00,6.439
06/08/2022,11:00,6.179
06/08/2022,12:00,6.344
06/08/2022,13:00,6.58
06/08/2022,14:00,7.146
06/08/2022,15:00,6.816
06/08/2022,16:00,5.024
06/08/2022,17:00,4.67
06/08/2022,18:00,4.41
06/08/2022,19:00,3.561
06/08/2022,20:00,4.976
06/08/2022,21:00,4.057
06/08/2022,22:00,12.524
06/08/2022,23:00,5.33
06/08/2022,24:00:00,3.443
07/08/2022,01:00,4.316
07/08/2022,02:00,3.184
07/08/2022,03:00,2.311
07/08/2022,04:00,2.476
07/08/2022,05:00,2.83
07/08/2022,06:00,3.42
07/08/2022,07:00,3.915
07/08/2022,08:00,4.505
07/08/2022,09:00,5.118
07/08/2022,10:00,4.906
07/08/2022,11:00,4.693
07/08/2022,12:00,4.528
07/08/2022,13:00,3.75
07/08/2022,14:00,3.844
07/08/2022,15:00,3.868
07/08/2022,16:00,3.703
07/08/2022,17:00,3.703
07/08/2022,18:00,3.514
07/08/2022,19:00,3.726
07/08/2022,20:00,3.632
07/08/2022,21:00,3.75
07/08/2022,22:00,4.528
07/08/2022,23:00,5.33
07/08/2022,24:00:00,5.425
08/08/2022,01:00,4.811
08/08/2022,02:00,4.599
08/08/2022,03:00,4.693
08/08/2022,04:00,5.283
08/08/2022,05:00,5.519
08/08/2022,06:00,7.901
08/08/2022,07:00,7.783
08/08/2022,08:00,8.844
08/08/2022,09:00,4.528
08/08/2022,10:00,4.458
08/08/2022,11:00,4.151
08/08/2022,12:00,4.269
08/08/2022,13:00,3.986
08/08/2022,14:00,3.349
08/08/2022,15:00,3.208
08/08/2022,16:00,3.632
08/08/2022,17:00,3.585
08/08/2022,18:00,3.467
08/08/2022,19:00,4.67
08/08/2022,20:00,6.533
08/08/2022,21:00,6.226
08/08/2022,22:00,5.873
08/08/2022,23:00,7.217
08/08/2022,24:00:00,7.571
09/08/2022,01:00,7.429
09/08/2022,02:00,5.354
09/08/2022,03:00,5.778
09/08/2022,04:00,10.637
09/08/2022,05:00,7.948
09/08/2022,06:00,5.566
09/08/2022,07:00,6.392
09/08/2022,08:00,6.84
09/08/2022,09:00,5.92
09/08/2022,10:00,6.557
09/08/2022,11:00,5.425
09/08/2022,12:00,4.057
09/08/2022,13:00,2.712
09/08/2022,14:00,2.689
09/08/2022,15:00,3.325
09/08/2022,16:00,4.693
09/08/2022,17:00,4.316
09/08/2022,18:00,4.599
09/08/2022,19:00,5.778
09/08/2022,20:00,7.547
09/08/2022,21:00,8.892
09/08/2022,22:00,15.519
09/08/2022,23:00,12.547
09/08/2022,24:00:00,22.311
10/08/2022,01:00,18.137
10/08/2022,02:00,10.849
10/08/2022,03:00,8.844
10/08/2022,04:00,6.698
10/08/2022,05:00,7.099
10/08/2022,06:00,13.349
10/08/2022,07:00,9.717
10/08/2022,08:00,12.877
10/08/2022,09:00,6.863
10/08/2022,10:00,6.486
10/08/2022,11:00,6.368
10/08/2022,12:00,6.533
10/08/2022,13:00,5.991
10/08/2022,14:00,6.109
10/08/2022,15:00,6.25
10/08/2022,16:00,5.826
10/08/2022,17:00,6.722
10/08/2022,18:00,6.887
10/08/2022,19:00,5.377
10/08/2022,20:00,5.047
10/08/2022,21:00,5.283
10/08/2022,22:00,8.396
10/08/2022,23:00,7.382
10/08/2022,24:00:00,6.958
11/08/2022,01:00,15.354
11/08/2022,02:00,7.571
11/08/2022,03:00,6.769
11/08/2022,04:00,6.038
11/08/2022,05:00,8.019
11/08/2022,06:00,11.793
11/08/2022,07:00,13.962
11/08/2022,08:00,13.491
11/08/2022,09:00,
11/08/2022,10:00,9.654
11/08/2022,11:00,5.708
11/08/2022,12:00,5.66
11/08/2022,13:00,5.542
11/08/2022,14:00,7.901
11/08/2022,15:00,4.906
11/08/2022,16:00,4.009
11/08/2022,17:00,4.198
11/08/2022,18:00,3.986
11/08/2022,19:00,4.481
11/08/2022,20:00,4.859
11/08/2022,21:00,6.651
11/08/2022,22:00,6.91
11/08/2022,23:00,7.783
11/08/2022,24:00:00,14.859
12/08/2022,01:00,20.967
12/08/2022,02:00,16.722
12/08/2022,03:00,13.113
12/08/2022,04:00,18.278
12/08/2022,05:00,12.783
12/08/2022,06:00,12.406
12/08/2022,07:00,14.717
12/08/2022,08:00,20.943
12/08/2022,09:00,17.359
12/08/2022,10:00,11.392
12/08/2022,11:00,8.113
12/08/2022,12:00,5.826
12/08/2022,13:00,5.873
12/08/2022,14:00,6.274
12/08/2022,15:00,5.684
12/08/2022,16:00,5.66
12/08/2022,17:00,6.25
12/08/2022,18:00,5.542
12/08/2022,19:00,4.741
12/08/2022,20:00,4.835
12/08/2022,21:00,11.203
12/08/2022,22:00,9.552
12/08/2022,23:00,8.066
12/08/2022,24:00:00,8.726
13/08/2022,01:00,9.293
13/08/2022,02:00,8.467
13/08/2022,03:00,10.118
13/08/2022,04:00,10.873
13/08/2022,05:00,11.675
13/08/2022,06:00,12.005
13/08/2022,07:00,10.755
13/08/2022,08:00,10.165
13/08/2022,09:00,9.576
13/08/2022,10:00,9.835
13/08/2022,11:00,8.137
13/08/2022,12:00,8.915
13/08/2022,13:00,7.642
13/08/2022,14:00,8.042
13/08/2022,15:00,9.387
13/08/2022,16:00,7.311
13/08/2022,17:00,7.5
13/08/2022,18:00,7.877
13/08/2022,19:00,8.844
13/08/2022,20:00,9.953
13/08/2022,21:00,10.094
13/08/2022,22:00,11.698
13/08/2022,23:00,11.109
13/08/2022,24:00:00,10.92
14/08/2022,01:00,12.288
14/08/2022,02:00,15.708
14/08/2022,03:00,16.958
14/08/2022,04:00,17.618
14/08/2022,05:00,19.033
14/08/2022,06:00,18.821
14/08/2022,07:00,19.269
14/08/2022,08:00,20.377
14/08/2022,09:00,22.453
14/08/2022,10:00,24.528
14/08/2022,11:00,17.406
14/08/2022,12:00,13.302
14/08/2022,13:00,8.113
14/08/2022,14:00,7.665
14/08/2022,15:00,7.948
14/08/2022,16:00,8.396
14/08/2022,17:00,8.066
14/08/2022,18:00,9.552
14/08/2022,19:00,7.995
14/08/2022,20:00,8.585
14/08/2022,21:00,7.123
14/08/2022,22:00,7.689
14/08/2022,23:00,10.047
14/08/2022,24:00:00,12.972
15/08/2022,01:00,9.976
15/08/2022,02:00,10.613
15/08/2022,03:00,13.632
15/08/2022,04:00,15.943
15/08/2022,05:00,14.481
15/08/2022,06:00,21.439
15/08/2022,07:00,23.42
15/08/2022,08:00,27.5
15/08/2022,09:00,24.41
15/08/2022,10:00,19.764
15/08/2022,11:00,16.203
15/08/2022,12:00,15.401
15/08/2022,13:00,15.283
15/08/2022,14:00,12.925
15/08/2022,15:00,11.793
15/08/2022,16:00,8.962
15/08/2022,17:00,6.627
15/08/2022,18:00,6.675
15/08/2022,19:00,7.241
15/08/2022,20:00,9.505
15/08/2022,21:00,10.802
15/08/2022,22:00,10.778
15/08/2022,23:00,11.91
15/08/2022,24:00:00,11.203
16/08/2022,01:00,9.811
16/08/2022,02:00,7.193
16/08/2022,03:00,7.429
16/08/2022,04:00,10.165
16/08/2022,05:00,12.241
16/08/2022,06:00,13.962
16/08/2022,07:00,9.788
16/08/2022,08:00,9.953
16/08/2022,09:00,8.326
16/08/2022,10:00,6.156
16/08/2022,11:00,6.226
16/08/2022,12:00,6.84
16/08/2022,13:00,6.226
16/08/2022,14:00,6.392
16/08/2022,15:00,5.778
16/08/2022,16:00,6.462
16/08/2022,17:00,12.901
16/08/2022,18:00,7.382
16/08/2022,19:00,3.868
16/08/2022,20:00,3.255
16/08/2022,21:00,2.807
16/08/2022,22:00,3.797
16/08/2022,23:00,4.741
16/08/2022,24:00:00,3.679
17/08/2022,01:00,5.165
17/08/2022,02:00,4.623
17/08/2022,03:00,4.198
17/08/2022,04:00,3.632
17/08/2022,05:00,3.632
17/08/2022,06:00,3.821
17/08/2022,07:00,4.906
17/08/2022,08:00,7.759
17/08/2022,09:00,5.495
17/08/2022,10:00,6.038
17/08/2022,11:00,6.156
17/08/2022,12:00,5.259
17/08/2022,13:00,5
17/08/2022,14:00,4.552
17/08/2022,15:00,4.245
17/08/2022,16:00,3.538
17/08/2022,17:00,3.208
17/08/2022,18:00,3.42
17/08/2022,19:00,4.34
17/08/2022,20:00,4.835
17/08/2022,21:00,5.519
17/08/2022,22:00,20.755
17/08/2022,23:00,5.92
17/08/2022,24:00:00,5.731
18/08/2022,01:00,4.929
18/08/2022,02:00,5.165
18/08/2022,03:00,4.929
18/08/2022,04:00,5.401
18/08/2022,05:00,5.472
18/08/2022,06:00,6.769
18/08/2022,07:00,10.259
18/08/2022,08:00,6.91
18/08/2022,09:00,9.387
18/08/2022,10:00,8.42
18/08/2022,11:00,4.929
18/08/2022,12:00,5.873
18/08/2022,13:00,6.156
18/08/2022,14:00,6.887
18/08/2022,15:00,8.09
18/08/2022,16:00,8.302
18/08/2022,17:00,7.028
18/08/2022,18:00,5.778
18/08/2022,19:00,6.156
18/08/2022,20:00,4.741
18/08/2022,21:00,3.726
18/08/2022,22:00,3.561
18/08/2022,23:00,1.934
18/08/2022,24:00:00,2.193
19/08/2022,01:00,3.396
19/08/2022,02:00,5.189
19/08/2022,03:00,5.731
19/08/2022,04:00,6.109
19/08/2022,05:00,6.627
19/08/2022,06:00,7.17
19/08/2022,07:00,7.901
19/08/2022,08:00,7.382
19/08/2022,09:00,7.429
19/08/2022,10:00,8.09
19/08/2022,11:00,6.722
19/08/2022,12:00,5.613
19/08/2022,13:00,5.637
19/08/2022,14:00,3.986
19/08/2022,15:00,3.184
19/08/2022,16:00,2.948
19/08/2022,17:00,2.689
19/08/2022,18:00,3.019
19/08/2022,19:00,2.972
19/08/2022,20:00,4.151
19/08/2022,21:00,4.269
19/08/2022,22:00,4.41
19/08/2022,23:00,4.741
19/08/2022,24:00:00,4.292
20/08/2022,01:00,4.835
20/08/2022,02:00,4.882
20/08/2022,03:00,4.41
20/08/2022,04:00,4.764
20/08/2022,05:00,4.693
20/08/2022,06:00,4.717
20/08/2022,07:00,4.693
20/08/2022,08:00,4.882
20/08/2022,09:00,7.524
20/08/2022,10:00,8.302
20/08/2022,11:00,13.255
20/08/2022,12:00,12.807
20/08/2022,13:00,7.146
20/08/2022,14:00,7.594
20/08/2022,15:00,7.571
20/08/2022,16:00,5.873
20/08/2022,17:00,5.778
20/08/2022,18:00,5.519
20/08/2022,19:00,6.203
20/08/2022,20:00,6.533
20/08/2022,21:00,5.566
20/08/2022,22:00,5.212
20/08/2022,23:00,5.33
20/08/2022,24:00:00,4.623
21/08/2022,01:00,4.882
21/08/2022,02:00,5.259
21/08/2022,03:00,5.118
21/08/2022,04:00,5.401
21/08/2022,05:00,6.203
21/08/2022,06:00,7.382
21/08/2022,07:00,5.33
21/08/2022,08:00,5.307
21/08/2022,09:00,4.599
21/08/2022,10:00,4.316
21/08/2022,11:00,4.198
21/08/2022,12:00,4.127
21/08/2022,13:00,4.009
21/08/2022,14:00,3.679
21/08/2022,15:00,3.75
21/08/2022,16:00,3.538
21/08/2022,17:00,4.104
21/08/2022,18:00,4.222
21/08/2022,19:00,4.717
21/08/2022,20:00,4.811
21/08/2022,21:00,6.462
21/08/2022,22:00,9.646
21/08/2022,23:00,5.047
21/08/2022,24:00:00,4.528
22/08/2022,01:00,3.986
22/08/2022,02:00,3.561
22/08/2022,03:00,3.325
22/08/2022,04:00,3.632
22/08/2022,05:00,4.269
22/08/2022,06:00,6.887
22/08/2022,07:00,9.316
22/08/2022,08:00,7.901
22/08/2022,09:00,8.16
22/08/2022,10:00,6.91
22/08/2022,11:00,7.005
22/08/2022,12:00,8.821
22/08/2022,13:00,8.326
22/08/2022,14:00,6.58
22/08/2022,15:00,5.566
22/08/2022,16:00,8.137
22/08/2022,17:00,3.373
22/08/2022,18:00,1.344
22/08/2022,19:00,3.396
22/08/2022,20:00,5.472
22/08/2022,21:00,9.576
22/08/2022,22:00,8.066
22/08/2022,23:00,6.014
22/08/2022,24:00:00,2.712
23/08/2022,01:00,4.198
23/08/2022,02:00,4.764
23/08/2022,03:00,4.717
23/08/2022,04:00,5.566
23/08/2022,05:00,7.335
23/08/2022,06:00,6.769
23/08/2022,07:00,6.698
23/08/2022,08:00,7.146
23/08/2022,09:00,6.368
23/08/2022,10:00,5.967
23/08/2022,11:00,5.354
23/08/2022,12:00,4.717
23/08/2022,13:00,3.443
23/08/2022,14:00,4.009
23/08/2022,15:00,4.292
23/08/2022,16:00,2.5
23/08/2022,17:00,3.962
23/08/2022,18:00,3.278
23/08/2022,19:00,2.83
23/08/2022,20:00,3.443
23/08/2022,21:00,4.222
23/08/2022,22:00,5.259
23/08/2022,23:00,4.599
23/08/2022,24:00:00,7.146
24/08/2022,01:00,10.873
24/08/2022,02:00,5.991
24/08/2022,03:00,5.047
24/08/2022,04:00,5.189
24/08/2022,05:00,8.349
24/08/2022,06:00,14.481
24/08/2022,07:00,4.175
24/08/2022,08:00,2.382
24/08/2022,09:00,
24/08/2022,10:00,
24/08/2022,11:00,
24/08/2022,12:00,
24/08/2022,13:00,
24/08/2022,14:00,1.887
24/08/2022,15:00,2.5
24/08/2022,16:00,1.84
24/08/2022,17:00,2.17
24/08/2022,18:00,2.146
24/08/2022,19:00,2.476
24/08/2022,20:00,2.712
24/08/2022,21:00,5.448
24/08/2022,22:00,3.656
24/08/2022,23:00,5.259
24/08/2022,24:00:00,5.873
25/08/2022,01:00,6.132
25/08/2022,02:00,5.66
25/08/2022,03:00,5.684
25/08/2022,04:00,4.245
25/08/2022,05:00,3.962
25/08/2022,06:00,3.349
25/08/2022,07:00,2.335
25/08/2022,08:00,2.83
25/08/2022,09:00,4.41
25/08/2022,10:00,4.009
25/08/2022,11:00,4.057
25/08/2022,12:00,4.127
25/08/2022,13:00,3.679
25/08/2022,14:00,4.906
25/08/2022,15:00,5.283
25/08/2022,16:00,4.316
25/08/2022,17:00,4.387
25/08/2022,18:00,4.34
25/08/2022,19:00,8.915
25/08/2022,20:00,11.132
25/08/2022,21:00,11.085
25/08/2022,22:00,7.146
25/08/2022,23:00,5.094
25/08/2022,24:00:00,6.038
26/08/2022,01:00,4.693
26/08/2022,02:00,4.222
26/08/2022,03:00,4.481
26/08/2022,04:00,3.915
26/08/2022,05:00,3.514
26/08/2022,06:00,5.377
26/08/2022,07:00,6.156
26/08/2022,08:00,5.637
26/08/2022,09:00,3.609
26/08/2022,10:00,3.703
26/08/2022,11:00,4.34
26/08/2022,12:00,4.269
26/08/2022,13:00,4.953
26/08/2022,14:00,5.189
26/08/2022,15:00,4.741
26/08/2022,16:00,4.646
26/08/2022,17:00,4.434
26/08/2022,18:00,4.788
26/08/2022,19:00,4.623
26/08/2022,20:00,7.052
26/08/2022,21:00,8.868
26/08/2022,22:00,6.486
26/08/2022,23:00,5.165
26/08/2022,24:00:00,5.259
27/08/2022,01:00,6.25
27/08/2022,02:00,7.217
27/08/2022,03:00,9.976
27/08/2022,04:00,9.717
27/08/2022,05:00,8.066
27/08/2022,06:00,7.642
27/08/2022,07:00,7.618
27/08/2022,08:00,10.118
27/08/2022,09:00,11.486
27/08/2022,10:00,7.665
27/08/2022,11:00,5.613
27/08/2022,12:00,5.142
27/08/2022,13:00,4.646
27/08/2022,14:00,3.16
27/08/2022,15:00,2.594
27/08/2022,16:00,2.382
27/08/2022,17:00,1.958
27/08/2022,18:00,1.722
27/08/2022,19:00,2.17
27/08/2022,20:00,3.113
27/08/2022,21:00,3.349
27/08/2022,22:00,3.538
27/08/2022,23:00,3.939
27/08/2022,24:00:00,4.41
28/08/2022,01:00,4.481
28/08/2022,02:00,4.67
28/08/2022,03:00,5.071
28/08/2022,04:00,5
28/08/2022,05:00,5.212
28/08/2022,06:00,7.547
28/08/2022,07:00,6.085
28/08/2022,08:00,6.745
28/08/2022,09:00,4.788
28/08/2022,10:00,2.948
28/08/2022,11:00,2.783
28/08/2022,12:00,3.137
28/08/2022,13:00,3.325
28/08/2022,14:00,3.113
28/08/2022,15:00,2.807
28/08/2022,16:00,2.995
28/08/2022,17:00,2.925
28/08/2022,18:00,3.514
28/08/2022,19:00,10.637
28/08/2022,20:00,7.052
28/08/2022,21:00,5.59
28/08/2022,22:00,3.208
28/08/2022,23:00,3.632
28/08/2022,24:00:00,4.292
29/08/2022,01:00,4.693
29/08/2022,02:00,8.302
29/08/2022,03:00,12.146
29/08/2022,04:00,5.943
29/08/2022,05:00,5.071
29/08/2022,06:00,5.354
29/08/2022,07:00,4.929
29/08/2022,08:00,3.774
29/08/2022,09:00,2.995
29/08/2022,10:00,3.019
29/08/2022,11:00,2.642
29/08/2022,12:00,2.123
29/08/2022,13:00,1.274
29/08/2022,14:00,1.533
29/08/2022,15:00,1.439
29/08/2022,16:00,1.887
29/08/2022,17:00,2.335
29/08/2022,18:00,1.958
29/08/2022,19:00,3.491
29/08/2022,20:00,4.175
29/08/2022,21:00,3.467
29/08/2022,22:00,4.057
29/08/2022,23:00,3.962
29/08/2022,24:00:00,3.396
30/08/2022,01:00,3.137
30/08/2022,02:00,2.83
30/08/2022,03:00,2.288
30/08/2022,04:00,2.453
30/08/2022,05:00,4.953
30/08/2022,06:00,5.425
30/08/2022,07:00,5
30/08/2022,08:00,4.127
30/08/2022,09:00,3.844
30/08/2022,10:00,3.726
30/08/2022,11:00,3.821
30/08/2022,12:00,3.797
30/08/2022,13:00,4.835
30/08/2022,14:00,4.057
30/08/2022,15:00,4.528
30/08/2022,16:00,3.986
30/08/2022,17:00,3.797
30/08/2022,18:00,4.245
30/08/2022,19:00,4.009
30/08/2022,20:00,3.396
30/08/2022,21:00,3.679
30/08/2022,22:00,3.042
30/08/2022,23:00,2.901
30/08/2022,24:00:00,3.137
31/08/2022,01:00,3.726
31/08/2022,02:00,4.41
31/08/2022,03:00,3.868
31/08/2022,04:00,4.575
31/08/2022,05:00,5.283
31/08/2022,06:00,5.731
31/08/2022,07:00,5.967
31/08/2022,08:00,6.84
31/08/2022,09:00,6.745
31/08/2022,10:00,5.755
31/08/2022,11:00,6.061
31/08/2022,12:00,5.495
31/08/2022,13:00,5.118
31/08/2022,14:00,5.047
31/08/2022,15:00,4.929
31/08/2022,16:00,5.472
31/08/2022,17:00,5.425
31/08/2022,18:00,5.307
31/08/2022,19:00,5.873
31/08/2022,20:00,6.344
31/08/2022,21:00,5.66
31/08/2022,22:00,5.967
31/08/2022,23:00,5.802
31/08/2022,24:00:00,6.203
01/09/2022,01:00,5.566
01/09/2022,02:00,5.991
01/09/2022,03:00,5.873
01/09/2022,04:00,5.401
01/09/2022,05:00,6.297
01/09/2022,06:00,7.406
01/09/2022,07:00,6.415
01/09/2022,08:00,7.877
01/09/2022,09:00,6.321
01/09/2022,10:00,4.976
01/09/2022,11:00,6.109
01/09/2022,12:00,5.778
01/09/2022,13:00,5.755
01/09/2022,14:00,5.236
01/09/2022,15:00,6.722
01/09/2022,16:00,6.745
01/09/2022,17:00,6.651
01/09/2022,18:00,4.906
01/09/2022,19:00,5.189
01/09/2022,20:00,8.679
01/09/2022,21:00,13.75
01/09/2022,22:00,12.736
01/09/2022,23:00,7.217
01/09/2022,24:00:00,7.948
02/09/2022,01:00,9.245
02/09/2022,02:00,5.873
02/09/2022,03:00,8.538
02/09/2022,04:00,13.255
02/09/2022,05:00,14.34
02/09/2022,06:00,14.127
02/09/2022,07:00,15.26
02/09/2022,08:00,12.689
02/09/2022,09:00,12.241
02/09/2022,10:00,9.057
02/09/2022,11:00,9.976
02/09/2022,12:00,8.208
02/09/2022,13:00,7.807
02/09/2022,14:00,6.863
02/09/2022,15:00,7.406
02/09/2022,16:00,6.368
02/09/2022,17:00,5.542
02/09/2022,18:00,5.684
02/09/2022,19:00,6.321
02/09/2022,20:00,7.854
02/09/2022,21:00,6.84
02/09/2022,22:00,7.712
02/09/2022,23:00,9.316
02/09/2022,24:00:00,13.774
03/09/2022,01:00,16.392
03/09/2022,02:00,13.821
03/09/2022,03:00,14.387
03/09/2022,04:00,16.085
03/09/2022,05:00,18.16
03/09/2022,06:00,19.599
03/09/2022,07:00,20.708
03/09/2022,08:00,23.609
03/09/2022,09:00,23.986
03/09/2022,10:00,25.472
03/09/2022,11:00,24.741
03/09/2022,12:00,20
03/09/2022,13:00,11.887
03/09/2022,14:00,8.491
03/09/2022,15:00,6.109
03/09/2022,16:00,5.448
03/09/2022,17:00,6.014
03/09/2022,18:00,7.429
03/09/2022,19:00,9.363
03/09/2022,20:00,8.679
03/09/2022,21:00,9.151
03/09/2022,22:00,8.844
03/09/2022,23:00,8.986
03/09/2022,24:00:00,9.316
04/09/2022,01:00,9.269
04/09/2022,02:00,7.146
04/09/2022,03:00,6.038
04/09/2022,04:00,5.943
04/09/2022,05:00,5.189
04/09/2022,06:00,5.873
04/09/2022,07:00,6.981
04/09/2022,08:00,8.821
04/09/2022,09:00,10.118
04/09/2022,10:00,8.326
04/09/2022,11:00,6.863
04/09/2022,12:00,6.627
04/09/2022,13:00,6.179
04/09/2022,14:00,5.401
04/09/2022,15:00,4.623
04/09/2022,16:00,4.434
04/09/2022,17:00,6.226
04/09/2022,18:00,4.458
04/09/2022,19:00,5.094
04/09/2022,20:00,10.873
04/09/2022,21:00,11.344
04/09/2022,22:00,5.896
04/09/2022,23:00,7.359
04/09/2022,24:00:00,5.708
05/09/2022,01:00,5.59
05/09/2022,02:00,6.297
05/09/2022,03:00,5.094
05/09/2022,04:00,4.646
05/09/2022,05:00,4.575
05/09/2022,06:00,5.566
05/09/2022,07:00,6.038
05/09/2022,08:00,8.821
05/09/2022,09:00,6.226
05/09/2022,10:00,6.061
05/09/2022,11:00,5.613
05/09/2022,12:00,4.363
05/09/2022,13:00,4.387
05/09/2022,14:00,3.892
05/09/2022,15:00,4.009
05/09/2022,16:00,4.222
05/09/2022,17:00,4.505
05/09/2022,18:00,4.859
05/09/2022,19:00,4.458
05/09/2022,20:00,4.198
05/09/2022,21:00,5.613
05/09/2022,22:00,11.958
05/09/2022,23:00,3.821
05/09/2022,24:00:00,2.972
06/09/2022,01:00,1.627
06/09/2022,02:00,2.524
06/09/2022,03:00,2.736
06/09/2022,04:00,1.887
06/09/2022,05:00,2.524
06/09/2022,06:00,3.585
06/09/2022,07:00,6.297
06/09/2022,08:00,9.953
06/09/2022,09:00,10.259
06/09/2022,10:00,11.627
06/09/2022,11:00,14.245
06/09/2022,12:00,17.854
06/09/2022,13:00,10.991
06/09/2022,14:00,8.302
06/09/2022,15:00,5.542
06/09/2022,16:00,5.448
06/09/2022,17:00,7.052
06/09/2022,18:00,7.193
06/09/2022,19:00,5.377
06/09/2022,20:00,8.491
06/09/2022,21:00,6.344
06/09/2022,22:00,9.198
06/09/2022,23:00,6.887
06/09/2022,24:00:00,11.84
07/09/2022,01:00,12.359
07/09/2022,02:00,5.967
07/09/2022,03:00,4.41
07/09/2022,04:00,4.882
07/09/2022,05:00,6.203
07/09/2022,06:00,10.755
07/09/2022,07:00,9.127
07/09/2022,08:00,8.42
07/09/2022,09:00,7.83
07/09/2022,10:00,7.264
07/09/2022,11:00,8.184
07/09/2022,12:00,8.986
07/09/2022,13:00,7.217
07/09/2022,14:00,6.509
07/09/2022,15:00,6.156
07/09/2022,16:00,8.278
07/09/2022,17:00,5.778
07/09/2022,18:00,4.151
07/09/2022,19:00,5.943
07/09/2022,20:00,14.929
07/09/2022,21:00,4.34
07/09/2022,22:00,3.656
07/09/2022,23:00,4.292
07/09/2022,24:00:00,8.066
08/09/2022,01:00,10.59
08/09/2022,02:00,9.245
08/09/2022,03:00,7.877
08/09/2022,04:00,13.491
08/09/2022,05:00,13.962
08/09/2022,06:00,11.038
08/09/2022,07:00,10.495
08/09/2022,08:00,8.797
08/09/2022,09:00,4.599
08/09/2022,10:00,3.868
08/09/2022,11:00,3.915
08/09/2022,12:00,4.198
08/09/2022,13:00,5.189
08/09/2022,14:00,6.109
08/09/2022,15:00,4.859
08/09/2022,16:00,4.859
08/09/2022,17:00,6.392
08/09/2022,18:00,4.811
08/09/2022,19:00,3.726
08/09/2022,20:00,4.599
08/09/2022,21:00,7.5
08/09/2022,22:00,8.208
08/09/2022,23:00,9.693
08/09/2022,24:00:00,15.778
09/09/2022,01:00,19.788
09/09/2022,02:00,22.925
09/09/2022,03:00,22.359
09/09/2022,04:00,14.316
09/09/2022,05:00,13.491
09/09/2022,06:00,12.288
09/09/2022,07:00,15.283
09/09/2022,08:00,12.901
09/09/2022,09:00,8.278
09/09/2022,10:00,5.991
09/09/2022,11:00,5.212
09/09/2022,12:00,4.741
09/09/2022,13:00,5.047
09/09/2022,14:00,6.627
09/09/2022,15:00,3.231
09/09/2022,16:00,4.198
09/09/2022,17:00,2.854
09/09/2022,18:00,2.193
09/09/2022,19:00,5.472
09/09/2022,20:00,4.788
09/09/2022,21:00,3.939
09/09/2022,22:00,3.609
09/09/2022,23:00,4.08
09/09/2022,24:00:00,3.962
10/09/2022,01:00,4.859
10/09/2022,02:00,3.396
10/09/2022,03:00,2.972
10/09/2022,04:00,3.019
10/09/2022,05:00,3.09
10/09/2022,06:00,3.75
10/09/2022,07:00,4.057
10/09/2022,08:00,4.717
10/09/2022,09:00,4.127
10/09/2022,10:00,3.443
10/09/2022,11:00,2.972
10/09/2022,12:00,2.736
10/09/2022,13:00,3.09
10/09/2022,14:00,2.759
10/09/2022,15:00,2.925
10/09/2022,16:00,3.019
10/09/2022,17:00,2.712
10/09/2022,18:00,2.099
10/09/2022,19:00,2.241
10/09/2022,20:00,4.269
10/09/2022,21:00,3.042
10/09/2022,22:00,3.137
10/09/2022,23:00,3.844
10/09/2022,24:00:00,5.071
11/09/2022,01:00,6.226
11/09/2022,02:00,7.429
11/09/2022,03:00,7.076
11/09/2022,04:00,8.42
11/09/2022,05:00,7.123
11/09/2022,06:00,8.09
11/09/2022,07:00,12.712
11/09/2022,08:00,11.415
11/09/2022,09:00,11.415
11/09/2022,10:00,10.802
11/09/2022,11:00,11.91
11/09/2022,12:00,8.797
11/09/2022,13:00,9.245
11/09/2022,14:00,9.591
11/09/2022,15:00,6.863
11/09/2022,16:00,6.509
11/09/2022,17:00,5.873
11/09/2022,18:00,5.778
11/09/2022,19:00,6.321
11/09/2022,20:00,7.877
11/09/2022,21:00,9.882
11/09/2022,22:00,6.627
11/09/2022,23:00,4.646
11/09/2022,24:00:00,8.75
12/09/2022,01:00,3.703
12/09/2022,02:00,5.259
12/09/2022,03:00,3.703
12/09/2022,04:00,4.929
12/09/2022,05:00,6.344
12/09/2022,06:00,5.59
12/09/2022,07:00,5.094
12/09/2022,08:00,5.33
12/09/2022,09:00,4.151
12/09/2022,10:00,3.066
12/09/2022,11:00,3.184
12/09/2022,12:00,1.934
12/09/2022,13:00,2.547
12/09/2022,14:00,1.958
12/09/2022,15:00,3.325
12/09/2022,16:00,3.278
12/09/2022,17:00,2.288
12/09/2022,18:00,2.665
12/09/2022,19:00,1.274
12/09/2022,20:00,1.297
12/09/2022,21:00,1.745
12/09/2022,22:00,2.146
12/09/2022,23:00,2.854
12/09/2022,24:00:00,3.679
13/09/2022,01:00,3.561
13/09/2022,02:00,4.835
13/09/2022,03:00,4.788
13/09/2022,04:00,4.505
13/09/2022,05:00,4.104
13/09/2022,06:00,4.835
13/09/2022,07:00,5.849
13/09/2022,08:00,8.019
13/09/2022,09:00,4.269
13/09/2022,10:00,2.359
13/09/2022,11:00,3.325
13/09/2022,12:00,3.09
13/09/2022,13:00,3.066
13/09/2022,14:00,4.033
13/09/2022,15:00,4.528
13/09/2022,16:00,4.033
13/09/2022,17:00,4.127
13/09/2022,18:00,3.585
13/09/2022,19:00,3.585
13/09/2022,20:00,6.58
13/09/2022,21:00,12.241
13/09/2022,22:00,11.132
13/09/2022,23:00,9.882
13/09/2022,24:00:00,14.009
14/09/2022,01:00,12.264
14/09/2022,02:00,14.057
14/09/2022,03:00,10
14/09/2022,04:00,8.939
14/09/2022,05:00,9.057
14/09/2022,06:00,7.995
14/09/2022,07:00,13.656
14/09/2022,08:00,12.099
14/09/2022,09:00,15.543
14/09/2022,10:00,5.401
14/09/2022,11:00,6.179
14/09/2022,12:00,6.061
14/09/2022,13:00,5.047
14/09/2022,14:00,5.377
14/09/2022,15:00,5.943
14/09/2022,16:00,5.731
14/09/2022,17:00,5.401
14/09/2022,18:00,4.953
14/09/2022,19:00,4.434
14/09/2022,20:00,4.41
14/09/2022,21:00,4.41
14/09/2022,22:00,4.528
14/09/2022,23:00,4.906
14/09/2022,24:00:00,3.491
15/09/2022,01:00,4.316
15/09/2022,02:00,5
15/09/2022,03:00,5.047
15/09/2022,04:00,4.127
15/09/2022,05:00,4.292
15/09/2022,06:00,4.387
15/09/2022,07:00,5.377
15/09/2022,08:00,5.401
15/09/2022,09:00,4.741
15/09/2022,10:00,4.481
15/09/2022,11:00,3.868
15/09/2022,12:00,3.208
15/09/2022,13:00,2.547
15/09/2022,14:00,2.335
15/09/2022,15:00,2.382
15/09/2022,16:00,2.17
15/09/2022,17:00,1.887
15/09/2022,18:00,2.005
15/09/2022,19:00,2.925
15/09/2022,20:00,2.594
15/09/2022,21:00,3.113
15/09/2022,22:00,5.377
15/09/2022,23:00,2.689
15/09/2022,24:00:00,4.505
16/09/2022,01:00,6.274
16/09/2022,02:00,6.509
16/09/2022,03:00,3.42
16/09/2022,04:00,4.009
16/09/2022,05:00,2.972
16/09/2022,06:00,2.476
16/09/2022,07:00,3.278
16/09/2022,08:00,2.547
16/09/2022,09:00,2.075
16/09/2022,10:00,1.863
16/09/2022,11:00,1.604
16/09/2022,12:00,1.392
16/09/2022,13:00,1.816
16/09/2022,14:00,2.288
16/09/2022,15:00,1.84
16/09/2022,16:00,1.651
16/09/2022,17:00,1.981
16/09/2022,18:00,2.193
16/09/2022,19:00,3.278
16/09/2022,20:00,13.962
16/09/2022,21:00,8.326
16/09/2022,22:00,10.519
16/09/2022,23:00,13.043
16/09/2022,24:00:00,9.976
17/09/2022,01:00,4.033
17/09/2022,02:00,4.222
17/09/2022,03:00,5.165
17/09/2022,04:00,5.613
17/09/2022,05:00,1.698
17/09/2022,06:00,1.25
17/09/2022,07:00,1.58
17/09/2022,08:00,1.84
17/09/2022,09:00,1.557
17/09/2022,10:00,1.934
17/09/2022,11:00,1.934
17/09/2022,12:00,1.816
17/09/2022,13:00,1.651
17/09/2022,14:00,1.344
17/09/2022,15:00,1.179
17/09/2022,16:00,1.297
17/09/2022,17:00,1.604
17/09/2022,18:00,1.84
17/09/2022,19:00,2.783
17/09/2022,20:00,3.656
17/09/2022,21:00,3.467
17/09/2022,22:00,2.571
17/09/2022,23:00,2.429
17/09/2022,24:00:00,1.792
18/09/2022,01:00,1.226
18/09/2022,02:00,1.038
18/09/2022,03:00,1.014
18/09/2022,04:00,0.943
18/09/2022,05:00,1.226
18/09/2022,06:00,0.896
18/09/2022,07:00,1.085
18/09/2022,08:00,1.25
18/09/2022,09:00,1.509
18/09/2022,10:00,1.486
18/09/2022,11:00,1.604
18/09/2022,12:00,1.392
18/09/2022,13:00,1.25
18/09/2022,14:00,1.321
18/09/2022,15:00,1.274
18/09/2022,16:00,1.297
18/09/2022,17:00,2.618
18/09/2022,18:00,3.986
18/09/2022,19:00,6.203
18/09/2022,20:00,34.08
18/09/2022,21:00,36.415
18/09/2022,22:00,4.104
18/09/2022,23:00,3.325
18/09/2022,24:00:00,2.759
19/09/2022,01:00,2.359
19/09/2022,02:00,2.759
19/09/2022,03:00,2.995
19/09/2022,04:00,3.066
19/09/2022,05:00,3.019
19/09/2022,06:00,3.797
19/09/2022,07:00,6.109
19/09/2022,08:00,3.892
19/09/2022,09:00,3.137
19/09/2022,10:00,1.816
19/09/2022,11:00,2.123
19/09/2022,12:00,2.429
19/09/2022,13:00,3.16
19/09/2022,14:00,4.222
19/09/2022,15:00,4.08
19/09/2022,16:00,2.901
19/09/2022,17:00,3.632
19/09/2022,18:00,4.198
19/09/2022,19:00,4.717
19/09/2022,20:00,9.882
19/09/2022,21:00,9.717
19/09/2022,22:00,10.613
19/09/2022,23:00,9.009
19/09/2022,24:00:00,9.033
20/09/2022,01:00,8.09
20/09/2022,02:00,7.453
20/09/2022,03:00,5.731
20/09/2022,04:00,6.958
20/09/2022,05:00,7.877
20/09/2022,06:00,7.17
20/09/2022,07:00,8.868
20/09/2022,08:00,11.344
20/09/2022,09:00,10.495
20/09/2022,10:00,9.033
20/09/2022,11:00,4.693
20/09/2022,12:00,3.184
20/09/2022,13:00,3.821
20/09/2022,14:00,4.481
20/09/2022,15:00,4.528
20/09/2022,16:00,4.599
20/09/2022,17:00,4.316
20/09/2022,18:00,4.599
20/09/2022,19:00,6.958
20/09/2022,20:00,17.972
20/09/2022,21:00,19.906
20/09/2022,22:00,20.024
20/09/2022,23:00,15.33
20/09/2022,24:00:00,8.797
21/09/2022,01:00,7.901
21/09/2022,02:00,10.212
21/09/2022,03:00,9.434
21/09/2022,04:00,9.788
21/09/2022,05:00,9.929
21/09/2022,06:00,12.736
21/09/2022,07:00,19.953
21/09/2022,08:00,17.689
21/09/2022,09:00,16.392
21/09/2022,10:00,7.099
21/09/2022,11:00,6.203
21/09/2022,12:00,6.557
21/09/2022,13:00,6.274
21/09/2022,14:00,6.344
21/09/2022,15:00,5.472
21/09/2022,16:00,4.906
21/09/2022,17:00,5.448
21/09/2022,18:00,4.953
21/09/2022,19:00,10.637
21/09/2022,20:00,12.052
21/09/2022,21:00,11.132
21/09/2022,22:00,8.774
21/09/2022,23:00,9.67
21/09/2022,24:00:00,8.561
22/09/2022,01:00,6.816
22/09/2022,02:00,7.17
22/09/2022,03:00,7.972
22/09/2022,04:00,9.458
22/09/2022,05:00,10.142
22/09/2022,06:00,13.019
22/09/2022,07:00,25.495
22/09/2022,08:00,18.396
22/09/2022,09:00,10.849
22/09/2022,10:00,9.505
22/09/2022,11:00,10.165
22/09/2022,12:00,10.967
22/09/2022,13:00,9.009
22/09/2022,14:00,7.618
22/09/2022,15:00,8.349
22/09/2022,16:00,10.425
22/09/2022,17:00,9.717
22/09/2022,18:00,8.915
22/09/2022,19:00,7.311
22/09/2022,20:00,7.925
22/09/2022,21:00,9.693
22/09/2022,22:00,11.793
22/09/2022,23:00,13.821
22/09/2022,24:00:00,13.844
23/09/2022,01:00,13.443
23/09/2022,02:00,10.778
23/09/2022,03:00,10.236
23/09/2022,04:00,4.528
23/09/2022,05:00,3.042
23/09/2022,06:00,3.113
23/09/2022,07:00,4.175
23/09/2022,08:00,3.844
23/09/2022,09:00,2.547
23/09/2022,10:00,2.429
23/09/2022,11:00,2.382
23/09/2022,12:00,2.241
23/09/2022,13:00,1.91
23/09/2022,14:00,1.934
23/09/2022,15:00,10.873
23/09/2022,16:00,1.958
23/09/2022,17:00,2.453
23/09/2022,18:00,2.618
23/09/2022,19:00,2.925
23/09/2022,20:00,3.349
23/09/2022,21:00,4.033
23/09/2022,22:00,4.505
23/09/2022,23:00,7.288
23/09/2022,24:00:00,5.33
24/09/2022,01:00,3.632
24/09/2022,02:00,2.547
24/09/2022,03:00,2.359
24/09/2022,04:00,3.467
24/09/2022,05:00,2.665
24/09/2022,06:00,2.429
24/09/2022,07:00,3.255
24/09/2022,08:00,3.349
24/09/2022,09:00,3.325
24/09/2022,10:00,4.057
24/09/2022,11:00,3.443
24/09/2022,12:00,2.877
24/09/2022,13:00,2.877
24/09/2022,14:00,1.958
24/09/2022,15:00,2.123
24/09/2022,16:00,2.547
24/09/2022,17:00,3.373
24/09/2022,18:00,4.175
24/09/2022,19:00,3.844
24/09/2022,20:00,5.519
24/09/2022,21:00,5.613
24/09/2022,22:00,5.401
24/09/2022,23:00,4.67
24/09/2022,24:00:00,4.363
25/09/2022,01:00,3.42
25/09/2022,02:00,3.797
25/09/2022,03:00,3.396
25/09/2022,04:00,2.995
25/09/2022,05:00,2.476
25/09/2022,06:00,2.712
25/09/2022,07:00,3.325
25/09/2022,08:00,3.16
25/09/2022,09:00,2.406
25/09/2022,10:00,2.146
25/09/2022,11:00,2.382
25/09/2022,12:00,3.042
25/09/2022,13:00,4.08
25/09/2022,14:00,4.292
25/09/2022,15:00,4.623
25/09/2022,16:00,3.821
25/09/2022,17:00,3.726
25/09/2022,18:00,3.302
25/09/2022,19:00,3.231
25/09/2022,20:00,2.948
25/09/2022,21:00,2.571
25/09/2022,22:00,2.665
25/09/2022,23:00,2.028
25/09/2022,24:00:00,2.028
26/09/2022,01:00,1.226
26/09/2022,02:00,0.731
26/09/2022,03:00,1.415
26/09/2022,04:00,4.528
26/09/2022,05:00,10.071
26/09/2022,06:00,13.043
26/09/2022,07:00,12.382
26/09/2022,08:00,10.59
26/09/2022,09:00,9.222
26/09/2022,10:00,5.613
26/09/2022,11:00,4.009
26/09/2022,12:00,2.901
26/09/2022,13:00,2.264
26/09/2022,14:00,2.217
26/09/2022,15:00,2.642
26/09/2022,16:00,2.83
26/09/2022,17:00,2.712
26/09/2022,18:00,2.901
26/09/2022,19:00,4.222
26/09/2022,20:00,3.75
26/09/2022,21:00,3.278
26/09/2022,22:00,1.439
26/09/2022,23:00,1.557
26/09/2022,24:00:00,1.226
27/09/2022,01:00,1.25
27/09/2022,02:00,1.344
27/09/2022,03:00,2.359
27/09/2022,04:00,3.632
27/09/2022,05:00,4.434
27/09/2022,06:00,5.118
27/09/2022,07:00,5.755
27/09/2022,08:00,4.575
27/09/2022,09:00,3.632
27/09/2022,10:00,3.585
27/09/2022,11:00,3.09
27/09/2022,12:00,3.231
27/09/2022,13:00,3.066
27/09/2022,14:00,2.382
27/09/2022,15:00,2.547
27/09/2022,16:00,2.712
27/09/2022,17:00,2.594
27/09/2022,18:00,3.491
27/09/2022,19:00,5
27/09/2022,20:00,3.986
27/09/2022,21:00,2.524
27/09/2022,22:00,3.349
27/09/2022,23:00,3.703
27/09/2022,24:00:00,2.83
28/09/2022,01:00,2.429
28/09/2022,02:00,2.524
28/09/2022,03:00,2.17
28/09/2022,04:00,2.453
28/09/2022,05:00,2.241
28/09/2022,06:00,2.783
28/09/2022,07:00,2.689
28/09/2022,08:00,3.066
28/09/2022,09:00,2.123
28/09/2022,10:00,2.17
28/09/2022,11:00,2.264
28/09/2022,12:00,2.217
28/09/2022,13:00,1.887
28/09/2022,14:00,1.226
28/09/2022,15:00,1.533
28/09/2022,16:00,1.604
28/09/2022,17:00,1.509
28/09/2022,18:00,2.193
28/09/2022,19:00,2.642
28/09/2022,20:00,2.406
28/09/2022,21:00,1.557
28/09/2022,22:00,0.943
28/09/2022,23:00,0.849
28/09/2022,24:00:00,1.085
29/09/2022,01:00,2.052
29/09/2022,02:00,2.783
29/09/2022,03:00,2.783
29/09/2022,04:00,2.547
29/09/2022,05:00,2.193
29/09/2022,06:00,2.075
29/09/2022,07:00,2.547
29/09/2022,08:00,2.547
29/09/2022,09:00,7.948
29/09/2022,10:00,4.057
29/09/2022,11:00,3.868
29/09/2022,12:00,3.892
29/09/2022,13:00,2.925
29/09/2022,14:00,4.481
29/09/2022,15:00,4.976
29/09/2022,16:00,4.599
29/09/2022,17:00,4.575
29/09/2022,18:00,6.179
29/09/2022,19:00,8.208
29/09/2022,20:00,8.09
29/09/2022,21:00,10.189
29/09/2022,22:00,11.722
29/09/2022,23:00,13.373
29/09/2022,24:00:00,12.241
30/09/2022,01:00,10.802
30/09/2022,02:00,10.92
30/09/2022,03:00,8.443
30/09/2022,04:00,7.712
30/09/2022,05:00,6.604
30/09/2022,06:00,8.066
30/09/2022,07:00,8.113
30/09/2022,08:00,8.609
30/09/2022,09:00,9.104
30/09/2022,10:00,7.642
30/09/2022,11:00,11.533
30/09/2022,12:00,9.623
30/09/2022,13:00,8.019
30/09/2022,14:00,3.821
30/09/2022,15:00,2.689
30/09/2022,16:00,1.981
30/09/2022,17:00,2.689
30/09/2022,18:00,2.264
30/09/2022,19:00,3.208
30/09/2022,20:00,6.014
30/09/2022,21:00,7.948
30/09/2022,22:00,5.566
30/09/2022,23:00,5.613
30/09/2022,24:00:00,4.693
01/10/2022,01:00,3.915
01/10/2022,02:00,3.703
01/10/2022,03:00,4.528
01/10/2022,04:00,4.953
01/10/2022,05:00,5.684
01/10/2022,06:00,4.623
01/10/2022,07:00,5.236
01/10/2022,08:00,5.377
01/10/2022,09:00,4.906
01/10/2022,10:00,4.646
01/10/2022,11:00,4.693
01/10/2022,12:00,4.175
01/10/2022,13:00,3.137
01/10/2022,14:00,3.255
01/10/2022,15:00,3.373
01/10/2022,16:00,2.995
01/10/2022,17:00,3.443
01/10/2022,18:00,4.057
01/10/2022,19:00,3.679
01/10/2022,20:00,3.703
01/10/2022,21:00,4.741
01/10/2022,22:00,4.41
01/10/2022,23:00,3.774
01/10/2022,24:00:00,4.175
02/10/2022,01:00,4.835
02/10/2022,02:00,4.717
02/10/2022,03:00,5.542
02/10/2022,04:00,5.33
02/10/2022,05:00,5.307
02/10/2022,06:00,6.274
02/10/2022,07:00,7.948
02/10/2022,08:00,6.84
02/10/2022,09:00,6.439
02/10/2022,10:00,6.226
02/10/2022,11:00,5.731
02/10/2022,12:00,5.967
02/10/2022,13:00,5.401
02/10/2022,14:00,4.859
02/10/2022,15:00,4.505
02/10/2022,16:00,4.198
02/10/2022,17:00,4.198
02/10/2022,18:00,5.212
02/10/2022,19:00,7.406
02/10/2022,20:00,11.722
02/10/2022,21:00,12.099
02/10/2022,22:00,6.627
02/10/2022,23:00,5.637
02/10/2022,24:00:00,5.118
03/10/2022,01:00,5.118
03/10/2022,02:00,5
03/10/2022,03:00,4.575
03/10/2022,04:00,4.67
03/10/2022,05:00,5.259
03/10/2022,06:00,5.755
03/10/2022,07:00,6.439
03/10/2022,08:00,13.656
03/10/2022,09:00,12.076
03/10/2022,10:00,7.524
03/10/2022,11:00,3.962
03/10/2022,12:00,5.566
03/10/2022,13:00,6.061
03/10/2022,14:00,6.792
03/10/2022,15:00,6.84
03/10/2022,16:00,6.533
03/10/2022,17:00,6.533
03/10/2022,18:00,6.675
03/10/2022,19:00,6.627
03/10/2022,20:00,7.193
03/10/2022,21:00,7.759
03/10/2022,22:00,8.892
03/10/2022,23:00,6.533
03/10/2022,24:00:00,6.014
04/10/2022,01:00,5.731
04/10/2022,02:00,5.495
04/10/2022,03:00,3.396
04/10/2022,04:00,3.703
04/10/2022,05:00,2.972
04/10/2022,06:00,3.042
04/10/2022,07:00,7.123
04/10/2022,08:00,4.835
04/10/2022,09:00,3.113
04/10/2022,10:00,4.505
04/10/2022,11:00,4.458
04/10/2022,12:00,5.189
04/10/2022,13:00,4.552
04/10/2022,14:00,3.137
04/10/2022,15:00,4.269
04/10/2022,16:00,3.443
04/10/2022,17:00,3.585
04/10/2022,18:00,2.736
04/10/2022,19:00,3.774
04/10/2022,20:00,5.92
04/10/2022,21:00,3.726
04/10/2022,22:00,2.359
04/10/2022,23:00,7.17
04/10/2022,24:00:00,7.689
05/10/2022,01:00,7.311
05/10/2022,02:00,9.34
05/10/2022,03:00,3.042
05/10/2022,04:00,2.618
05/10/2022,05:00,2.783
05/10/2022,06:00,4.741
05/10/2022,07:00,3.42
05/10/2022,08:00,2.901
05/10/2022,09:00,3.962
05/10/2022,10:00,1.392
05/10/2022,11:00,1.368
05/10/2022,12:00,2.877
05/10/2022,13:00,3.208
05/10/2022,14:00,2.877
05/10/2022,15:00,2.406
05/10/2022,16:00,3.042
05/10/2022,17:00,1.557
05/10/2022,18:00,1.698
05/10/2022,19:00,1.816
05/10/2022,20:00,1.792
05/10/2022,21:00,2.052
05/10/2022,22:00,2.995
05/10/2022,23:00,3.302
05/10/2022,24:00:00,3.656
06/10/2022,01:00,3.396
06/10/2022,02:00,3.066
06/10/2022,03:00,3.302
06/10/2022,04:00,3.986
06/10/2022,05:00,4.623
06/10/2022,06:00,5.094
06/10/2022,07:00,6.462
06/10/2022,08:00,7.925
06/10/2022,09:00,7.759
06/10/2022,10:00,6.981
06/10/2022,11:00,7.972
06/10/2022,12:00,7.359
06/10/2022,13:00,6.085
06/10/2022,14:00,6.392
06/10/2022,15:00,7.099
06/10/2022,16:00,6.698
06/10/2022,17:00,5.448
06/10/2022,18:00,5.024
06/10/2022,19:00,4.481
06/10/2022,20:00,3.774
06/10/2022,21:00,3.609
06/10/2022,22:00,3.679
06/10/2022,23:00,3.113
06/10/2022,24:00:00,3.113
07/10/2022,01:00,3.349
07/10/2022,02:00,3.349
07/10/2022,03:00,3.349
07/10/2022,04:00,3.538
07/10/2022,05:00,3.609
07/10/2022,06:00,3.679
07/10/2022,07:00,5.071
07/10/2022,08:00,6.344
07/10/2022,09:00,4.976
07/10/2022,10:00,4.41
07/10/2022,11:00,6.509
07/10/2022,12:00,6.085
07/10/2022,13:00,3.962
07/10/2022,14:00,5.118
07/10/2022,15:00,4.481
07/10/2022,16:00,3.443
07/10/2022,17:00,4.552
07/10/2022,18:00,5.118
07/10/2022,19:00,4.859
07/10/2022,20:00,3.278
07/10/2022,21:00,2.972
07/10/2022,22:00,3.019
07/10/2022,23:00,3.538
07/10/2022,24:00:00,2.948
08/10/2022,01:00,3.632
08/10/2022,02:00,2.524
08/10/2022,03:00,2.689
08/10/2022,04:00,2.807
08/10/2022,05:00,5.165
08/10/2022,06:00,5.33
08/10/2022,07:00,4.623
08/10/2022,08:00,4.505
08/10/2022,09:00,4.41
08/10/2022,10:00,4.741
08/10/2022,11:00,4.528
08/10/2022,12:00,4.033
08/10/2022,13:00,4.151
08/10/2022,14:00,3.939
08/10/2022,15:00,8.986
08/10/2022,16:00,5.024
08/10/2022,17:00,6.415
08/10/2022,18:00,6.344
08/10/2022,19:00,7.241
08/10/2022,20:00,14.363
08/10/2022,21:00,16.698
08/10/2022,22:00,14.67
08/10/2022,23:00,10.165
08/10/2022,24:00:00,9.387
09/10/2022,01:00,8.774
09/10/2022,02:00,9.363
09/10/2022,03:00,9.929
09/10/2022,04:00,12.571
09/10/2022,05:00,13.278
09/10/2022,06:00,12.689
09/10/2022,07:00,10.259
09/10/2022,08:00,8.632
09/10/2022,09:00,8.42
09/10/2022,10:00,7.123
09/10/2022,11:00,8.231
09/10/2022,12:00,5.873
09/10/2022,13:00,4.741
09/10/2022,14:00,4.717
09/10/2022,15:00,4.646
09/10/2022,16:00,5.613
09/10/2022,17:00,4.717
09/10/2022,18:00,6.486
09/10/2022,19:00,6.321
09/10/2022,20:00,7.995
09/10/2022,21:00,9.316
09/10/2022,22:00,9.34
09/10/2022,23:00,4.835
09/10/2022,24:00:00,4.859
10/10/2022,01:00,4.151
10/10/2022,02:00,2.901
10/10/2022,03:00,2.406
10/10/2022,04:00,3.396
10/10/2022,05:00,4.976
10/10/2022,06:00,5.802
10/10/2022,07:00,6.203
10/10/2022,08:00,6.368
10/10/2022,09:00,5.873
10/10/2022,10:00,5.778
10/10/2022,11:00,5.283
10/10/2022,12:00,4.41
10/10/2022,13:00,5.425
10/10/2022,14:00,4.693
10/10/2022,15:00,5.778
10/10/2022,16:00,7.311
10/10/2022,17:00,14.528
10/10/2022,18:00,14.505
10/10/2022,19:00,7.972
10/10/2022,20:00,8.255
10/10/2022,21:00,8.679
10/10/2022,22:00,9.057
10/10/2022,23:00,10.142
10/10/2022,24:00:00,8.491
11/10/2022,01:00,7.123
11/10/2022,02:00,7.524
11/10/2022,03:00,6.863
11/10/2022,04:00,6.415
11/10/2022,05:00,6.981
11/10/2022,06:00,8.208
11/10/2022,07:00,11.675
11/10/2022,08:00,17.146
11/10/2022,09:00,13.656
11/10/2022,10:00,8.774
11/10/2022,11:00,6.58
11/10/2022,12:00,5.047
11/10/2022,13:00,4.976
11/10/2022,14:00,5.189
11/10/2022,15:00,6.156
11/10/2022,16:00,6.58
11/10/2022,17:00,8.373
11/10/2022,18:00,7.783
11/10/2022,19:00,9.764
11/10/2022,20:00,14.033
11/10/2022,21:00,15.66
11/10/2022,22:00,14.316
11/10/2022,23:00,12.783
11/10/2022,24:00:00,12.901
12/10/2022,01:00,11.91
12/10/2022,02:00,11.557
12/10/2022,03:00,10.543
12/10/2022,04:00,10.92
12/10/2022,05:00,9.929
12/10/2022,06:00,15.472
12/10/2022,07:00,9.505
12/10/2022,08:00,10.613
12/10/2022,09:00,11.698
12/10/2022,10:00,10.118
12/10/2022,11:00,10.967
12/10/2022,12:00,11.014
12/10/2022,13:00,10.708
12/10/2022,14:00,7.146
12/10/2022,15:00,8.373
12/10/2022,16:00,9.458
12/10/2022,17:00,10.519
12/10/2022,18:00,10.377
12/10/2022,19:00,9.387
12/10/2022,20:00,5.047
12/10/2022,21:00,2.476
12/10/2022,22:00,4.292
12/10/2022,23:00,4.717
12/10/2022,24:00:00,5.66
13/10/2022,01:00,4.859
13/10/2022,02:00,5.236
13/10/2022,03:00,4.835
13/10/2022,04:00,4.788
13/10/2022,05:00,4.741
13/10/2022,06:00,5.071
13/10/2022,07:00,6.392
13/10/2022,08:00,13.113
13/10/2022,09:00,17.406
13/10/2022,10:00,10.189
13/10/2022,11:00,5.896
13/10/2022,12:00,6.085
13/10/2022,13:00,5.189
13/10/2022,14:00,5.094
13/10/2022,15:00,6.934
13/10/2022,16:00,8.184
13/10/2022,17:00,11.769
13/10/2022,18:00,9.646
13/10/2022,19:00,15.543
13/10/2022,20:00,24.788
13/10/2022,21:00,18.986
13/10/2022,22:00,19.481
13/10/2022,23:00,18.255
13/10/2022,24:00:00,15.59
14/10/2022,01:00,13.326
14/10/2022,02:00,12.005
14/10/2022,03:00,8.184
14/10/2022,04:00,5.59
14/10/2022,05:00,4.859
14/10/2022,06:00,6.132
14/10/2022,07:00,8.019
14/10/2022,08:00,9.269
14/10/2022,09:00,11.958
14/10/2022,10:00,4.552
14/10/2022,11:00,4.387
14/10/2022,12:00,4.363
14/10/2022,13:00,4.623
14/10/2022,14:00,5.495
14/10/2022,15:00,5.024
14/10/2022,16:00,2.995
14/10/2022,17:00,2.5
14/10/2022,18:00,2.335
14/10/2022,19:00,2.901
14/10/2022,20:00,4.575
14/10/2022,21:00,8.75
14/10/2022,22:00,7.665
14/10/2022,23:00,6.934
14/10/2022,24:00:00,9.835
15/10/2022,01:00,12.783
15/10/2022,02:00,8.609
15/10/2022,03:00,10.448
15/10/2022,04:00,9.198
15/10/2022,05:00,4.151
15/10/2022,06:00,3.137
15/10/2022,07:00,1.981
15/10/2022,08:00,3.137
15/10/2022,09:00,2.642
15/10/2022,10:00,2.689
15/10/2022,11:00,3.231
15/10/2022,12:00,2.689
15/10/2022,13:00,2.995
15/10/2022,14:00,2.571
15/10/2022,15:00,2.311
15/10/2022,16:00,3.467
15/10/2022,17:00,3.75
15/10/2022,18:00,5.189
15/10/2022,19:00,5.094
15/10/2022,20:00,4.245
15/10/2022,21:00,4.151
15/10/2022,22:00,3.467
15/10/2022,23:00,3.703
15/10/2022,24:00:00,2.948
16/10/2022,01:00,3.349
16/10/2022,02:00,3.679
16/10/2022,03:00,2.736
16/10/2022,04:00,2.759
16/10/2022,05:00,3.797
16/10/2022,06:00,2.453
16/10/2022,07:00,2.311
16/10/2022,08:00,2.146
16/10/2022,09:00,2.429
16/10/2022,10:00,2.736
16/10/2022,11:00,2.311
16/10/2022,12:00,2.123
16/10/2022,13:00,1.745
16/10/2022,14:00,1.698
16/10/2022,15:00,2.241
16/10/2022,16:00,5.943
16/10/2022,17:00,3.915
16/10/2022,18:00,5.613
16/10/2022,19:00,5.118
16/10/2022,20:00,6.061
16/10/2022,21:00,5.637
16/10/2022,22:00,5.236
16/10/2022,23:00,4.693
16/10/2022,24:00:00,2.807
17/10/2022,01:00,2.193
17/10/2022,02:00,2.217
17/10/2022,03:00,2.288
17/10/2022,04:00,2.925
17/10/2022,05:00,3.467
17/10/2022,06:00,3.774
17/10/2022,07:00,6.156
17/10/2022,08:00,6.321
17/10/2022,09:00,5.896
17/10/2022,10:00,6.156
17/10/2022,11:00,8.491
17/10/2022,12:00,7.571
17/10/2022,13:00,7.877
17/10/2022,14:00,6.769
17/10/2022,15:00,8.892
17/10/2022,16:00,9.929
17/10/2022,17:00,7.925
17/10/2022,18:00,12.736
17/10/2022,19:00,5.92
17/10/2022,20:00,5.849
17/10/2022,21:00,5.212
17/10/2022,22:00,4.67
17/10/2022,23:00,4.67
17/10/2022,24:00:00,4.811
18/10/2022,01:00,6.981
18/10/2022,02:00,8.491
18/10/2022,03:00,4.906
18/10/2022,04:00,6.509
18/10/2022,05:00,5.684
18/10/2022,06:00,6.085
18/10/2022,07:00,19.434
18/10/2022,08:00,10.849
18/10/2022,09:00,13.679
18/10/2022,10:00,17.948
18/10/2022,11:00,18.844
18/10/2022,12:00,9.693
18/10/2022,13:00,5.59
18/10/2022,14:00,6.368
18/10/2022,15:00,4.859
18/10/2022,16:00,4.906
18/10/2022,17:00,5.542
18/10/2022,18:00,6.203
18/10/2022,19:00,4.057
18/10/2022,20:00,4.811
18/10/2022,21:00,6.84
18/10/2022,22:00,9.552
18/10/2022,23:00,9.552
18/10/2022,24:00:00,7.076
19/10/2022,01:00,5.943
19/10/2022,02:00,4.67
19/10/2022,03:00,4.41
19/10/2022,04:00,5.165
19/10/2022,05:00,5.731
19/10/2022,06:00,5
19/10/2022,07:00,6.392
19/10/2022,08:00,3.491
19/10/2022,09:00,2.972
19/10/2022,10:00,3.066
19/10/2022,11:00,3.349
19/10/2022,12:00,3.349
19/10/2022,13:00,3.514
19/10/2022,14:00,4.009
19/10/2022,15:00,4.198
19/10/2022,16:00,4.528
19/10/2022,17:00,5.212
19/10/2022,18:00,6.061
19/10/2022,19:00,7.429
19/10/2022,20:00,7.712
19/10/2022,21:00,8.797
19/10/2022,22:00,9.198
19/10/2022,23:00,9.528
19/10/2022,24:00:00,9.976
20/10/2022,01:00,11.25
20/10/2022,02:00,11.109
20/10/2022,03:00,12.83
20/10/2022,04:00,12.217
20/10/2022,05:00,12.193
20/10/2022,06:00,12.594
20/10/2022,07:00,15.472
20/10/2022,08:00,11.439
20/10/2022,09:00,8.632
20/10/2022,10:00,6.439
20/10/2022,11:00,5.142
20/10/2022,12:00,5.637
20/10/2022,13:00,4.575
20/10/2022,14:00,7.642
20/10/2022,15:00,7.359
20/10/2022,16:00,6.509
20/10/2022,17:00,6.934
20/10/2022,18:00,7.901
20/10/2022,19:00,10.873
20/10/2022,20:00,12.995
20/10/2022,21:00,15.849
20/10/2022,22:00,18.679
20/10/2022,23:00,14.434
20/10/2022,24:00:00,14.033
21/10/2022,01:00,9.434
21/10/2022,02:00,13.137
21/10/2022,03:00,15.307
21/10/2022,04:00,13.208
21/10/2022,05:00,10.566
21/10/2022,06:00,8.066
21/10/2022,07:00,9.245
21/10/2022,08:00,8.844
21/10/2022,09:00,11.557
21/10/2022,10:00,13.75
21/10/2022,11:00,10.943
21/10/2022,12:00,10.495
21/10/2022,13:00,12.689
21/10/2022,14:00,8.986
21/10/2022,15:00,4.575
21/10/2022,16:00,2.854
21/10/2022,17:00,3.302
21/10/2022,18:00,4.269
21/10/2022,19:00,4.198
21/10/2022,20:00,4.434
21/10/2022,21:00,4.316
21/10/2022,22:00,3.939
21/10/2022,23:00,5.165
21/10/2022,24:00:00,2.736
22/10/2022,01:00,2.217
22/10/2022,02:00,2.547
22/10/2022,03:00,2.807
22/10/2022,04:00,2.524
22/10/2022,05:00,2.571
22/10/2022,06:00,3.561
22/10/2022,07:00,5.118
22/10/2022,08:00,3.844
22/10/2022,09:00,5.472
22/10/2022,10:00,7.689
22/10/2022,11:00,7.736
22/10/2022,12:00,4.434
22/10/2022,13:00,4.387
22/10/2022,14:00,4.481
22/10/2022,15:00,4.387
22/10/2022,16:00,3.868
22/10/2022,17:00,4.033
22/10/2022,18:00,6.792
22/10/2022,19:00,7.288
22/10/2022,20:00,10.071
22/10/2022,21:00,14.505
22/10/2022,22:00,8.656
22/10/2022,23:00,8.797
22/10/2022,24:00:00,7.5
23/10/2022,01:00,8.208
23/10/2022,02:00,7.028
23/10/2022,03:00,5.849
23/10/2022,04:00,7.429
23/10/2022,05:00,7.099
23/10/2022,06:00,10.33
23/10/2022,07:00,9.34
23/10/2022,08:00,9.41
23/10/2022,09:00,7.311
23/10/2022,10:00,6.392
23/10/2022,11:00,2.5
23/10/2022,12:00,3.892
23/10/2022,13:00,3.868
23/10/2022,14:00,2.83
23/10/2022,15:00,2.028
23/10/2022,16:00,2.712
23/10/2022,17:00,3.609
23/10/2022,18:00,6.627
23/10/2022,19:00,11.745
23/10/2022,20:00,11.415
23/10/2022,21:00,11.769
23/10/2022,22:00,13.844
23/10/2022,23:00,12.359
23/10/2022,24:00:00,6.179
24/10/2022,01:00,2.005
24/10/2022,02:00,4.009
24/10/2022,03:00,4.198
24/10/2022,04:00,3.703
24/10/2022,05:00,4.104
24/10/2022,06:00,5.708
24/10/2022,07:00,9.764
24/10/2022,08:00,8.797
24/10/2022,09:00,8.656
24/10/2022,10:00,6.038
24/10/2022,11:00,7.429
24/10/2022,12:00,6.769
24/10/2022,13:00,5.401
24/10/2022,14:00,3.514
24/10/2022,15:00,5.047
24/10/2022,16:00,4.953
24/10/2022,17:00,6.25
24/10/2022,18:00,2.83
24/10/2022,19:00,3.278
24/10/2022,20:00,3.325
24/10/2022,21:00,2.642
24/10/2022,22:00,2.594
24/10/2022,23:00,2.807
24/10/2022,24:00:00,3.019
25/10/2022,01:00,3.137
25/10/2022,02:00,3.231
25/10/2022,03:00,3.137
25/10/2022,04:00,2.972
25/10/2022,05:00,2.972
25/10/2022,06:00,3.302
25/10/2022,07:00,5.519
25/10/2022,08:00,7.972
25/10/2022,09:00,6.745
25/10/2022,10:00,3.844
25/10/2022,11:00,3.844
25/10/2022,12:00,5.613
25/10/2022,13:00,4.693
25/10/2022,14:00,4.033
25/10/2022,15:00,3.892
25/10/2022,16:00,4.151
25/10/2022,17:00,3.797
25/10/2022,18:00,4.481
25/10/2022,19:00,5.472
25/10/2022,20:00,5.826
25/10/2022,21:00,5.448
25/10/2022,22:00,5.448
25/10/2022,23:00,4.882
25/10/2022,24:00:00,9.458
26/10/2022,01:00,4.906
26/10/2022,02:00,4.599
26/10/2022,03:00,4.387
26/10/2022,04:00,4.552
26/10/2022,05:00,7.406
26/10/2022,06:00,7.712
26/10/2022,07:00,4.623
26/10/2022,08:00,4.481
26/10/2022,09:00,4.693
26/10/2022,10:00,4.104
26/10/2022,11:00,3.467
26/10/2022,12:00,3.939
26/10/2022,13:00,5.943
26/10/2022,14:00,5.778
26/10/2022,15:00,6.297
26/10/2022,16:00,6.84
26/10/2022,17:00,6.533
26/10/2022,18:00,7.005
26/10/2022,19:00,8.042
26/10/2022,20:00,7.925
26/10/2022,21:00,7.453
26/10/2022,22:00,8.231
26/10/2022,23:00,10.142
26/10/2022,24:00:00,11.321
27/10/2022,01:00,9.717
27/10/2022,02:00,9.363
27/10/2022,03:00,9.269
27/10/2022,04:00,9.717
27/10/2022,05:00,10.92
27/10/2022,06:00,17.17
27/10/2022,07:00,9.057
27/10/2022,08:00,8.443
27/10/2022,09:00,11.274
27/10/2022,10:00,12.5
27/10/2022,11:00,7.382
27/10/2022,12:00,8.585
27/10/2022,13:00,7.099
27/10/2022,14:00,5.377
27/10/2022,15:00,4.788
27/10/2022,16:00,4.481
27/10/2022,17:00,4.859
27/10/2022,18:00,5.826
27/10/2022,19:00,7.288
27/10/2022,20:00,9.623
27/10/2022,21:00,9.127
27/10/2022,22:00,7.028
27/10/2022,23:00,7.052
27/10/2022,24:00:00,8.042
28/10/2022,01:00,14.245
28/10/2022,02:00,9.623
28/10/2022,03:00,9.175
28/10/2022,04:00,8.42
28/10/2022,05:00,8.255
28/10/2022,06:00,13.491
28/10/2022,07:00,12.028
28/10/2022,08:00,6.91
28/10/2022,09:00,5
28/10/2022,10:00,2.359
28/10/2022,11:00,2.712
28/10/2022,12:00,3.255
28/10/2022,13:00,2.217
28/10/2022,14:00,3.538
28/10/2022,15:00,4.057
28/10/2022,16:00,3.726
28/10/2022,17:00,3.42
28/10/2022,18:00,5.896
28/10/2022,19:00,5.283
28/10/2022,20:00,5.991
28/10/2022,21:00,5.472
28/10/2022,22:00,5.212
28/10/2022,23:00,5.66
28/10/2022,24:00:00,7.712
29/10/2022,01:00,7.5
29/10/2022,02:00,6.91
29/10/2022,03:00,7.712
29/10/2022,04:00,7.618
29/10/2022,05:00,6.934
29/10/2022,06:00,6.533
29/10/2022,07:00,6.344
29/10/2022,08:00,5.967
29/10/2022,09:00,6.156
29/10/2022,10:00,6.533
29/10/2022,11:00,7.264
29/10/2022,12:00,9.009
29/10/2022,13:00,11.863
29/10/2022,14:00,13.821
29/10/2022,15:00,14.269
29/10/2022,16:00,14.057
29/10/2022,17:00,19.481
29/10/2022,18:00,23.019
29/10/2022,19:00,29.198
29/10/2022,20:00,24.906
29/10/2022,21:00,11.368
29/10/2022,22:00,7.524
29/10/2022,23:00,7.736
29/10/2022,24:00:00,7.594
30/10/2022,01:00,7.099
30/10/2022,02:00,6.604
30/10/2022,03:00,6.651
30/10/2022,04:00,7.854
30/10/2022,05:00,8.75
30/10/2022,06:00,7.476
30/10/2022,07:00,7.288
30/10/2022,08:00,7.17
30/10/2022,09:00,6.769
30/10/2022,10:00,6.486
30/10/2022,11:00,6.321
30/10/2022,12:00,6.226
30/10/2022,13:00,6.061
30/10/2022,14:00,4.976
30/10/2022,15:00,2.877
30/10/2022,16:00,1.769
30/10/2022,17:00,2.193
30/10/2022,18:00,2.241
30/10/2022,19:00,3.349
30/10/2022,20:00,4.41
30/10/2022,21:00,5.236
30/10/2022,22:00,6.439
30/10/2022,23:00,7.146
30/10/2022,24:00:00,7.359
31/10/2022,01:00,7.382
31/10/2022,02:00,7.217
31/10/2022,03:00,7.854
31/10/2022,04:00,7.099
31/10/2022,05:00,6.415
31/10/2022,06:00,7.618
31/10/2022,07:00,7.759
31/10/2022,08:00,10.991
31/10/2022,09:00,9.505
31/10/2022,10:00,5.92
31/10/2022,11:00,6.321
31/10/2022,12:00,7.665
31/10/2022,13:00,8.561
31/10/2022,14:00,6.344
31/10/2022,15:00,5.991
31/10/2022,16:00,5.943
31/10/2022,17:00,6.533
31/10/2022,18:00,7.594
31/10/2022,19:00,6.84
31/10/2022,20:00,8.066
31/10/2022,21:00,10.873
31/10/2022,22:00,7.123
31/10/2022,23:00,7.995
31/10/2022,24:00:00,9.764
01/11/2022,01:00,13.09
01/11/2022,02:00,12.335
01/11/2022,03:00,4.316
01/11/2022,04:00,3.137
01/11/2022,05:00,2.712
01/11/2022,06:00,2.901
01/11/2022,07:00,2.524
01/11/2022,08:00,4.929
01/11/2022,09:00,5.542
01/11/2022,10:00,4.906
01/11/2022,11:00,4.316
01/11/2022,12:00,5.613
01/11/2022,13:00,6.58
01/11/2022,14:00,5.047
01/11/2022,15:00,6.509
01/11/2022,16:00,7.759
01/11/2022,17:00,6.274
01/11/2022,18:00,4.575
01/11/2022,19:00,3.514
01/11/2022,20:00,3.373
01/11/2022,21:00,2.948
01/11/2022,22:00,2.476
01/11/2022,23:00,2.288
01/11/2022,24:00:00,2.476
02/11/2022,01:00,3.09
02/11/2022,02:00,2.123
02/11/2022,03:00,2.736
02/11/2022,04:00,5.566
02/11/2022,05:00,5.236
02/11/2022,06:00,14.835
02/11/2022,07:00,4.741
02/11/2022,08:00,5.802
02/11/2022,09:00,7.052
02/11/2022,10:00,5.236
02/11/2022,11:00,5.542
02/11/2022,12:00,7.571
02/11/2022,13:00,8.679
02/11/2022,14:00,11.486
02/11/2022,15:00,11.274
02/11/2022,16:00,11.627
02/11/2022,17:00,10.047
02/11/2022,18:00,7.123
02/11/2022,19:00,3.231
02/11/2022,20:00,2.689
02/11/2022,21:00,3.679
02/11/2022,22:00,7.453
02/11/2022,23:00,9.127
02/11/2022,24:00:00,9.34
03/11/2022,01:00,7.17
03/11/2022,02:00,5.826
03/11/2022,03:00,6.061
03/11/2022,04:00,6.392
03/11/2022,05:00,7.359
03/11/2022,06:00,9.835
03/11/2022,07:00,8.939
03/11/2022,08:00,11.297
03/11/2022,09:00,12.594
03/11/2022,10:00,10.731
03/11/2022,11:00,9.693
03/11/2022,12:00,8.726
03/11/2022,13:00,7.311
03/11/2022,14:00,7.193
03/11/2022,15:00,7.099
03/11/2022,16:00,9.269
03/11/2022,17:00,9.741
03/11/2022,18:00,13.844
03/11/2022,19:00,20.472
03/11/2022,20:00,20.165
03/11/2022,21:00,21.981
03/11/2022,22:00,28.538
03/11/2022,23:00,19.906
03/11/2022,24:00:00,18.726
04/11/2022,01:00,15.92
04/11/2022,02:00,13.16
04/11/2022,03:00,12.052
04/11/2022,04:00,8.184
04/11/2022,05:00,9.434
04/11/2022,06:00,8.255
04/11/2022,07:00,6.887
04/11/2022,08:00,9.576
04/11/2022,09:00,6.981
04/11/2022,10:00,3.184
04/11/2022,11:00,2.642
04/11/2022,12:00,2.217
04/11/2022,13:00,3.066
04/11/2022,14:00,3.585
04/11/2022,15:00,3.019
04/11/2022,16:00,2.759
04/11/2022,17:00,3.325
04/11/2022,18:00,3.491
04/11/2022,19:00,8.892
04/11/2022,20:00,6.321
04/11/2022,21:00,8.443
04/11/2022,22:00,9.387
04/11/2022,23:00,7.594
04/11/2022,24:00:00,8.726
05/11/2022,01:00,7.099
05/11/2022,02:00,5.613
05/11/2022,03:00,5.307
05/11/2022,04:00,5.024
05/11/2022,05:00,5.542
05/11/2022,06:00,5.731
05/11/2022,07:00,14.316
05/11/2022,08:00,7.076
05/11/2022,09:00,11.014
05/11/2022,10:00,15.708
05/11/2022,11:00,14.929
05/11/2022,12:00,20.519
05/11/2022,13:00,12.877
05/11/2022,14:00,4.245
05/11/2022,15:00,3.679
05/11/2022,16:00,10.236
05/11/2022,17:00,4.929
05/11/2022,18:00,7.052
05/11/2022,19:00,29.882
05/11/2022,20:00,47.5
05/11/2022,21:00,29.835
05/11/2022,22:00,26.25
05/11/2022,23:00,31.557
05/11/2022,24:00:00,33.184
06/11/2022,01:00,33.231
06/11/2022,02:00,20.401
06/11/2022,03:00,18.609
06/11/2022,04:00,19.198
06/11/2022,05:00,17.689
06/11/2022,06:00,18.09
06/11/2022,07:00,19.175
06/11/2022,08:00,18.656
06/11/2022,09:00,16.486
06/11/2022,10:00,19.717
06/11/2022,11:00,13.184
06/11/2022,12:00,11.863
06/11/2022,13:00,9.906
06/11/2022,14:00,8.679
06/11/2022,15:00,9.151
06/11/2022,16:00,10.826
06/11/2022,17:00,8.443
06/11/2022,18:00,4.575
06/11/2022,19:00,4.505
06/11/2022,20:00,6.061
06/11/2022,21:00,4.741
06/11/2022,22:00,4.292
06/11/2022,23:00,3.066
06/11/2022,24:00:00,3.585
07/11/2022,01:00,3.066
07/11/2022,02:00,3.868
07/11/2022,03:00,4.127
07/11/2022,04:00,4.245
07/11/2022,05:00,4.788
07/11/2022,06:00,5.307
07/11/2022,07:00,4.929
07/11/2022,08:00,6.816
07/11/2022,09:00,8.491
07/11/2022,10:00,7.925
07/11/2022,11:00,7.123
07/11/2022,12:00,6.934
07/11/2022,13:00,5.566
07/11/2022,14:00,5.542
07/11/2022,15:00,8.491
07/11/2022,16:00,14.41
07/11/2022,17:00,15.448
07/11/2022,18:00,11.014
07/11/2022,19:00,11.368
07/11/2022,20:00,13.09
07/11/2022,21:00,12.925
07/11/2022,22:00,10.684
07/11/2022,23:00,9.104
07/11/2022,24:00:00,7.359
08/11/2022,01:00,10.047
08/11/2022,02:00,8.585
08/11/2022,03:00,1.745
08/11/2022,04:00,4.976
08/11/2022,05:00,2.264
08/11/2022,06:00,8.443
08/11/2022,07:00,7.83
08/11/2022,08:00,9.41
08/11/2022,09:00,11.793
08/11/2022,10:00,10.849
08/11/2022,11:00,9.528
08/11/2022,12:00,7.382
08/11/2022,13:00,5.849
08/11/2022,14:00,
08/11/2022,15:00,
08/11/2022,16:00,2.712
08/11/2022,17:00,9.623
08/11/2022,18:00,4.151
08/11/2022,19:00,3.868
08/11/2022,20:00,2.925
08/11/2022,21:00,3.208
08/11/2022,22:00,6.509
08/11/2022,23:00,7.311
08/11/2022,24:00:00,3.892
09/11/2022,01:00,3.915
09/11/2022,02:00,3.986
09/11/2022,03:00,3.75
09/11/2022,04:00,3.632
09/11/2022,05:00,3.514
09/11/2022,06:00,3.844
09/11/2022,07:00,5.071
09/11/2022,08:00,8.632
09/11/2022,09:00,6.792
09/11/2022,10:00,5.637
09/11/2022,11:00,5.165
09/11/2022,12:00,5.873
09/11/2022,13:00,5.094
09/11/2022,14:00,6.226
09/11/2022,15:00,4.646
09/11/2022,16:00,4.811
09/11/2022,17:00,6.84
09/11/2022,18:00,7.429
09/11/2022,19:00,7.877
09/11/2022,20:00,5.495
09/11/2022,21:00,5.118
09/11/2022,22:00,4.976
09/11/2022,23:00,5.259
09/11/2022,24:00:00,5.425
10/11/2022,01:00,4.67
10/11/2022,02:00,4.009
10/11/2022,03:00,3.609
10/11/2022,04:00,2.83
10/11/2022,05:00,2.075
10/11/2022,06:00,1.84
10/11/2022,07:00,1.769
10/11/2022,08:00,4.623
10/11/2022,09:00,5.165
10/11/2022,10:00,3.868
10/11/2022,11:00,3.231
10/11/2022,12:00,3.491
10/11/2022,13:00,3.066
10/11/2022,14:00,2.359
10/11/2022,15:00,1.934
10/11/2022,16:00,2.5
10/11/2022,17:00,2.5
10/11/2022,18:00,3.443
10/11/2022,19:00,3.349
10/11/2022,20:00,3.349
10/11/2022,21:00,2.995
10/11/2022,22:00,2.783
10/11/2022,23:00,3.42
10/11/2022,24:00:00,5.024
11/11/2022,01:00,4.599
11/11/2022,02:00,3.679
11/11/2022,03:00,2.759
11/11/2022,04:00,2.193
11/11/2022,05:00,2.406
11/11/2022,06:00,2.193
11/11/2022,07:00,2.453
11/11/2022,08:00,4.245
11/11/2022,09:00,3.373
11/11/2022,10:00,4.009
11/11/2022,11:00,3.443
11/11/2022,12:00,5.259
11/11/2022,13:00,4.292
11/11/2022,14:00,4.151
11/11/2022,15:00,4.245
11/11/2022,16:00,5.212
11/11/2022,17:00,4.292
11/11/2022,18:00,4.363
11/11/2022,19:00,4.057
11/11/2022,20:00,4.764
11/11/2022,21:00,5
11/11/2022,22:00,5.448
11/11/2022,23:00,6.109
11/11/2022,24:00:00,6.226
12/11/2022,01:00,8.679
12/11/2022,02:00,6.533
12/11/2022,03:00,7.005
12/11/2022,04:00,7.17
12/11/2022,05:00,6.109
12/11/2022,06:00,13.16
12/11/2022,07:00,6.887
12/11/2022,08:00,5.684
12/11/2022,09:00,9.009
12/11/2022,10:00,6.769
12/11/2022,11:00,7.476
12/11/2022,12:00,8.868
12/11/2022,13:00,9.387
12/11/2022,14:00,9.764
12/11/2022,15:00,11.061
12/11/2022,16:00,12.83
12/11/2022,17:00,14.859
12/11/2022,18:00,18.443
12/11/2022,19:00,20.354
12/11/2022,20:00,23.491
12/11/2022,21:00,27.264
12/11/2022,22:00,27.359
12/11/2022,23:00,25.33
12/11/2022,24:00:00,26.486
13/11/2022,01:00,27.477
13/11/2022,02:00,25.778
13/11/2022,03:00,23.561
13/11/2022,04:00,20.519
13/11/2022,05:00,18.538
13/11/2022,06:00,17.877
13/11/2022,07:00,14.882
13/11/2022,08:00,11.509
13/11/2022,09:00,11.793
13/11/2022,10:00,9.528
13/11/2022,11:00,9.953
13/11/2022,12:00,9.293
13/11/2022,13:00,7.877
13/11/2022,14:00,9.245
13/11/2022,15:00,13.491
13/11/2022,16:00,15.943
13/11/2022,17:00,16.51
13/11/2022,18:00,16.156
13/11/2022,19:00,14.458
13/11/2022,20:00,17.335
13/11/2022,21:00,20.543
13/11/2022,22:00,21.84
13/11/2022,23:00,21.91
13/11/2022,24:00:00,22.925
14/11/2022,01:00,24.387
14/11/2022,02:00,25.236
14/11/2022,03:00,23.066
14/11/2022,04:00,21.887
14/11/2022,05:00,25.354
14/11/2022,06:00,24.977
14/11/2022,07:00,22.807
14/11/2022,08:00,22.311
14/11/2022,09:00,21.439
14/11/2022,10:00,18.797
14/11/2022,11:00,21.533
14/11/2022,12:00,21.25
14/11/2022,13:00,22.288
14/11/2022,14:00,
14/11/2022,15:00,
14/11/2022,16:00,
14/11/2022,17:00,
14/11/2022,18:00,12.429
14/11/2022,19:00,11.816
14/11/2022,20:00,14.222
14/11/2022,21:00,16.061
14/11/2022,22:00,17.5
14/11/2022,23:00,21.038
14/11/2022,24:00:00,16.675
15/11/2022,01:00,3.679
15/11/2022,02:00,15.755
15/11/2022,03:00,9.127
15/11/2022,04:00,5.542
15/11/2022,05:00,3.986
15/11/2022,06:00,3.585
15/11/2022,07:00,3.373
15/11/2022,08:00,4.08
15/11/2022,09:00,3.538
15/11/2022,10:00,2.759
15/11/2022,11:00,2.241
15/11/2022,12:00,1.651
15/11/2022,13:00,1.769
15/11/2022,14:00,2.052
15/11/2022,15:00,2.453
15/11/2022,16:00,4.222
15/11/2022,17:00,4.575
15/11/2022,18:00,6.486
15/11/2022,19:00,9.269
15/11/2022,20:00,9.363
15/11/2022,21:00,12.807
15/11/2022,22:00,13.797
15/11/2022,23:00,8.443
15/11/2022,24:00:00,4.646
16/11/2022,01:00,5.826
16/11/2022,02:00,8.208
16/11/2022,03:00,7.264
16/11/2022,04:00,3.75
16/11/2022,05:00,2.571
16/11/2022,06:00,4.175
16/11/2022,07:00,6.179
16/11/2022,08:00,9.458
16/11/2022,09:00,11.439
16/11/2022,10:00,7.524
16/11/2022,11:00,6.604
16/11/2022,12:00,6.627
16/11/2022,13:00,6.392
16/11/2022,14:00,4.811
16/11/2022,15:00,4.835
16/11/2022,16:00,5.613
16/11/2022,17:00,6.769
16/11/2022,18:00,7.076
16/11/2022,19:00,6.462
16/11/2022,20:00,6.203
16/11/2022,21:00,6.769
16/11/2022,22:00,7.335
16/11/2022,23:00,7.335
16/11/2022,24:00:00,6.439
17/11/2022,01:00,10.236
17/11/2022,02:00,6.533
17/11/2022,03:00,4.788
17/11/2022,04:00,5.118
17/11/2022,05:00,3.915
17/11/2022,06:00,3.939
17/11/2022,07:00,2.759
17/11/2022,08:00,2.264
17/11/2022,09:00,2.877
17/11/2022,10:00,2.382
17/11/2022,11:00,1.58
17/11/2022,12:00,1.415
17/11/2022,13:00,1.486
17/11/2022,14:00,1.109
17/11/2022,15:00,1.84
17/11/2022,16:00,1.604
17/11/2022,17:00,2.524
17/11/2022,18:00,2.476
17/11/2022,19:00,2.453
17/11/2022,20:00,1.745
17/11/2022,21:00,1.792
17/11/2022,22:00,1.439
17/11/2022,23:00,1.297
17/11/2022,24:00:00,1.344
18/11/2022,01:00,1.722
18/11/2022,02:00,1.415
18/11/2022,03:00,1.274
18/11/2022,04:00,1.344
18/11/2022,05:00,0.991
18/11/2022,06:00,1.179
18/11/2022,07:00,1.085
18/11/2022,08:00,1.392
18/11/2022,09:00,1.651
18/11/2022,10:00,2.075
18/11/2022,11:00,2.311
18/11/2022,12:00,2.099
18/11/2022,13:00,1.58
18/11/2022,14:00,2.075
18/11/2022,15:00,2.547
18/11/2022,16:00,2.665
18/11/2022,17:00,3.632
18/11/2022,18:00,3.939
18/11/2022,19:00,3.821
18/11/2022,20:00,4.104
18/11/2022,21:00,3.113
18/11/2022,22:00,3.396
18/11/2022,23:00,2.17
18/11/2022,24:00:00,2.146
19/11/2022,01:00,2.83
19/11/2022,02:00,3.278
19/11/2022,03:00,3.042
19/11/2022,04:00,3.16
19/11/2022,05:00,3.609
19/11/2022,06:00,3.208
19/11/2022,07:00,2.406
19/11/2022,08:00,2.83
19/11/2022,09:00,2.948
19/11/2022,10:00,2.288
19/11/2022,11:00,3.184
19/11/2022,12:00,5.943
19/11/2022,13:00,4.835
19/11/2022,14:00,6.91
19/11/2022,15:00,7.099
19/11/2022,16:00,5.59
19/11/2022,17:00,5.236
19/11/2022,18:00,5.778
19/11/2022,19:00,8.467
19/11/2022,20:00,6.604
19/11/2022,21:00,8.892
19/11/2022,22:00,13.373
19/11/2022,23:00,16.392
19/11/2022,24:00:00,16.745
20/11/2022,01:00,15.896
20/11/2022,02:00,14.811
20/11/2022,03:00,13.326
20/11/2022,04:00,9.906
20/11/2022,05:00,7.618
20/11/2022,06:00,4.175
20/11/2022,07:00,5.66
20/11/2022,08:00,3.066
20/11/2022,09:00,4.741
20/11/2022,10:00,5.802
20/11/2022,11:00,7.217
20/11/2022,12:00,6.344
20/11/2022,13:00,6.392
20/11/2022,14:00,6.722
20/11/2022,15:00,6.91
20/11/2022,16:00,6.698
20/11/2022,17:00,1.769
20/11/2022,18:00,1.887
20/11/2022,19:00,3.113
20/11/2022,20:00,5
20/11/2022,21:00,5.354
20/11/2022,22:00,6.698
20/11/2022,23:00,5.566
20/11/2022,24:00:00,6.722
21/11/2022,01:00,5.826
21/11/2022,02:00,5.401
21/11/2022,03:00,5.472
21/11/2022,04:00,4.528
21/11/2022,05:00,4.929
21/11/2022,06:00,5.472
21/11/2022,07:00,5.542
21/11/2022,08:00,9.033
21/11/2022,09:00,8.326
21/11/2022,10:00,8.16
21/11/2022,11:00,8.302
21/11/2022,12:00,6.792
21/11/2022,13:00,5.991
21/11/2022,14:00,5.849
21/11/2022,15:00,5.731
21/11/2022,16:00,6.58
21/11/2022,17:00,5.448
21/11/2022,18:00,3.75
21/11/2022,19:00,2.783
21/11/2022,20:00,2.783
21/11/2022,21:00,3.821
21/11/2022,22:00,3.868
21/11/2022,23:00,4.316
21/11/2022,24:00:00,3.491
22/11/2022,01:00,3.042
22/11/2022,02:00,3.208
22/11/2022,03:00,2.736
22/11/2022,04:00,2.925
22/11/2022,05:00,2.736
22/11/2022,06:00,2.83
22/11/2022,07:00,2.736
22/11/2022,08:00,3.703
22/11/2022,09:00,4.788
22/11/2022,10:00,5.071
22/11/2022,11:00,5.401
22/11/2022,12:00,5.401
22/11/2022,13:00,4.717
22/11/2022,14:00,4.811
22/11/2022,15:00,4.151
22/11/2022,16:00,4.764
22/11/2022,17:00,3.962
22/11/2022,18:00,5.307
22/11/2022,19:00,10.566
22/11/2022,20:00,8.326
22/11/2022,21:00,13.585
22/11/2022,22:00,13.16
22/11/2022,23:00,13.797
22/11/2022,24:00:00,12.594
23/11/2022,01:00,13.514
23/11/2022,02:00,19.859
23/11/2022,03:00,19.458
23/11/2022,04:00,18.137
23/11/2022,05:00,12.264
23/11/2022,06:00,12.359
23/11/2022,07:00,10.849
23/11/2022,08:00,14.481
23/11/2022,09:00,7.901
23/11/2022,10:00,10.189
23/11/2022,11:00,9.906
23/11/2022,12:00,5.354
23/11/2022,13:00,5.59
23/11/2022,14:00,6.887
23/11/2022,15:00,4.34
23/11/2022,16:00,3.821
23/11/2022,17:00,6.651
23/11/2022,18:00,5.354
23/11/2022,19:00,5.59
23/11/2022,20:00,5.094
23/11/2022,21:00,3.962
23/11/2022,22:00,2.359
23/11/2022,23:00,2.005
23/11/2022,24:00:00,2.547
24/11/2022,01:00,3.066
24/11/2022,02:00,3.09
24/11/2022,03:00,3.208
24/11/2022,04:00,3.844
24/11/2022,05:00,4.222
24/11/2022,06:00,3.868
24/11/2022,07:00,5.542
24/11/2022,08:00,9.151
24/11/2022,09:00,9.811
24/11/2022,10:00,19.764
24/11/2022,11:00,16.25
24/11/2022,12:00,10.684
24/11/2022,13:00,23.302
24/11/2022,14:00,26.014
24/11/2022,15:00,13.137
24/11/2022,16:00,4.009
24/11/2022,17:00,8.184
24/11/2022,18:00,4.953
24/11/2022,19:00,3.585
24/11/2022,20:00,4.717
24/11/2022,21:00,9.269
24/11/2022,22:00,15.684
24/11/2022,23:00,10.401
24/11/2022,24:00:00,9.458
25/11/2022,01:00,4.953
25/11/2022,02:00,2.429
25/11/2022,03:00,2.123
25/11/2022,04:00,2.311
25/11/2022,05:00,3.679
25/11/2022,06:00,7.972
25/11/2022,07:00,4.481
25/11/2022,08:00,6.203
25/11/2022,09:00,7.665
25/11/2022,10:00,7.783
25/11/2022,11:00,6.604
25/11/2022,12:00,7.972
25/11/2022,13:00,7.594
25/11/2022,14:00,6.226
25/11/2022,15:00,6.863
25/11/2022,16:00,7.901
25/11/2022,17:00,7.335
25/11/2022,18:00,7.453
25/11/2022,19:00,6.014
25/11/2022,20:00,4.859
25/11/2022,21:00,7.665
25/11/2022,22:00,23.043
25/11/2022,23:00,10.731
25/11/2022,24:00:00,6.934
26/11/2022,01:00,12.594
26/11/2022,02:00,6.816
26/11/2022,03:00,6.25
26/11/2022,04:00,6.038
26/11/2022,05:00,6.675
26/11/2022,06:00,7.476
26/11/2022,07:00,8.821
26/11/2022,08:00,8.278
26/11/2022,09:00,8.396
26/11/2022,10:00,7.901
26/11/2022,11:00,8.042
26/11/2022,12:00,8.09
26/11/2022,13:00,9.434
26/11/2022,14:00,8.396
26/11/2022,15:00,7.642
26/11/2022,16:00,7.17
26/11/2022,17:00,6.722
26/11/2022,18:00,5.873
26/11/2022,19:00,5.024
26/11/2022,20:00,5.024
26/11/2022,21:00,5.024
26/11/2022,22:00,4.859
26/11/2022,23:00,3.868
26/11/2022,24:00:00,2.123
27/11/2022,01:00,0.778
27/11/2022,02:00,0.542
27/11/2022,03:00,1.061
27/11/2022,04:00,1.958
27/11/2022,05:00,3.231
27/11/2022,06:00,6.651
27/11/2022,07:00,11.061
27/11/2022,08:00,10.142
27/11/2022,09:00,11.132
27/11/2022,10:00,13.208
27/11/2022,11:00,13.962
27/11/2022,12:00,13.514
27/11/2022,13:00,13.75
27/11/2022,14:00,13.467
27/11/2022,15:00,13.962
27/11/2022,16:00,14.293
27/11/2022,17:00,15.943
27/11/2022,18:00,16.958
27/11/2022,19:00,18.514
27/11/2022,20:00,21.061
27/11/2022,21:00,21.274
27/11/2022,22:00,22.17
27/11/2022,23:00,19.387
27/11/2022,24:00:00,17.453
28/11/2022,01:00,15.92
28/11/2022,02:00,14.528
28/11/2022,03:00,10.802
28/11/2022,04:00,8.373
28/11/2022,05:00,8.302
28/11/2022,06:00,8.491
28/11/2022,07:00,17.146
28/11/2022,08:00,17.406
28/11/2022,09:00,8.986
28/11/2022,10:00,8.349
28/11/2022,11:00,6.887
28/11/2022,12:00,8.939
28/11/2022,13:00,6.981
28/11/2022,14:00,11.722
28/11/2022,15:00,10.142
28/11/2022,16:00,7.241
28/11/2022,17:00,9.906
28/11/2022,18:00,13.986
28/11/2022,19:00,16.344
28/11/2022,20:00,17.925
28/11/2022,21:00,30.142
28/11/2022,22:00,19.293
28/11/2022,23:00,18.42
28/11/2022,24:00:00,18.396
29/11/2022,01:00,17.83
29/11/2022,02:00,16.392
29/11/2022,03:00,17.193
29/11/2022,04:00,15.896
29/11/2022,05:00,11.91
29/11/2022,06:00,12.17
29/11/2022,07:00,13.396
29/11/2022,08:00,11.533
29/11/2022,09:00,10.566
29/11/2022,10:00,13.797
29/11/2022,11:00,28.491
29/11/2022,12:00,16.226
29/11/2022,13:00,14.764
29/11/2022,14:00,13.726
29/11/2022,15:00,14.033
29/11/2022,16:00,16.863
29/11/2022,17:00,16.675
29/11/2022,18:00,19.127
29/11/2022,19:00,18.892
29/11/2022,20:00,20.071
29/11/2022,21:00,21.863
29/11/2022,22:00,18.892
29/11/2022,23:00,13.255
29/11/2022,24:00:00,13.915
30/11/2022,01:00,9.34
30/11/2022,02:00,12.524
30/11/2022,03:00,9.151
30/11/2022,04:00,7.5
30/11/2022,05:00,7.571
30/11/2022,06:00,7.547
30/11/2022,07:00,7.759
30/11/2022,08:00,8.066
30/11/2022,09:00,11.297
30/11/2022,10:00,11.934
30/11/2022,11:00,16.297
30/11/2022,12:00,18.679
30/11/2022,13:00,19.811
30/11/2022,14:00,23.915
30/11/2022,15:00,25.118
30/11/2022,16:00,23.019
30/11/2022,17:00,16.014
30/11/2022,18:00,17.689
30/11/2022,19:00,14.929
30/11/2022,20:00,16.51
30/11/2022,21:00,20.566
30/11/2022,22:00,26.297
30/11/2022,23:00,22.288
30/11/2022,24:00:00,20.943
01/12/2022,01:00,21.415
01/12/2022,02:00,22.123
01/12/2022,03:00,19.953
01/12/2022,04:00,16.533
01/12/2022,05:00,14.198
01/12/2022,06:00,13.679
01/12/2022,07:00,15.33
01/12/2022,08:00,16.981
01/12/2022,09:00,20.118
01/12/2022,10:00,20.566
01/12/2022,11:00,24.127
01/12/2022,12:00,24.434
01/12/2022,13:00,19.599
01/12/2022,14:00,16.557
01/12/2022,15:00,18.939
01/12/2022,16:00,18.844
01/12/2022,17:00,18.373
01/12/2022,18:00,21.061
01/12/2022,19:00,23.231
01/12/2022,20:00,22.689
01/12/2022,21:00,25.283
01/12/2022,22:00,19.458
01/12/2022,23:00,17.5
01/12/2022,24:00:00,16.981
02/12/2022,01:00,21.486
02/12/2022,02:00,17.783
02/12/2022,03:00,13.609
02/12/2022,04:00,15.566
02/12/2022,05:00,18.491
02/12/2022,06:00,20.189
02/12/2022,07:00,19.882
02/12/2022,08:00,23.797
02/12/2022,09:00,25.189
02/12/2022,10:00,23.349
02/12/2022,11:00,19.033
02/12/2022,12:00,15.943
02/12/2022,13:00,22.972
02/12/2022,14:00,22.453
02/12/2022,15:00,28.09
02/12/2022,16:00,32.099
02/12/2022,17:00,32.382
02/12/2022,18:00,27.052
02/12/2022,19:00,25.472
02/12/2022,20:00,19.293
02/12/2022,21:00,14.764
02/12/2022,22:00,12.83
02/12/2022,23:00,11.274
02/12/2022,24:00:00,10.448
03/12/2022,01:00,7.547
03/12/2022,02:00,6.887
03/12/2022,03:00,11.533
03/12/2022,04:00,5.826
03/12/2022,05:00,4.953
03/12/2022,06:00,3.962
03/12/2022,07:00,3.514
03/12/2022,08:00,3.797
03/12/2022,09:00,3.703
03/12/2022,10:00,4.127
03/12/2022,11:00,4.057
03/12/2022,12:00,3.962
03/12/2022,13:00,4.505
03/12/2022,14:00,4.505
03/12/2022,15:00,4.245
03/12/2022,16:00,4.929
03/12/2022,17:00,5.566
03/12/2022,18:00,5.212
03/12/2022,19:00,5.165
03/12/2022,20:00,4.693
03/12/2022,21:00,5.236
03/12/2022,22:00,7.665
03/12/2022,23:00,6.274
03/12/2022,24:00:00,5.33
04/12/2022,01:00,5.991
04/12/2022,02:00,5.778
04/12/2022,03:00,4.104
04/12/2022,04:00,3.585
04/12/2022,05:00,2.877
04/12/2022,06:00,4.552
04/12/2022,07:00,4.458
04/12/2022,08:00,4.764
04/12/2022,09:00,4.387
04/12/2022,10:00,4.458
04/12/2022,11:00,4.575
04/12/2022,12:00,5.094
04/12/2022,13:00,4.41
04/12/2022,14:00,3.726
04/12/2022,15:00,3.939
04/12/2022,16:00,5.873
04/12/2022,17:00,9.599
04/12/2022,18:00,10.59
04/12/2022,19:00,11.604
04/12/2022,20:00,9.222
04/12/2022,21:00,8.137
04/12/2022,22:00,7.359
04/12/2022,23:00,7.759
04/12/2022,24:00:00,7.877
05/12/2022,01:00,7.807
05/12/2022,02:00,6.769
05/12/2022,03:00,5.425
05/12/2022,04:00,4.127
05/12/2022,05:00,3.231
05/12/2022,06:00,2.948
05/12/2022,07:00,3.325
05/12/2022,08:00,3.986
05/12/2022,09:00,5.071
05/12/2022,10:00,5.519
05/12/2022,11:00,6.25
05/12/2022,12:00,5.873
05/12/2022,13:00,5.283
05/12/2022,14:00,6.085
05/12/2022,15:00,7.217
05/12/2022,16:00,6.25
05/12/2022,17:00,5.071
05/12/2022,18:00,5.212
05/12/2022,19:00,5.307
05/12/2022,20:00,3.16
05/12/2022,21:00,4.41
05/12/2022,22:00,4.552
05/12/2022,23:00,5.047
05/12/2022,24:00:00,4.929
06/12/2022,01:00,4.198
06/12/2022,02:00,3.231
06/12/2022,03:00,4.953
06/12/2022,04:00,3.609
06/12/2022,05:00,2.759
06/12/2022,06:00,2.83
06/12/2022,07:00,5.967
06/12/2022,08:00,2.5
06/12/2022,09:00,3.302
06/12/2022,10:00,3.797
06/12/2022,11:00,3.042
06/12/2022,12:00,4.245
06/12/2022,13:00,5.472
06/12/2022,14:00,5.519
06/12/2022,15:00,5.967
06/12/2022,16:00,5.236
06/12/2022,17:00,6.297
06/12/2022,18:00,6.179
06/12/2022,19:00,5.259
06/12/2022,20:00,5.212
06/12/2022,21:00,5.071
06/12/2022,22:00,4.929
06/12/2022,23:00,4.976
06/12/2022,24:00:00,3.679
07/12/2022,01:00,4.009
07/12/2022,02:00,4.599
07/12/2022,03:00,3.679
07/12/2022,04:00,2.736
07/12/2022,05:00,2.618
07/12/2022,06:00,4.292
07/12/2022,07:00,3.066
07/12/2022,08:00,4.009
07/12/2022,09:00,5.024
07/12/2022,10:00,5
07/12/2022,11:00,5.047
07/12/2022,12:00,4.269
07/12/2022,13:00,4.222
07/12/2022,14:00,6.085
07/12/2022,15:00,4.835
07/12/2022,16:00,6.415
07/12/2022,17:00,6.958
07/12/2022,18:00,6.792
07/12/2022,19:00,5.778
07/12/2022,20:00,7.476
07/12/2022,21:00,5.778
07/12/2022,22:00,7.995
07/12/2022,23:00,8.231
07/12/2022,24:00:00,4.481
08/12/2022,01:00,4.057
08/12/2022,02:00,3.491
08/12/2022,03:00,3.443
08/12/2022,04:00,3.939
08/12/2022,05:00,3.113
08/12/2022,06:00,2.759
08/12/2022,07:00,4.363
08/12/2022,08:00,6.934
08/12/2022,09:00,8.844
08/12/2022,10:00,13.679
08/12/2022,11:00,6.745
08/12/2022,12:00,5.118
08/12/2022,13:00,4.764
08/12/2022,14:00,6.226
08/12/2022,15:00,5.071
08/12/2022,16:00,5.307
08/12/2022,17:00,8.113
08/12/2022,18:00,7.359
08/12/2022,19:00,7.547
08/12/2022,20:00,7.335
08/12/2022,21:00,7.5
08/12/2022,22:00,5.991
08/12/2022,23:00,5.024
08/12/2022,24:00:00,5.731
09/12/2022,01:00,7.099
09/12/2022,02:00,10.425
09/12/2022,03:00,7.736
09/12/2022,04:00,5.826
09/12/2022,05:00,5.377
09/12/2022,06:00,5.212
09/12/2022,07:00,6.745
09/12/2022,08:00,9.646
09/12/2022,09:00,7.854
09/12/2022,10:00,7.948
09/12/2022,11:00,8.42
09/12/2022,12:00,6.061
09/12/2022,13:00,6.958
09/12/2022,14:00,5.33
09/12/2022,15:00,5
09/12/2022,16:00,7.429
09/12/2022,17:00,10.991
09/12/2022,18:00,10.92
09/12/2022,19:00,11.297
09/12/2022,20:00,10.425
09/12/2022,21:00,7.524
09/12/2022,22:00,5.849
09/12/2022,23:00,6.415
09/12/2022,24:00:00,5.991
10/12/2022,01:00,6.84
10/12/2022,02:00,8.609
10/12/2022,03:00,10.613
10/12/2022,04:00,12.877
10/12/2022,05:00,12.948
10/12/2022,06:00,11.651
10/12/2022,07:00,10.33
10/12/2022,08:00,10.566
10/12/2022,09:00,9.175
10/12/2022,10:00,9.67
10/12/2022,11:00,8.184
10/12/2022,12:00,10.165
10/12/2022,13:00,8.349
10/12/2022,14:00,7.193
10/12/2022,15:00,8.821
10/12/2022,16:00,8.113
10/12/2022,17:00,15.708
10/12/2022,18:00,21.109
10/12/2022,19:00,18.066
10/12/2022,20:00,14.269
10/12/2022,21:00,22.618
10/12/2022,22:00,23.892
10/12/2022,23:00,26.84
10/12/2022,24:00:00,32.406
11/12/2022,01:00,36.816
11/12/2022,02:00,30.472
11/12/2022,03:00,25.33
11/12/2022,04:00,20.307
11/12/2022,05:00,19.906
11/12/2022,06:00,18.278
11/12/2022,07:00,18.137
11/12/2022,08:00,13.349
11/12/2022,09:00,14.222
11/12/2022,10:00,15.024
11/12/2022,11:00,13.844
11/12/2022,12:00,15.472
11/12/2022,13:00,19.552
11/12/2022,14:00,15.873
11/12/2022,15:00,16.061
11/12/2022,16:00,17.972
11/12/2022,17:00,19.835
11/12/2022,18:00,21.698
11/12/2022,19:00,22.854
11/12/2022,20:00,30.307
11/12/2022,21:00,20.731
11/12/2022,22:00,15.401
11/12/2022,23:00,11.203
11/12/2022,24:00:00,11.84
12/12/2022,01:00,14.41
12/12/2022,02:00,15.448
12/12/2022,03:00,14.481
12/12/2022,04:00,21.958
12/12/2022,05:00,23.915
12/12/2022,06:00,21.061
12/12/2022,07:00,19.127
12/12/2022,08:00,18.703
12/12/2022,09:00,19.293
12/12/2022,10:00,19.576
12/12/2022,11:00,20.708
12/12/2022,12:00,27.594
12/12/2022,13:00,28.278
12/12/2022,14:00,31.344
12/12/2022,15:00,35.661
12/12/2022,16:00,39.316
12/12/2022,17:00,43.986
12/12/2022,18:00,48.868
12/12/2022,19:00,49.741
12/12/2022,20:00,43.396
12/12/2022,21:00,38.679
12/12/2022,22:00,39.481
12/12/2022,23:00,40.543
12/12/2022,24:00:00,43.538
13/12/2022,01:00,35.778
13/12/2022,02:00,37.028
13/12/2022,03:00,35.613
13/12/2022,04:00,32.878
13/12/2022,05:00,30.849
13/12/2022,06:00,32.5
13/12/2022,07:00,28.349
13/12/2022,08:00,30.495
13/12/2022,09:00,28.939
13/12/2022,10:00,20.33
13/12/2022,11:00,18.892
13/12/2022,12:00,18.561
13/12/2022,13:00,19.741
13/12/2022,14:00,24.929
13/12/2022,15:00,29.151
13/12/2022,16:00,27.17
13/12/2022,17:00,39.151
13/12/2022,18:00,30.967
13/12/2022,19:00,39.01
13/12/2022,20:00,33.467
13/12/2022,21:00,31.698
13/12/2022,22:00,30.165
13/12/2022,23:00,30.118
13/12/2022,24:00:00,30.684
14/12/2022,01:00,30.142
14/12/2022,02:00,30.873
14/12/2022,03:00,29.528
14/12/2022,04:00,28.821
14/12/2022,05:00,27.429
14/12/2022,06:00,16.675
14/12/2022,07:00,12.076
14/12/2022,08:00,7.972
14/12/2022,09:00,6.156
14/12/2022,10:00,6.297
14/12/2022,11:00,5.943
14/12/2022,12:00,6.533
14/12/2022,13:00,7.335
14/12/2022,14:00,6.887
14/12/2022,15:00,5.778
14/12/2022,16:00,5.92
14/12/2022,17:00,8.019
14/12/2022,18:00,12.217
14/12/2022,19:00,8.703
14/12/2022,20:00,8.255
14/12/2022,21:00,7.689
14/12/2022,22:00,6.981
14/12/2022,23:00,6.863
14/12/2022,24:00:00,7.783
15/12/2022,01:00,9.387
15/12/2022,02:00,5.731
15/12/2022,03:00,5.259
15/12/2022,04:00,7.076
15/12/2022,05:00,11.344
15/12/2022,06:00,9.269
15/12/2022,07:00,7.241
15/12/2022,08:00,8.16
15/12/2022,09:00,11.014
15/12/2022,10:00,16.816
15/12/2022,11:00,6.981
15/12/2022,12:00,5.401
15/12/2022,13:00,4.882
15/12/2022,14:00,4.67
15/12/2022,15:00,5.165
15/12/2022,16:00,7.217
15/12/2022,17:00,7.972
15/12/2022,18:00,12.241
15/12/2022,19:00,12.429
15/12/2022,20:00,11.509
15/12/2022,21:00,13.16
15/12/2022,22:00,13.066
15/12/2022,23:00,10.189
15/12/2022,24:00:00,11.934
16/12/2022,01:00,13.42
16/12/2022,02:00,11.486
16/12/2022,03:00,11.321
16/12/2022,04:00,11.061
16/12/2022,05:00,10.377
16/12/2022,06:00,11.722
16/12/2022,07:00,11.486
16/12/2022,08:00,11.863
16/12/2022,09:00,11.486
16/12/2022,10:00,14.151
16/12/2022,11:00,27.571
16/12/2022,12:00,28.538
16/12/2022,13:00,21.722
16/12/2022,14:00,16.462
16/12/2022,15:00,9.741
16/12/2022,16:00,7.217
16/12/2022,17:00,10.873
16/12/2022,18:00,14.009
16/12/2022,19:00,12.901
16/12/2022,20:00,13.231
16/12/2022,21:00,9.976
16/12/2022,22:00,11.863
16/12/2022,23:00,12.618
16/12/2022,24:00:00,13.255
17/12/2022,01:00,13.561
17/12/2022,02:00,13.349
17/12/2022,03:00,12.193
17/12/2022,04:00,10
17/12/2022,05:00,10.826
17/12/2022,06:00,10.66
17/12/2022,07:00,14.104
17/12/2022,08:00,13.656
17/12/2022,09:00,13.16
17/12/2022,10:00,13.349
17/12/2022,11:00,5.024
17/12/2022,12:00,5.047
17/12/2022,13:00,6.344
17/12/2022,14:00,6.368
17/12/2022,15:00,8.892
17/12/2022,16:00,13.349
17/12/2022,17:00,14.033
17/12/2022,18:00,12.17
17/12/2022,19:00,13.137
17/12/2022,20:00,13.066
17/12/2022,21:00,12.193
17/12/2022,22:00,12.901
17/12/2022,23:00,13.255
17/12/2022,24:00:00,11.132
18/12/2022,01:00,11.392
18/12/2022,02:00,12.264
18/12/2022,03:00,13.349
18/12/2022,04:00,14.057
18/12/2022,05:00,14.505
18/12/2022,06:00,15.142
18/12/2022,07:00,19.576
18/12/2022,08:00,24.835
18/12/2022,09:00,25.967
18/12/2022,10:00,22.736
18/12/2022,11:00,19.481
18/12/2022,12:00,18.986
18/12/2022,13:00,18.443
18/12/2022,14:00,18.986
18/12/2022,15:00,20.755
18/12/2022,16:00,20.873
18/12/2022,17:00,16.627
18/12/2022,18:00,17.736
18/12/2022,19:00,12.759
18/12/2022,20:00,9.953
18/12/2022,21:00,10.212
18/12/2022,22:00,9.316
18/12/2022,23:00,8.561
18/12/2022,24:00:00,8.255
19/12/2022,01:00,4.033
19/12/2022,02:00,2.052
19/12/2022,03:00,2.406
19/12/2022,04:00,1.627
19/12/2022,05:00,1.58
19/12/2022,06:00,2.075
19/12/2022,07:00,1.981
19/12/2022,08:00,2.642
19/12/2022,09:00,2.995
19/12/2022,10:00,3.16
19/12/2022,11:00,3.821
19/12/2022,12:00,4.41
19/12/2022,13:00,2.359
19/12/2022,14:00,2.146
19/12/2022,15:00,2.571
19/12/2022,16:00,2.712
19/12/2022,17:00,2.783
19/12/2022,18:00,2.736
19/12/2022,19:00,2.547
19/12/2022,20:00,1.958
19/12/2022,21:00,1.557
19/12/2022,22:00,1.038
19/12/2022,23:00,0.991
19/12/2022,24:00:00,2.052
20/12/2022,01:00,2.807
20/12/2022,02:00,2.618
20/12/2022,03:00,3.184
20/12/2022,04:00,3.349
20/12/2022,05:00,4.387
20/12/2022,06:00,5.495
20/12/2022,07:00,4.717
20/12/2022,08:00,5.991
20/12/2022,09:00,6.038
20/12/2022,10:00,6.132
20/12/2022,11:00,6.604
20/12/2022,12:00,7.736
20/12/2022,13:00,7.642
20/12/2022,14:00,7.901
20/12/2022,15:00,7.382
20/12/2022,16:00,8.302
20/12/2022,17:00,6.981
20/12/2022,18:00,7.406
20/12/2022,19:00,6.627
20/12/2022,20:00,7.028
20/12/2022,21:00,8.019
20/12/2022,22:00,10.66
20/12/2022,23:00,9.717
20/12/2022,24:00:00,9.34
21/12/2022,01:00,10.071
21/12/2022,02:00,8.538
21/12/2022,03:00,7.948
21/12/2022,04:00,6.934
21/12/2022,05:00,3.892
21/12/2022,06:00,1.627
21/12/2022,07:00,2.877
21/12/2022,08:00,3.137
21/12/2022,09:00,3.892
21/12/2022,10:00,3.208
21/12/2022,11:00,2.83
21/12/2022,12:00,4.198
21/12/2022,13:00,6.109
21/12/2022,14:00,6.25
21/12/2022,15:00,5.519
21/12/2022,16:00,6.179
21/12/2022,17:00,5.071
21/12/2022,18:00,5.448
21/12/2022,19:00,6.061
21/12/2022,20:00,6.109
21/12/2022,21:00,6.085
21/12/2022,22:00,6.368
21/12/2022,23:00,7.288
21/12/2022,24:00:00,7.948
22/12/2022,01:00,7.524
22/12/2022,02:00,6.745
22/12/2022,03:00,8.349
22/12/2022,04:00,7.736
22/12/2022,05:00,8.797
22/12/2022,06:00,7.005
22/12/2022,07:00,7.146
22/12/2022,08:00,8.491
22/12/2022,09:00,8.137
22/12/2022,10:00,8.113
22/12/2022,11:00,11.415
22/12/2022,12:00,15.024
22/12/2022,13:00,13.278
22/12/2022,14:00,12.099
22/12/2022,15:00,16.58
22/12/2022,16:00,26.793
22/12/2022,17:00,18.609
22/12/2022,18:00,13.797
22/12/2022,19:00,13.302
22/12/2022,20:00,12.524
22/12/2022,21:00,15.684
22/12/2022,22:00,16.203
22/12/2022,23:00,13.939
22/12/2022,24:00:00,14.717
23/12/2022,01:00,13.726
23/12/2022,02:00,10.118
23/12/2022,03:00,10
23/12/2022,04:00,11.557
23/12/2022,05:00,12.901
23/12/2022,06:00,12.406
23/12/2022,07:00,13.255
23/12/2022,08:00,14.198
23/12/2022,09:00,16.014
23/12/2022,10:00,11.226
23/12/2022,11:00,9.693
23/12/2022,12:00,4.292
23/12/2022,13:00,3.066
23/12/2022,14:00,3.726
23/12/2022,15:00,3.208
23/12/2022,16:00,5.425
23/12/2022,17:00,8.915
23/12/2022,18:00,6.085
23/12/2022,19:00,5.071
23/12/2022,20:00,7.689
23/12/2022,21:00,8.373
23/12/2022,22:00,7.17
23/12/2022,23:00,8.491
23/12/2022,24:00:00,8.632
24/12/2022,01:00,8.797
24/12/2022,02:00,7.783
24/12/2022,03:00,3.962
24/12/2022,04:00,4.741
24/12/2022,05:00,3.373
24/12/2022,06:00,4.104
24/12/2022,07:00,4.458
24/12/2022,08:00,5.094
24/12/2022,09:00,5.519
24/12/2022,10:00,5.778
24/12/2022,11:00,6.627
24/12/2022,12:00,6.698
24/12/2022,13:00,7.099
24/12/2022,14:00,8.302
24/12/2022,15:00,8.703
24/12/2022,16:00,7.925
24/12/2022,17:00,8.679
24/12/2022,18:00,9.293
24/12/2022,19:00,10.495
24/12/2022,20:00,11.297
24/12/2022,21:00,10.33
24/12/2022,22:00,8.019
24/12/2022,23:00,5.377
24/12/2022,24:00:00,4.387
25/12/2022,01:00,4.222
25/12/2022,02:00,3.325
25/12/2022,03:00,2.406
25/12/2022,04:00,3.491
25/12/2022,05:00,5.071
25/12/2022,06:00,5.283
25/12/2022,07:00,5.401
25/12/2022,08:00,5.236
25/12/2022,09:00,5.495
25/12/2022,10:00,5.495
25/12/2022,11:00,6.462
25/12/2022,12:00,7.146
25/12/2022,13:00,7.453
25/12/2022,14:00,6.509
25/12/2022,15:00,4.929
25/12/2022,16:00,3.844
25/12/2022,17:00,3.868
25/12/2022,18:00,3.844
25/12/2022,19:00,4.788
25/12/2022,20:00,5.071
25/12/2022,21:00,4.788
25/12/2022,22:00,4.953
25/12/2022,23:00,5.212
25/12/2022,24:00:00,5.024
26/12/2022,01:00,4.434
26/12/2022,02:00,2.453
26/12/2022,03:00,0.33
26/12/2022,04:00,0.613
26/12/2022,05:00,2.052
26/12/2022,06:00,2.571
26/12/2022,07:00,3.349
26/12/2022,08:00,3.726
26/12/2022,09:00,3.892
26/12/2022,10:00,3.231
26/12/2022,11:00,2.736
26/12/2022,12:00,2.5
26/12/2022,13:00,2.736
26/12/2022,14:00,3.396
26/12/2022,15:00,3.467
26/12/2022,16:00,3.703
26/12/2022,17:00,3.184
26/12/2022,18:00,3.137
26/12/2022,19:00,3.349
26/12/2022,20:00,2.972
26/12/2022,21:00,2.642
26/12/2022,22:00,2.901
26/12/2022,23:00,3.396
26/12/2022,24:00:00,4.953
27/12/2022,01:00,5.59
27/12/2022,02:00,4.764
27/12/2022,03:00,3.443
27/12/2022,04:00,3.231
27/12/2022,05:00,3.42
27/12/2022,06:00,3.231
27/12/2022,07:00,3.538
27/12/2022,08:00,3.915
27/12/2022,09:00,4.009
27/12/2022,10:00,5.873
27/12/2022,11:00,7.264
27/12/2022,12:00,5.307
27/12/2022,13:00,5.142
27/12/2022,14:00,4.693
27/12/2022,15:00,4.222
27/12/2022,16:00,2.972
27/12/2022,17:00,2.052
27/12/2022,18:00,2.099
27/12/2022,19:00,2.311
27/12/2022,20:00,2.335
27/12/2022,21:00,1.651
27/12/2022,22:00,1.91
27/12/2022,23:00,2.099
27/12/2022,24:00:00,3.137
28/12/2022,01:00,3.373
28/12/2022,02:00,2.429
28/12/2022,03:00,3.75
28/12/2022,04:00,4.387
28/12/2022,05:00,3.986
28/12/2022,06:00,3.821
28/12/2022,07:00,4.175
28/12/2022,08:00,3.679
28/12/2022,09:00,3.396
28/12/2022,10:00,5.259
28/12/2022,11:00,4.434
28/12/2022,12:00,2.689
28/12/2022,13:00,1.675
28/12/2022,14:00,1.675
28/12/2022,15:00,1.439
28/12/2022,16:00,1.604
28/12/2022,17:00,3.986
28/12/2022,18:00,3.726
28/12/2022,19:00,3.561
28/12/2022,20:00,5.354
28/12/2022,21:00,5.991
28/12/2022,22:00,4.481
28/12/2022,23:00,5.118
28/12/2022,24:00:00,4.528
29/12/2022,01:00,3.561
29/12/2022,02:00,3.609
29/12/2022,03:00,1.462
29/12/2022,04:00,1.156
29/12/2022,05:00,1.675
29/12/2022,06:00,2.311
29/12/2022,07:00,2.028
29/12/2022,08:00,1.91
29/12/2022,09:00,2.075
29/12/2022,10:00,2.264
29/12/2022,11:00,3.585
29/12/2022,12:00,3.986
29/12/2022,13:00,4.363
29/12/2022,14:00,4.245
29/12/2022,15:00,3.986
29/12/2022,16:00,3.561
29/12/2022,17:00,3.797
29/12/2022,18:00,3.797
29/12/2022,19:00,4.41
29/12/2022,20:00,4.34
29/12/2022,21:00,3.986
29/12/2022,22:00,4.599
29/12/2022,23:00,4.811
29/12/2022,24:00:00,5.849
30/12/2022,01:00,6.061
30/12/2022,02:00,6.226
30/12/2022,03:00,5.448
30/12/2022,04:00,5
30/12/2022,05:00,5.212
30/12/2022,06:00,5.189
30/12/2022,07:00,4.976
30/12/2022,08:00,5.024
30/12/2022,09:00,4.953
30/12/2022,10:00,3.821
30/12/2022,11:00,2.759
30/12/2022,12:00,2.335
30/12/2022,13:00,1.415
30/12/2022,14:00,1.061
30/12/2022,15:00,1.274
30/12/2022,16:00,1.604
30/12/2022,17:00,2.736
30/12/2022,18:00,4.41
30/12/2022,19:00,5.731
30/12/2022,20:00,6.533
30/12/2022,21:00,6.863
30/12/2022,22:00,7.005
30/12/2022,23:00,6.863
30/12/2022,24:00:00,7.028
31/12/2022,01:00,7.076
31/12/2022,02:00,6.675
31/12/2022,03:00,6.368
31/12/2022,04:00,4.033
31/12/2022,05:00,2.547
31/12/2022,06:00,2.429
31/12/2022,07:00,3.538
31/12/2022,08:00,4.009
31/12/2022,09:00,2.642
31/12/2022,10:00,2.123
31/12/2022,11:00,4.292
31/12/2022,12:00,3.042
31/12/2022,13:00,5.33
31/12/2022,14:00,6.226
31/12/2022,15:00,6.792
31/12/2022,16:00,10.495
31/12/2022,17:00,9.434
31/12/2022,18:00,7.193
31/12/2022,19:00,6.981
31/12/2022,20:00,6.392
31/12/2022,21:00,4.623
31/12/2022,22:00,1.533
31/12/2022,23:00,1.651
31/12/2022,24:00:00,1.627
01/01/2023,01:00,4.717
01/01/2023,02:00,2.075
01/01/2023,03:00,1.863
01/01/2023,04:00,1.981
01/01/2023,05:00,2.005
01/01/2023,06:00,2.382
01/01/2023,07:00,3.302
01/01/2023,08:00,3.373
01/01/2023,09:00,3.278
01/01/2023,10:00,3.467
01/01/2023,11:00,4.552
01/01/2023,12:00,4.009
01/01/2023,13:00,3.561
01/01/2023,14:00,2.972
01/01/2023,15:00,4.859
01/01/2023,16:00,5.401
01/01/2023,17:00,4.481
01/01/2023,18:00,6.156
01/01/2023,19:00,8.75
01/01/2023,20:00,7.453
01/01/2023,21:00,8.019
01/01/2023,22:00,8.703
01/01/2023,23:00,6.203
01/01/2023,24:00:00,5.189
02/01/2023,01:00,4.575
02/01/2023,02:00,4.67
02/01/2023,03:00,5.519
02/01/2023,04:00,4.387
02/01/2023,05:00,2.193
02/01/2023,06:00,2.736
02/01/2023,07:00,2.925
02/01/2023,08:00,2.005
02/01/2023,09:00,1.439
02/01/2023,10:00,1.274
02/01/2023,11:00,1.509
02/01/2023,12:00,1.321
02/01/2023,13:00,1.651
02/01/2023,14:00,1.934
02/01/2023,15:00,3.09
02/01/2023,16:00,3.443
02/01/2023,17:00,6.462
02/01/2023,18:00,9.151
02/01/2023,19:00,11.887
02/01/2023,20:00,15
02/01/2023,21:00,21.627
02/01/2023,22:00,20
02/01/2023,23:00,14.741
02/01/2023,24:00:00,14.269
03/01/2023,01:00,17.264
03/01/2023,02:00,18.302
03/01/2023,03:00,17.028
03/01/2023,04:00,15.731
03/01/2023,05:00,14.222
03/01/2023,06:00,12.241
03/01/2023,07:00,12.406
03/01/2023,08:00,10.613
03/01/2023,09:00,10.708
03/01/2023,10:00,8.774
03/01/2023,11:00,4.953
03/01/2023,12:00,8.231
03/01/2023,13:00,8.491
03/01/2023,14:00,5.896
03/01/2023,15:00,8.609
03/01/2023,16:00,6.792
03/01/2023,17:00,3.491
03/01/2023,18:00,2.925
03/01/2023,19:00,3.373
03/01/2023,20:00,2.972
03/01/2023,21:00,2.406
03/01/2023,22:00,3.325
03/01/2023,23:00,1.557
03/01/2023,24:00:00,0.708
04/01/2023,01:00,0.778
04/01/2023,02:00,0.566
04/01/2023,03:00,0.472
04/01/2023,04:00,0.401
04/01/2023,05:00,1.014
04/01/2023,06:00,3.255
04/01/2023,07:00,4.717
04/01/2023,08:00,6.958
04/01/2023,09:00,6.627
04/01/2023,10:00,6.297
04/01/2023,11:00,6.392
04/01/2023,12:00,6.533
04/01/2023,13:00,6.179
04/01/2023,14:00,5.401
04/01/2023,15:00,4.151
04/01/2023,16:00,3.939
04/01/2023,17:00,3.939
04/01/2023,18:00,4.34
04/01/2023,19:00,4.646
04/01/2023,20:00,4.859
04/01/2023,21:00,4.788
04/01/2023,22:00,4.127
04/01/2023,23:00,3.986
04/01/2023,24:00:00,3.797
05/01/2023,01:00,3.491
05/01/2023,02:00,3.538
05/01/2023,03:00,3.656
05/01/2023,04:00,3.797
05/01/2023,05:00,3.797
05/01/2023,06:00,4.222
05/01/2023,07:00,5.236
05/01/2023,08:00,4.859
05/01/2023,09:00,7.453
05/01/2023,10:00,8.373
05/01/2023,11:00,7.736
05/01/2023,12:00,5.307
05/01/2023,13:00,5.024
05/01/2023,14:00,4.41
05/01/2023,15:00,4.859
05/01/2023,16:00,4.316
05/01/2023,17:00,3.066
05/01/2023,18:00,3.373
05/01/2023,19:00,2.689
05/01/2023,20:00,2.759
05/01/2023,21:00,2.406
05/01/2023,22:00,2.406
05/01/2023,23:00,2.028
05/01/2023,24:00:00,0.912
06/01/2023,01:00,
06/01/2023,02:00,
06/01/2023,03:00,3.113
06/01/2023,04:00,4.033
06/01/2023,05:00,4.316
06/01/2023,06:00,4.882
06/01/2023,07:00,5.613
06/01/2023,08:00,7.099
06/01/2023,09:00,8.302
06/01/2023,10:00,7.995
06/01/2023,11:00,5.542
06/01/2023,12:00,6.84
06/01/2023,13:00,4.245
06/01/2023,14:00,2.783
06/01/2023,15:00,3.373
06/01/2023,16:00,3.16
06/01/2023,17:00,4.127
06/01/2023,18:00,3.986
06/01/2023,19:00,4.811
06/01/2023,20:00,4.387
06/01/2023,21:00,5.307
06/01/2023,22:00,7.712
06/01/2023,23:00,3.797
06/01/2023,24:00:00,2.571
07/01/2023,01:00,1.769
07/01/2023,02:00,2.17
07/01/2023,03:00,2.146
07/01/2023,04:00,1.769
07/01/2023,05:00,1.651
07/01/2023,06:00,1.698
07/01/2023,07:00,2.123
07/01/2023,08:00,2.594
07/01/2023,09:00,2.193
07/01/2023,10:00,1.981
07/01/2023,11:00,2.099
07/01/2023,12:00,2.17
07/01/2023,13:00,1.769
07/01/2023,14:00,1.297
07/01/2023,15:00,1.344
07/01/2023,16:00,2.005
07/01/2023,17:00,2.807
07/01/2023,18:00,3.019
07/01/2023,19:00,2.075
07/01/2023,20:00,2.099
07/01/2023,21:00,3.09
07/01/2023,22:00,3.467
07/01/2023,23:00,3.892
07/01/2023,24:00:00,4.34
08/01/2023,01:00,5.094
08/01/2023,02:00,5.778
08/01/2023,03:00,4.67
08/01/2023,04:00,3.868
08/01/2023,05:00,3.302
08/01/2023,06:00,2.5
08/01/2023,07:00,1.651
08/01/2023,08:00,0.684
08/01/2023,09:00,0.708
08/01/2023,10:00,1.675
08/01/2023,11:00,2.217
08/01/2023,12:00,3.514
08/01/2023,13:00,4.175
08/01/2023,14:00,1.84
08/01/2023,15:00,1.368
08/01/2023,16:00,1.226
08/01/2023,17:00,1.344
08/01/2023,18:00,1.934
08/01/2023,19:00,2.099
08/01/2023,20:00,3.231
08/01/2023,21:00,3.797
08/01/2023,22:00,4.434
08/01/2023,23:00,5.377
08/01/2023,24:00:00,5.92
09/01/2023,01:00,5.33
09/01/2023,02:00,4.481
09/01/2023,03:00,4.41
09/01/2023,04:00,4.575
09/01/2023,05:00,5.401
09/01/2023,06:00,4.458
09/01/2023,07:00,4.693
09/01/2023,08:00,2.901
09/01/2023,09:00,2.476
09/01/2023,10:00,1.462
09/01/2023,11:00,2.783
09/01/2023,12:00,4.127
09/01/2023,13:00,4.788
09/01/2023,14:00,4.646
09/01/2023,15:00,5.566
09/01/2023,16:00,6.297
09/01/2023,17:00,6.226
09/01/2023,18:00,6.014
09/01/2023,19:00,7.618
09/01/2023,20:00,5.826
09/01/2023,21:00,3.585
09/01/2023,22:00,4.599
09/01/2023,23:00,5.047
09/01/2023,24:00:00,7.028
10/01/2023,01:00,8.679
10/01/2023,02:00,9.245
10/01/2023,03:00,7.972
10/01/2023,04:00,6.816
10/01/2023,05:00,7.359
10/01/2023,06:00,7.83
10/01/2023,07:00,7.948
10/01/2023,08:00,7.453
10/01/2023,09:00,5.307
10/01/2023,10:00,4.009
10/01/2023,11:00,2.948
10/01/2023,12:00,2.618
10/01/2023,13:00,2.642
10/01/2023,14:00,2.382
10/01/2023,15:00,1.439
10/01/2023,16:00,1.344
10/01/2023,17:00,5.472
10/01/2023,18:00,1.156
10/01/2023,19:00,1.297
10/01/2023,20:00,1.297
10/01/2023,21:00,1.604
10/01/2023,22:00,1.769
10/01/2023,23:00,1.698
10/01/2023,24:00:00,1.91
11/01/2023,01:00,2.854
11/01/2023,02:00,4.481
11/01/2023,03:00,4.646
11/01/2023,04:00,5.519
11/01/2023,05:00,5.519
11/01/2023,06:00,5.519
11/01/2023,07:00,5.92
11/01/2023,08:00,6.462
11/01/2023,09:00,7.618
11/01/2023,10:00,9.175
11/01/2023,11:00,10.543
11/01/2023,12:00,9.269
11/01/2023,13:00,8.679
11/01/2023,14:00,6.179
11/01/2023,15:00,4.34
11/01/2023,16:00,3.609
11/01/2023,17:00,3.113
11/01/2023,18:00,3.939
11/01/2023,19:00,7.099
11/01/2023,20:00,8.75
11/01/2023,21:00,7.406
11/01/2023,22:00,4.198
11/01/2023,23:00,6.392
11/01/2023,24:00:00,3.42
12/01/2023,01:00,3.821
12/01/2023,02:00,0.825
12/01/2023,03:00,1.934
12/01/2023,04:00,1.91
12/01/2023,05:00,0.873
12/01/2023,06:00,1.392
12/01/2023,07:00,2.264
12/01/2023,08:00,5.283
12/01/2023,09:00,5.495
12/01/2023,10:00,4.033
12/01/2023,11:00,2.052
12/01/2023,12:00,2.948
12/01/2023,13:00,3.443
12/01/2023,14:00,7.925
12/01/2023,15:00,10.637
12/01/2023,16:00,7.17
12/01/2023,17:00,8.349
12/01/2023,18:00,10.377
12/01/2023,19:00,8.962
12/01/2023,20:00,8.939
12/01/2023,21:00,7.17
12/01/2023,22:00,6.344
12/01/2023,23:00,6.203
12/01/2023,24:00:00,6.156
13/01/2023,01:00,4.269
13/01/2023,02:00,3.915
13/01/2023,03:00,4.623
13/01/2023,04:00,3.255
13/01/2023,05:00,3.75
13/01/2023,06:00,3.16
13/01/2023,07:00,3.16
13/01/2023,08:00,2.901
13/01/2023,09:00,3.184
13/01/2023,10:00,3.137
13/01/2023,11:00,2.759
13/01/2023,12:00,2.618
13/01/2023,13:00,2.264
13/01/2023,14:00,2.476
13/01/2023,15:00,4.34
13/01/2023,16:00,5.142
13/01/2023,17:00,6.368
13/01/2023,18:00,8.467
13/01/2023,19:00,8.75
13/01/2023,20:00,7.618
13/01/2023,21:00,7.689
13/01/2023,22:00,8.373
13/01/2023,23:00,8.255
13/01/2023,24:00:00,8.703
14/01/2023,01:00,9.976
14/01/2023,02:00,9.646
14/01/2023,03:00,8.09
14/01/2023,04:00,4.646
14/01/2023,05:00,5.731
14/01/2023,06:00,7.689
14/01/2023,07:00,5.731
14/01/2023,08:00,9.741
14/01/2023,09:00,2.665
14/01/2023,10:00,1.392
14/01/2023,11:00,1.085
14/01/2023,12:00,2.028
14/01/2023,13:00,1.675
14/01/2023,14:00,2.524
14/01/2023,15:00,2.665
14/01/2023,16:00,2.571
14/01/2023,17:00,2.759
14/01/2023,18:00,3.349
14/01/2023,19:00,3.703
14/01/2023,20:00,3.538
14/01/2023,21:00,3.349
14/01/2023,22:00,2.712
14/01/2023,23:00,2.759
14/01/2023,24:00:00,2.618
15/01/2023,01:00,3.137
15/01/2023,02:00,2.854
15/01/2023,03:00,2.83
15/01/2023,04:00,2.5
15/01/2023,05:00,2.288
15/01/2023,06:00,2.075
15/01/2023,07:00,1.84
15/01/2023,08:00,1.675
15/01/2023,09:00,1.368
15/01/2023,10:00,1.038
15/01/2023,11:00,1.981
15/01/2023,12:00,1.816
15/01/2023,13:00,3.491
15/01/2023,14:00,3.703
15/01/2023,15:00,4.575
15/01/2023,16:00,6.627
15/01/2023,17:00,5.849
15/01/2023,18:00,10.708
15/01/2023,19:00,8.349
15/01/2023,20:00,10.873
15/01/2023,21:00,20.59
15/01/2023,22:00,31.722
15/01/2023,23:00,38.161
15/01/2023,24:00:00,17.712
16/01/2023,01:00,12.5
16/01/2023,02:00,14.387
16/01/2023,03:00,16.58
16/01/2023,04:00,16.321
16/01/2023,05:00,18.066
16/01/2023,06:00,15.401
16/01/2023,07:00,11.344
16/01/2023,08:00,7.571
16/01/2023,09:00,7.005
16/01/2023,10:00,7.948
16/01/2023,11:00,4.599
16/01/2023,12:00,5.236
16/01/2023,13:00,3.939
16/01/2023,14:00,3.255
16/01/2023,15:00,2.665
16/01/2023,16:00,2.972
16/01/2023,17:00,4.434
16/01/2023,18:00,6.109
16/01/2023,19:00,6.297
16/01/2023,20:00,6.038
16/01/2023,21:00,5.731
16/01/2023,22:00,5.66
16/01/2023,23:00,6.745
16/01/2023,24:00:00,5.802
17/01/2023,01:00,6.722
17/01/2023,02:00,7.052
17/01/2023,03:00,7.028
17/01/2023,04:00,7.123
17/01/2023,05:00,8.302
17/01/2023,06:00,9.245
17/01/2023,07:00,10.448
17/01/2023,08:00,7.877
17/01/2023,09:00,14.009
17/01/2023,10:00,16.179
17/01/2023,11:00,9.293
17/01/2023,12:00,4.623
17/01/2023,13:00,4.434
17/01/2023,14:00,4.811
17/01/2023,15:00,4.363
17/01/2023,16:00,4.033
17/01/2023,17:00,5.873
17/01/2023,18:00,6.981
17/01/2023,19:00,6.698
17/01/2023,20:00,7.193
17/01/2023,21:00,6.132
17/01/2023,22:00,5
17/01/2023,23:00,3.443
17/01/2023,24:00:00,7.099
18/01/2023,01:00,5.778
18/01/2023,02:00,4.292
18/01/2023,03:00,4.646
18/01/2023,04:00,5.826
18/01/2023,05:00,4.08
18/01/2023,06:00,2.972
18/01/2023,07:00,2.571
18/01/2023,08:00,2.571
18/01/2023,09:00,3.231
18/01/2023,10:00,3.915
18/01/2023,11:00,4.316
18/01/2023,12:00,4.009
18/01/2023,13:00,3.986
18/01/2023,14:00,4.387
18/01/2023,15:00,3.939
18/01/2023,16:00,5.259
18/01/2023,17:00,5.92
18/01/2023,18:00,7.288
18/01/2023,19:00,6.203
18/01/2023,20:00,5.873
18/01/2023,21:00,7.028
18/01/2023,22:00,3.774
18/01/2023,23:00,4.481
18/01/2023,24:00:00,5
19/01/2023,01:00,4.245
19/01/2023,02:00,4.34
19/01/2023,03:00,6.321
19/01/2023,04:00,6.061
19/01/2023,05:00,5.613
19/01/2023,06:00,5.991
19/01/2023,07:00,9.293
19/01/2023,08:00,13.184
19/01/2023,09:00,16.226
19/01/2023,10:00,7.642
19/01/2023,11:00,5.377
19/01/2023,12:00,6.769
19/01/2023,13:00,4.599
19/01/2023,14:00,4.151
19/01/2023,15:00,5.354
19/01/2023,16:00,4.599
19/01/2023,17:00,3.939
19/01/2023,18:00,5.212
19/01/2023,19:00,3.915
19/01/2023,20:00,5.024
19/01/2023,21:00,6.934
19/01/2023,22:00,5.495
19/01/2023,23:00,4.623
19/01/2023,24:00:00,4.387
20/01/2023,01:00,3.019
20/01/2023,02:00,2.618
20/01/2023,03:00,2.594
20/01/2023,04:00,2.335
20/01/2023,05:00,2.453
20/01/2023,06:00,2.807
20/01/2023,07:00,2.642
20/01/2023,08:00,3.302
20/01/2023,09:00,4.363
20/01/2023,10:00,4.387
20/01/2023,11:00,5.873
20/01/2023,12:00,4.953
20/01/2023,13:00,4.34
20/01/2023,14:00,4.363
20/01/2023,15:00,5.142
20/01/2023,16:00,5.849
20/01/2023,17:00,6.226
20/01/2023,18:00,10.33
20/01/2023,19:00,7.901
20/01/2023,20:00,9.41
20/01/2023,21:00,10.259
20/01/2023,22:00,9.953
20/01/2023,23:00,10.495
20/01/2023,24:00:00,11.061
21/01/2023,01:00,14.764
21/01/2023,02:00,15.024
21/01/2023,03:00,13.656
21/01/2023,04:00,13.892
21/01/2023,05:00,15.047
21/01/2023,06:00,12.665
21/01/2023,07:00,13.373
21/01/2023,08:00,16.368
21/01/2023,09:00,18.443
21/01/2023,10:00,18.491
21/01/2023,11:00,19.599
21/01/2023,12:00,22.359
21/01/2023,13:00,21.769
21/01/2023,14:00,21.156
21/01/2023,15:00,16.651
21/01/2023,16:00,16.321
21/01/2023,17:00,35.33
21/01/2023,18:00,35.307
21/01/2023,19:00,24.623
21/01/2023,20:00,27.642
21/01/2023,21:00,27.901
21/01/2023,22:00,33.679
21/01/2023,23:00,36.297
21/01/2023,24:00:00,33.137
22/01/2023,01:00,30.236
22/01/2023,02:00,28.939
22/01/2023,03:00,25.425
22/01/2023,04:00,25.118
22/01/2023,05:00,24.811
22/01/2023,06:00,24.316
22/01/2023,07:00,24.811
22/01/2023,08:00,24.198
22/01/2023,09:00,22.783
22/01/2023,10:00,20.212
22/01/2023,11:00,20.425
22/01/2023,12:00,18.208
22/01/2023,13:00,17.429
22/01/2023,14:00,16.321
22/01/2023,15:00,18.514
22/01/2023,16:00,23.632
22/01/2023,17:00,18.043
22/01/2023,18:00,23.868
22/01/2023,19:00,27.642
22/01/2023,20:00,25.448
22/01/2023,21:00,25.613
22/01/2023,22:00,24.859
22/01/2023,23:00,24.929
22/01/2023,24:00:00,24.245
23/01/2023,01:00,23.514
23/01/2023,02:00,22.736
23/01/2023,03:00,22.948
23/01/2023,04:00,23.137
23/01/2023,05:00,23.538
23/01/2023,06:00,23.396
23/01/2023,07:00,24.01
23/01/2023,08:00,24.717
23/01/2023,09:00,24.646
23/01/2023,10:00,26.061
23/01/2023,11:00,28.278
23/01/2023,12:00,29.198
23/01/2023,13:00,28.632
23/01/2023,14:00,25.283
23/01/2023,15:00,20.991
23/01/2023,16:00,21.203
23/01/2023,17:00,22.359
23/01/2023,18:00,24.528
23/01/2023,19:00,24.764
23/01/2023,20:00,36.415
23/01/2023,21:00,31.651
23/01/2023,22:00,28.821
23/01/2023,23:00,29.835
23/01/2023,24:00:00,30.189
24/01/2023,01:00,30.283
24/01/2023,02:00,27.972
24/01/2023,03:00,29.363
24/01/2023,04:00,32.264
24/01/2023,05:00,27.052
24/01/2023,06:00,27.076
24/01/2023,07:00,26.368
24/01/2023,08:00,38.774
24/01/2023,09:00,28.444
24/01/2023,10:00,30.519
24/01/2023,11:00,44.929
24/01/2023,12:00,37.642
24/01/2023,13:00,23.844
24/01/2023,14:00,18.16
24/01/2023,15:00,15.755
24/01/2023,16:00,13.278
24/01/2023,17:00,17.665
24/01/2023,18:00,22.948
24/01/2023,19:00,6.863
24/01/2023,20:00,9.811
24/01/2023,21:00,11.392
24/01/2023,22:00,10.755
24/01/2023,23:00,9.67
24/01/2023,24:00:00,6.675
25/01/2023,01:00,7.076
25/01/2023,02:00,8.373
25/01/2023,03:00,12.807
25/01/2023,04:00,13.609
25/01/2023,05:00,13.844
25/01/2023,06:00,15.094
25/01/2023,07:00,14.505
25/01/2023,08:00,14.67
25/01/2023,09:00,14.788
25/01/2023,10:00,16.675
25/01/2023,11:00,33.043
25/01/2023,12:00,13.019
25/01/2023,13:00,3.349
25/01/2023,14:00,4.575
25/01/2023,15:00,1.91
25/01/2023,16:00,2.359
25/01/2023,17:00,5.425
25/01/2023,18:00,7.547
25/01/2023,19:00,5.731
25/01/2023,20:00,5.094
25/01/2023,21:00,6.344
25/01/2023,22:00,6.58
25/01/2023,23:00,6.887
25/01/2023,24:00:00,7.453
26/01/2023,01:00,7.076
26/01/2023,02:00,6.698
26/01/2023,03:00,4.387
26/01/2023,04:00,3.231
26/01/2023,05:00,2.689
26/01/2023,06:00,2.382
26/01/2023,07:00,3.632
26/01/2023,08:00,4.505
26/01/2023,09:00,5.142
26/01/2023,10:00,6.014
26/01/2023,11:00,6.25
26/01/2023,12:00,6.014
26/01/2023,13:00,5.637
26/01/2023,14:00,4.316
26/01/2023,15:00,2.995
26/01/2023,16:00,3.962
26/01/2023,17:00,4.575
26/01/2023,18:00,3.703
26/01/2023,19:00,4.67
26/01/2023,20:00,5.283
26/01/2023,21:00,5.849
26/01/2023,22:00,6.651
26/01/2023,23:00,3.538
26/01/2023,24:00:00,3.609
27/01/2023,01:00,4.009
27/01/2023,02:00,3.703
27/01/2023,03:00,4.104
27/01/2023,04:00,4.151
27/01/2023,05:00,4.151
27/01/2023,06:00,4.505
27/01/2023,07:00,5.731
27/01/2023,08:00,6.109
27/01/2023,09:00,6.014
27/01/2023,10:00,6.745
27/01/2023,11:00,5.755
27/01/2023,12:00,4.41
27/01/2023,13:00,4.67
27/01/2023,14:00,3.656
27/01/2023,15:00,2.877
27/01/2023,16:00,3.349
27/01/2023,17:00,4.552
27/01/2023,18:00,7.382
27/01/2023,19:00,10.189
27/01/2023,20:00,12.571
27/01/2023,21:00,9.127
27/01/2023,22:00,11.439
27/01/2023,23:00,10.637
27/01/2023,24:00:00,11.486
28/01/2023,01:00,9.976
28/01/2023,02:00,9.245
28/01/2023,03:00,10.307
28/01/2023,04:00,13.609
28/01/2023,05:00,13.679
28/01/2023,06:00,15.425
28/01/2023,07:00,15.236
28/01/2023,08:00,10.118
28/01/2023,09:00,9.458
28/01/2023,10:00,15.991
28/01/2023,11:00,12.476
28/01/2023,12:00,7.453
28/01/2023,13:00,4.646
28/01/2023,14:00,4.741
28/01/2023,15:00,4.363
28/01/2023,16:00,3.632
28/01/2023,17:00,3.726
28/01/2023,18:00,4.67
28/01/2023,19:00,6.934
28/01/2023,20:00,7.807
28/01/2023,21:00,7.217
28/01/2023,22:00,3.962
28/01/2023,23:00,5.59
28/01/2023,24:00:00,6.91
29/01/2023,01:00,8.609
29/01/2023,02:00,8.184
29/01/2023,03:00,5.401
29/01/2023,04:00,3.373
29/01/2023,05:00,3.514
29/01/2023,06:00,3.443
29/01/2023,07:00,3.396
29/01/2023,08:00,4.009
29/01/2023,09:00,3.019
29/01/2023,10:00,3.231
29/01/2023,11:00,4.764
29/01/2023,12:00,4.859
29/01/2023,13:00,3.915
29/01/2023,14:00,2.854
29/01/2023,15:00,3.892
29/01/2023,16:00,5.873
29/01/2023,17:00,6.863
29/01/2023,18:00,5.566
29/01/2023,19:00,4.953
29/01/2023,20:00,4.198
29/01/2023,21:00,5.212
29/01/2023,22:00,4.269
29/01/2023,23:00,3.042
29/01/2023,24:00:00,5.991
30/01/2023,01:00,7.948
30/01/2023,02:00,7.429
30/01/2023,03:00,6.344
30/01/2023,04:00,6.651
30/01/2023,05:00,6.84
30/01/2023,06:00,7.028
30/01/2023,07:00,6.769
30/01/2023,08:00,7.382
30/01/2023,09:00,7.382
30/01/2023,10:00,8.208
30/01/2023,11:00,8.585
30/01/2023,12:00,9.222
30/01/2023,13:00,8.797
30/01/2023,14:00,9.41
30/01/2023,15:00,9.222
30/01/2023,16:00,8.066
30/01/2023,17:00,9.104
30/01/2023,18:00,10.024
30/01/2023,19:00,10.024
30/01/2023,20:00,8.443
30/01/2023,21:00,7.453
30/01/2023,22:00,6.509
30/01/2023,23:00,5.802
30/01/2023,24:00:00,5.283
31/01/2023,01:00,5
31/01/2023,02:00,4.741
31/01/2023,03:00,3.703
31/01/2023,04:00,3.656
31/01/2023,05:00,4.906
31/01/2023,06:00,2.712
31/01/2023,07:00,3.585
31/01/2023,08:00,1.038
31/01/2023,09:00,4.34
31/01/2023,10:00,8.396
31/01/2023,11:00,7.995
31/01/2023,12:00,9.104
31/01/2023,13:00,9.953
31/01/2023,14:00,8.986
31/01/2023,15:00,9.481
31/01/2023,16:00,9.929
31/01/2023,17:00,9.741
31/01/2023,18:00,9.693
31/01/2023,19:00,9.151
31/01/2023,20:00,8.75
31/01/2023,21:00,7.571
31/01/2023,22:00,7.335
31/01/2023,23:00,6.745
31/01/2023,24:00:00,6.958
01/02/2023,01:00,6.533
01/02/2023,02:00,5.943
01/02/2023,03:00,5.967
01/02/2023,04:00,5.967
01/02/2023,05:00,6.061
01/02/2023,06:00,6.297
01/02/2023,07:00,5.826
01/02/2023,08:00,5.967
01/02/2023,09:00,5.873
01/02/2023,10:00,7.241
01/02/2023,11:00,7.382
01/02/2023,12:00,6.297
01/02/2023,13:00,6.604
01/02/2023,14:00,5.33
01/02/2023,15:00,4.481
01/02/2023,16:00,4.764
01/02/2023,17:00,6.651
01/02/2023,18:00,5.59
01/02/2023,19:00,5.943
01/02/2023,20:00,6.203
01/02/2023,21:00,5.307
01/02/2023,22:00,4.693
01/02/2023,23:00,4.08
01/02/2023,24:00:00,3.491
02/02/2023,01:00,7.123
02/02/2023,02:00,6.462
02/02/2023,03:00,4.953
02/02/2023,04:00,4.764
02/02/2023,05:00,6.344
02/02/2023,06:00,4.599
02/02/2023,07:00,5
02/02/2023,08:00,6.627
02/02/2023,09:00,5.66
02/02/2023,10:00,5.542
02/02/2023,11:00,4.08
02/02/2023,12:00,3.585
02/02/2023,13:00,3.632
02/02/2023,14:00,2.5
02/02/2023,15:00,2.689
02/02/2023,16:00,2.193
02/02/2023,17:00,2.925
02/02/2023,18:00,2.618
02/02/2023,19:00,2.736
02/02/2023,20:00,3.042
02/02/2023,21:00,3.255
02/02/2023,22:00,2.241
02/02/2023,23:00,2.359
02/02/2023,24:00:00,3.184
03/02/2023,01:00,3.302
03/02/2023,02:00,2.406
03/02/2023,03:00,3.255
03/02/2023,04:00,4.41
03/02/2023,05:00,2.642
03/02/2023,06:00,2.123
03/02/2023,07:00,3.585
03/02/2023,08:00,2.807
03/02/2023,09:00,2.075
03/02/2023,10:00,1.321
03/02/2023,11:00,1.91
03/02/2023,12:00,2.146
03/02/2023,13:00,2.264
03/02/2023,14:00,2.028
03/02/2023,15:00,1.816
03/02/2023,16:00,1.887
03/02/2023,17:00,3.278
03/02/2023,18:00,4.623
03/02/2023,19:00,4.859
03/02/2023,20:00,4.528
03/02/2023,21:00,4.481
03/02/2023,22:00,4.693
03/02/2023,23:00,5.731
03/02/2023,24:00:00,6.887
04/02/2023,01:00,6.156
04/02/2023,02:00,4.646
04/02/2023,03:00,3.962
04/02/2023,04:00,3.679
04/02/2023,05:00,3.844
04/02/2023,06:00,4.175
04/02/2023,07:00,4.198
04/02/2023,08:00,2.665
04/02/2023,09:00,3.821
04/02/2023,10:00,5.613
04/02/2023,11:00,5.92
04/02/2023,12:00,4.859
04/02/2023,13:00,4.08
04/02/2023,14:00,4.458
04/02/2023,15:00,4.363
04/02/2023,16:00,5.401
04/02/2023,17:00,5.071
04/02/2023,18:00,4.835
04/02/2023,19:00,6.439
04/02/2023,20:00,6.816
04/02/2023,21:00,3.962
04/02/2023,22:00,2.311
04/02/2023,23:00,3.939
04/02/2023,24:00:00,4.835
05/02/2023,01:00,5.259
05/02/2023,02:00,5.66
05/02/2023,03:00,5.66
05/02/2023,04:00,5.778
05/02/2023,05:00,5.542
05/02/2023,06:00,5.873
05/02/2023,07:00,5.354
05/02/2023,08:00,5.519
05/02/2023,09:00,5.967
05/02/2023,10:00,9.316
05/02/2023,11:00,7.123
05/02/2023,12:00,5.684
05/02/2023,13:00,6.439
05/02/2023,14:00,6.58
05/02/2023,15:00,5.943
05/02/2023,16:00,5.519
05/02/2023,17:00,7.547
05/02/2023,18:00,12.264
05/02/2023,19:00,13.16
05/02/2023,20:00,20.66
05/02/2023,21:00,22.146
05/02/2023,22:00,23.491
05/02/2023,23:00,25.802
05/02/2023,24:00:00,22.854
06/02/2023,01:00,18.986
06/02/2023,02:00,18.043
06/02/2023,03:00,19.741
06/02/2023,04:00,17.146
06/02/2023,05:00,9.481
06/02/2023,06:00,8.632
06/02/2023,07:00,9.764
06/02/2023,08:00,11.344
06/02/2023,09:00,13.231
06/02/2023,10:00,19.505
06/02/2023,11:00,15.92
06/02/2023,12:00,14.127
06/02/2023,13:00,14.34
06/02/2023,14:00,8.428
06/02/2023,15:00,
06/02/2023,16:00,25.212
06/02/2023,17:00,19.41
06/02/2023,18:00,19.788
06/02/2023,19:00,23.137
06/02/2023,20:00,28.467
06/02/2023,21:00,32.288
06/02/2023,22:00,21.132
06/02/2023,23:00,23.986
06/02/2023,24:00:00,24.528
07/02/2023,01:00,22.524
07/02/2023,02:00,20.943
07/02/2023,03:00,18.538
07/02/2023,04:00,17.193
07/02/2023,05:00,17.877
07/02/2023,06:00,18.255
07/02/2023,07:00,20.142
07/02/2023,08:00,26.486
07/02/2023,09:00,22.382
07/02/2023,10:00,23.113
07/02/2023,11:00,30.094
07/02/2023,12:00,26.109
07/02/2023,13:00,11.156
07/02/2023,14:00,22.335
07/02/2023,15:00,25.637
07/02/2023,16:00,19.505
07/02/2023,17:00,14.316
07/02/2023,18:00,15.991
07/02/2023,19:00,21.533
07/02/2023,20:00,21.91
07/02/2023,21:00,27.477
07/02/2023,22:00,28.986
07/02/2023,23:00,28.066
07/02/2023,24:00:00,26.651
08/02/2023,01:00,27.524
08/02/2023,02:00,25.991
08/02/2023,03:00,26.486
08/02/2023,04:00,27.854
08/02/2023,05:00,27.783
08/02/2023,06:00,26.368
08/02/2023,07:00,23.703
08/02/2023,08:00,22.288
08/02/2023,09:00,21.462
08/02/2023,10:00,25.118
08/02/2023,11:00,21.816
08/02/2023,12:00,14.764
08/02/2023,13:00,15.778
08/02/2023,14:00,16.462
08/02/2023,15:00,16.557
08/02/2023,16:00,17.76
08/02/2023,17:00,15.873
08/02/2023,18:00,15
08/02/2023,19:00,17.311
08/02/2023,20:00,14.788
08/02/2023,21:00,13.892
08/02/2023,22:00,14.882
08/02/2023,23:00,14.434
08/02/2023,24:00:00,12.665
09/02/2023,01:00,10.66
09/02/2023,02:00,10.708
09/02/2023,03:00,9.953
09/02/2023,04:00,6.203
09/02/2023,05:00,3.231
09/02/2023,06:00,4.245
09/02/2023,07:00,4.976
09/02/2023,08:00,8.467
09/02/2023,09:00,11.627
09/02/2023,10:00,17.453
09/02/2023,11:00,10.849
09/02/2023,12:00,9.198
09/02/2023,13:00,11.722
09/02/2023,14:00,12.759
09/02/2023,15:00,8.278
09/02/2023,16:00,12.665
09/02/2023,17:00,33.75
09/02/2023,18:00,53.845
09/02/2023,19:00,13.278
09/02/2023,20:00,8.16
09/02/2023,21:00,8.585
09/02/2023,22:00,9.104
09/02/2023,23:00,8.821
09/02/2023,24:00:00,7.901
10/02/2023,01:00,7.146
10/02/2023,02:00,6.557
10/02/2023,03:00,6.415
10/02/2023,04:00,6.297
10/02/2023,05:00,7.335
10/02/2023,06:00,5.472
10/02/2023,07:00,6.321
10/02/2023,08:00,7.429
10/02/2023,09:00,9.646
10/02/2023,10:00,10.684
10/02/2023,11:00,13.892
10/02/2023,12:00,7.854
10/02/2023,13:00,7.193
10/02/2023,14:00,7.123
10/02/2023,15:00,6.392
10/02/2023,16:00,9.222
10/02/2023,17:00,7.995
10/02/2023,18:00,5.943
10/02/2023,19:00,4.811
10/02/2023,20:00,3.396
10/02/2023,21:00,3.066
10/02/2023,22:00,2.877
10/02/2023,23:00,5
10/02/2023,24:00:00,5.307
11/02/2023,01:00,3.325
11/02/2023,02:00,3.278
11/02/2023,03:00,1.675
11/02/2023,04:00,1.132
11/02/2023,05:00,1.722
11/02/2023,06:00,2.288
11/02/2023,07:00,2.264
11/02/2023,08:00,2.075
11/02/2023,09:00,2.288
11/02/2023,10:00,2.83
11/02/2023,11:00,3.019
11/02/2023,12:00,2.5
11/02/2023,13:00,2.288
11/02/2023,14:00,2.028
11/02/2023,15:00,2.382
11/02/2023,16:00,2.075
11/02/2023,17:00,2.335
11/02/2023,18:00,2.995
11/02/2023,19:00,5.401
11/02/2023,20:00,3.019
11/02/2023,21:00,4.458
11/02/2023,22:00,4.717
11/02/2023,23:00,5
11/02/2023,24:00:00,5.401
12/02/2023,01:00,6.627
12/02/2023,02:00,6.722
12/02/2023,03:00,7.736
12/02/2023,04:00,7.005
12/02/2023,05:00,6.486
12/02/2023,06:00,6.958
12/02/2023,07:00,8.302
12/02/2023,08:00,10.92
12/02/2023,09:00,11.722
12/02/2023,10:00,16.156
12/02/2023,11:00,16.981
12/02/2023,12:00,16.486
12/02/2023,13:00,14.175
12/02/2023,14:00,15.283
12/02/2023,15:00,21.085
12/02/2023,16:00,17.076
12/02/2023,17:00,18.821
12/02/2023,18:00,20.943
12/02/2023,19:00,23.066
12/02/2023,20:00,29.127
12/02/2023,21:00,29.387
12/02/2023,22:00,26.84
12/02/2023,23:00,20.519
12/02/2023,24:00:00,18.538
13/02/2023,01:00,12.123
13/02/2023,02:00,14.363
13/02/2023,03:00,16.179
13/02/2023,04:00,15.071
13/02/2023,05:00,12.854
13/02/2023,06:00,11.25
13/02/2023,07:00,12.193
13/02/2023,08:00,13.538
13/02/2023,09:00,19.057
13/02/2023,10:00,21.25
13/02/2023,11:00,22.123
13/02/2023,12:00,19.576
13/02/2023,13:00,21.038
13/02/2023,14:00,21.981
13/02/2023,15:00,25.944
13/02/2023,16:00,22.217
13/02/2023,17:00,25.142
13/02/2023,18:00,29.198
13/02/2023,19:00,31.722
13/02/2023,20:00,34.245
13/02/2023,21:00,38.161
13/02/2023,22:00,39.057
13/02/2023,23:00,40.849
13/02/2023,24:00:00,41.179
14/02/2023,01:00,39.198
14/02/2023,02:00,40.401
14/02/2023,03:00,40.661
14/02/2023,04:00,38.42
14/02/2023,05:00,36.769
14/02/2023,06:00,34.01
14/02/2023,07:00,37.571
14/02/2023,08:00,32.76
14/02/2023,09:00,33.75
14/02/2023,10:00,34.316
14/02/2023,11:00,33.727
14/02/2023,12:00,31.557
14/02/2023,13:00,30.401
14/02/2023,14:00,29.835
14/02/2023,15:00,34.929
14/02/2023,16:00,25.967
14/02/2023,17:00,25
14/02/2023,18:00,26.321
14/02/2023,19:00,28.703
14/02/2023,20:00,30.967
14/02/2023,21:00,35.33
14/02/2023,22:00,36.392
14/02/2023,23:00,40.354
14/02/2023,24:00:00,41.25
15/02/2023,01:00,41.179
15/02/2023,02:00,40.142
15/02/2023,03:00,36.297
15/02/2023,04:00,35.755
15/02/2023,05:00,39.198
15/02/2023,06:00,37.123
15/02/2023,07:00,37.901
15/02/2023,08:00,38.585
15/02/2023,09:00,38.821
15/02/2023,10:00,44.623
15/02/2023,11:00,37.146
15/02/2023,12:00,
15/02/2023,13:00,28.554
15/02/2023,14:00,26.014
15/02/2023,15:00,23.043
15/02/2023,16:00,19.788
15/02/2023,17:00,20.236
15/02/2023,18:00,17.335
15/02/2023,19:00,19.151
15/02/2023,20:00,8.514
15/02/2023,21:00,4.104
15/02/2023,22:00,4.198
15/02/2023,23:00,3.844
15/02/2023,24:00:00,4.575
16/02/2023,01:00,7.005
16/02/2023,02:00,9.293
16/02/2023,03:00,9.316
16/02/2023,04:00,5.755
16/02/2023,05:00,5
16/02/2023,06:00,3.42
16/02/2023,07:00,3.726
16/02/2023,08:00,4.929
16/02/2023,09:00,6.486
16/02/2023,10:00,8.349
16/02/2023,11:00,4.528
16/02/2023,12:00,5.283
16/02/2023,13:00,6.769
16/02/2023,14:00,5.519
16/02/2023,15:00,4.033
16/02/2023,16:00,5.448
16/02/2023,17:00,3.986
16/02/2023,18:00,2.264
16/02/2023,19:00,2.217
16/02/2023,20:00,2.5
16/02/2023,21:00,2.264
16/02/2023,22:00,1.769
16/02/2023,23:00,1.863
16/02/2023,24:00:00,2.075
17/02/2023,01:00,2.335
17/02/2023,02:00,1.958
17/02/2023,03:00,2.429
17/02/2023,04:00,1.816
17/02/2023,05:00,2.217
17/02/2023,06:00,1.981
17/02/2023,07:00,2.618
17/02/2023,08:00,2.807
17/02/2023,09:00,2.264
17/02/2023,10:00,2.901
17/02/2023,11:00,3.609
17/02/2023,12:00,4.316
17/02/2023,13:00,3.726
17/02/2023,14:00,5.542
17/02/2023,15:00,6.344
17/02/2023,16:00,5.826
17/02/2023,17:00,6.132
17/02/2023,18:00,5.094
17/02/2023,19:00,5.613
17/02/2023,20:00,7.217
17/02/2023,21:00,7.759
17/02/2023,22:00,9.222
17/02/2023,23:00,9.057
17/02/2023,24:00:00,7.877
18/02/2023,01:00,1.179
18/02/2023,02:00,1.179
18/02/2023,03:00,1.509
18/02/2023,04:00,2.429
18/02/2023,05:00,2.382
18/02/2023,06:00,0.755
18/02/2023,07:00,1.061
18/02/2023,08:00,2.5
18/02/2023,09:00,3.184
18/02/2023,10:00,3.656
18/02/2023,11:00,3.349
18/02/2023,12:00,3.113
18/02/2023,13:00,3.986
18/02/2023,14:00,4.127
18/02/2023,15:00,3.396
18/02/2023,16:00,3.42
18/02/2023,17:00,3.609
18/02/2023,18:00,3.16
18/02/2023,19:00,2.854
18/02/2023,20:00,2.382
18/02/2023,21:00,3.113
18/02/2023,22:00,3.821
18/02/2023,23:00,2.547
18/02/2023,24:00:00,1.604
19/02/2023,01:00,1.84
19/02/2023,02:00,2.241
19/02/2023,03:00,1.627
19/02/2023,04:00,1.91
19/02/2023,05:00,1.675
19/02/2023,06:00,1.792
19/02/2023,07:00,2.028
19/02/2023,08:00,1.887
19/02/2023,09:00,2.524
19/02/2023,10:00,4.599
19/02/2023,11:00,4.458
19/02/2023,12:00,3.726
19/02/2023,13:00,4.458
19/02/2023,14:00,6.722
19/02/2023,15:00,4.623
19/02/2023,16:00,3.514
19/02/2023,17:00,3.986
19/02/2023,18:00,3.844
19/02/2023,19:00,3.278
19/02/2023,20:00,3.16
19/02/2023,21:00,3.349
19/02/2023,22:00,3.113
19/02/2023,23:00,2.665
19/02/2023,24:00:00,2.075
20/02/2023,01:00,3.255
20/02/2023,02:00,3.467
20/02/2023,03:00,1.981
20/02/2023,04:00,1.297
20/02/2023,05:00,1.109
20/02/2023,06:00,0.849
20/02/2023,07:00,1.156
20/02/2023,08:00,2.453
20/02/2023,09:00,2.146
20/02/2023,10:00,3.443
20/02/2023,11:00,5.755
20/02/2023,12:00,5.967
20/02/2023,13:00,7.241
20/02/2023,14:00,6.792
20/02/2023,15:00,4.976
20/02/2023,16:00,5.708
20/02/2023,17:00,6.934
20/02/2023,18:00,7.901
20/02/2023,19:00,4.67
20/02/2023,20:00,5.495
20/02/2023,21:00,5.566
20/02/2023,22:00,4.269
20/02/2023,23:00,4.057
20/02/2023,24:00:00,4.222
21/02/2023,01:00,2.642
21/02/2023,02:00,1.651
21/02/2023,03:00,1.344
21/02/2023,04:00,1.84
21/02/2023,05:00,3.774
21/02/2023,06:00,6.981
21/02/2023,07:00,6.816
21/02/2023,08:00,5.755
21/02/2023,09:00,5.896
21/02/2023,10:00,6.934
21/02/2023,11:00,4.646
21/02/2023,12:00,5.59
21/02/2023,13:00,5.778
21/02/2023,14:00,6.627
21/02/2023,15:00,5.425
21/02/2023,16:00,7.783
21/02/2023,17:00,8.939
21/02/2023,18:00,9.363
21/02/2023,19:00,7.5
21/02/2023,20:00,10.708
21/02/2023,21:00,24.717
21/02/2023,22:00,15.495
21/02/2023,23:00,17.028
21/02/2023,24:00:00,17.146
22/02/2023,01:00,19.623
22/02/2023,02:00,16.274
22/02/2023,03:00,16.274
22/02/2023,04:00,13.066
22/02/2023,05:00,7.264
22/02/2023,06:00,6.297
22/02/2023,07:00,5.66
22/02/2023,08:00,7.076
22/02/2023,09:00,7.925
22/02/2023,10:00,3.962
22/02/2023,11:00,2.524
22/02/2023,12:00,4.316
22/02/2023,13:00,3.774
22/02/2023,14:00,3.325
22/02/2023,15:00,3.042
22/02/2023,16:00,2.642
22/02/2023,17:00,1.604
22/02/2023,18:00,2.193
22/02/2023,19:00,3.255
22/02/2023,20:00,3.349
22/02/2023,21:00,5.142
22/02/2023,22:00,3.844
22/02/2023,23:00,3.325
22/02/2023,24:00:00,3.656
23/02/2023,01:00,4.033
23/02/2023,02:00,5.047
23/02/2023,03:00,3.042
23/02/2023,04:00,3.962
23/02/2023,05:00,6.863
23/02/2023,06:00,6.863
23/02/2023,07:00,6.109
23/02/2023,08:00,5.684
23/02/2023,09:00,6.014
23/02/2023,10:00,5.212
23/02/2023,11:00,5.283
23/02/2023,12:00,9.316
23/02/2023,13:00,6.675
23/02/2023,14:00,5.802
23/02/2023,15:00,5.401
23/02/2023,16:00,6.84
23/02/2023,17:00,5.519
23/02/2023,18:00,6.344
23/02/2023,19:00,9.976
23/02/2023,20:00,8.349
23/02/2023,21:00,9.293
23/02/2023,22:00,7.594
23/02/2023,23:00,5.967
23/02/2023,24:00:00,5.283
24/02/2023,01:00,6.392
24/02/2023,02:00,4.528
24/02/2023,03:00,2.5
24/02/2023,04:00,4.717
24/02/2023,05:00,3.844
24/02/2023,06:00,3.042
24/02/2023,07:00,2.429
24/02/2023,08:00,3.208
24/02/2023,09:00,3.774
24/02/2023,10:00,3.349
24/02/2023,11:00,3.561
24/02/2023,12:00,7.076
24/02/2023,13:00,6.321
24/02/2023,14:00,6.509
24/02/2023,15:00,5.684
24/02/2023,16:00,5.071
24/02/2023,17:00,4.127
24/02/2023,18:00,3.821
24/02/2023,19:00,5.118
24/02/2023,20:00,6.533
24/02/2023,21:00,6.415
24/02/2023,22:00,3.868
24/02/2023,23:00,3.962
24/02/2023,24:00:00,3.821
25/02/2023,01:00,5.212
25/02/2023,02:00,4.67
25/02/2023,03:00,4.693
25/02/2023,04:00,5.448
25/02/2023,05:00,6.58
25/02/2023,06:00,6.651
25/02/2023,07:00,7.099
25/02/2023,08:00,6.392
25/02/2023,09:00,6.557
25/02/2023,10:00,5.59
25/02/2023,11:00,5.943
25/02/2023,12:00,5.778
25/02/2023,13:00,5.118
25/02/2023,14:00,4.811
25/02/2023,15:00,4.08
25/02/2023,16:00,4.623
25/02/2023,17:00,5
25/02/2023,18:00,4.929
25/02/2023,19:00,7.146
25/02/2023,20:00,6.769
25/02/2023,21:00,5.212
25/02/2023,22:00,5.354
25/02/2023,23:00,5.259
25/02/2023,24:00:00,5.542
26/02/2023,01:00,5.259
26/02/2023,02:00,4.882
26/02/2023,03:00,4.34
26/02/2023,04:00,4.646
26/02/2023,05:00,5.495
26/02/2023,06:00,4.528
26/02/2023,07:00,4.623
26/02/2023,08:00,4.741
26/02/2023,09:00,4.953
26/02/2023,10:00,5.495
26/02/2023,11:00,6.321
26/02/2023,12:00,5.896
26/02/2023,13:00,5.142
26/02/2023,14:00,4.245
26/02/2023,15:00,3.774
26/02/2023,16:00,3.75
26/02/2023,17:00,3.797
26/02/2023,18:00,4.623
26/02/2023,19:00,7.524
26/02/2023,20:00,7.712
26/02/2023,21:00,8.349
26/02/2023,22:00,6.745
26/02/2023,23:00,5.33
26/02/2023,24:00:00,4.599
27/02/2023,01:00,3.467
27/02/2023,02:00,4.811
27/02/2023,03:00,5.731
27/02/2023,04:00,4.717
27/02/2023,05:00,7.311
27/02/2023,06:00,3.726
27/02/2023,07:00,4.057
27/02/2023,08:00,4.08
27/02/2023,09:00,3.821
27/02/2023,10:00,4.458
27/02/2023,11:00,4.458
27/02/2023,12:00,3.75
27/02/2023,13:00,2.925
27/02/2023,14:00,3.986
27/02/2023,15:00,3.208
27/02/2023,16:00,3.396
27/02/2023,17:00,2.594
27/02/2023,18:00,3.42
27/02/2023,19:00,3.066
27/02/2023,20:00,3.208
27/02/2023,21:00,4.222
27/02/2023,22:00,5.425
27/02/2023,23:00,7.123
27/02/2023,24:00:00,4.222
28/02/2023,01:00,4.575
28/02/2023,02:00,2.901
28/02/2023,03:00,3.632
28/02/2023,04:00,3.443
28/02/2023,05:00,7.241
28/02/2023,06:00,4.835
28/02/2023,07:00,4.599
28/02/2023,08:00,4.575
28/02/2023,09:00,4.788
28/02/2023,10:00,3.868
28/02/2023,11:00,3.538
28/02/2023,12:00,2.83
28/02/2023,13:00,2.382
28/02/2023,14:00,2.359
28/02/2023,15:00,2.028
28/02/2023,16:00,1.84
28/02/2023,17:00,1.887
28/02/2023,18:00,1.698
28/02/2023,19:00,2.948
28/02/2023,20:00,3.231
28/02/2023,21:00,4.269
28/02/2023,22:00,4.528
28/02/2023,23:00,5.448
28/02/2023,24:00:00,4.741
01/03/2023,01:00,4.033
01/03/2023,02:00,4.198
01/03/2023,03:00,3.561
01/03/2023,04:00,3.632
01/03/2023,05:00,3.113
01/03/2023,06:00,2.972
01/03/2023,07:00,2.759
01/03/2023,08:00,3.42
01/03/2023,09:00,3.325
01/03/2023,10:00,3.137
01/03/2023,11:00,3.491
01/03/2023,12:00,3.561
01/03/2023,13:00,2.807
01/03/2023,14:00,4.835
01/03/2023,15:00,4.222
01/03/2023,16:00,3.821
01/03/2023,17:00,2.759
01/03/2023,18:00,3.609
01/03/2023,19:00,4.599
01/03/2023,20:00,5.66
01/03/2023,21:00,4.575
01/03/2023,22:00,5.778
01/03/2023,23:00,5.66
01/03/2023,24:00:00,4.693
02/03/2023,01:00,4.552
02/03/2023,02:00,4.764
02/03/2023,03:00,5.071
02/03/2023,04:00,4.363
02/03/2023,05:00,4.717
02/03/2023,06:00,4.906
02/03/2023,07:00,4.906
02/03/2023,08:00,3.75
02/03/2023,09:00,4.953
02/03/2023,10:00,5.802
02/03/2023,11:00,8.255
02/03/2023,12:00,11.557
02/03/2023,13:00,10.495
02/03/2023,14:00,7.877
02/03/2023,15:00,7.642
02/03/2023,16:00,9.387
02/03/2023,17:00,9.693
02/03/2023,18:00,9.481
02/03/2023,19:00,9.057
02/03/2023,20:00,9.882
02/03/2023,21:00,10.92
02/03/2023,22:00,7.076
02/03/2023,23:00,5.472
02/03/2023,24:00:00,5.708
03/03/2023,01:00,5.33
03/03/2023,02:00,5.943
03/03/2023,03:00,7.429
03/03/2023,04:00,6.91
03/03/2023,05:00,7.665
03/03/2023,06:00,4.906
03/03/2023,07:00,2.359
03/03/2023,08:00,2.759
03/03/2023,09:00,6.368
03/03/2023,10:00,4.481
03/03/2023,11:00,2.264
03/03/2023,12:00,2.712
03/03/2023,13:00,3.396
03/03/2023,14:00,4.575
03/03/2023,15:00,5.165
03/03/2023,16:00,6.132
03/03/2023,17:00,6.557
03/03/2023,18:00,8.184
03/03/2023,19:00,9.127
03/03/2023,20:00,7.594
03/03/2023,21:00,7.264
03/03/2023,22:00,6.038
03/03/2023,23:00,7.193
03/03/2023,24:00:00,6.769
04/03/2023,01:00,5.967
04/03/2023,02:00,6.226
04/03/2023,03:00,7.052
04/03/2023,04:00,7.028
04/03/2023,05:00,6.038
04/03/2023,06:00,6.014
04/03/2023,07:00,5.59
04/03/2023,08:00,5.613
04/03/2023,09:00,5.425
04/03/2023,10:00,5.637
04/03/2023,11:00,6.25
04/03/2023,12:00,6.038
04/03/2023,13:00,5.165
04/03/2023,14:00,4.835
04/03/2023,15:00,5.613
04/03/2023,16:00,5.92
04/03/2023,17:00,6.84
04/03/2023,18:00,6.722
04/03/2023,19:00,10.566
04/03/2023,20:00,11.439
04/03/2023,21:00,12.712
04/03/2023,22:00,9.835
04/03/2023,23:00,8.774
04/03/2023,24:00:00,8.491
05/03/2023,01:00,8.443
05/03/2023,02:00,9.245
05/03/2023,03:00,9.293
05/03/2023,04:00,9.552
05/03/2023,05:00,8.255
05/03/2023,06:00,7.453
05/03/2023,07:00,6.745
05/03/2023,08:00,5.66
05/03/2023,09:00,4.316
05/03/2023,10:00,4.316
05/03/2023,11:00,6.604
05/03/2023,12:00,8.774
05/03/2023,13:00,8.066
05/03/2023,14:00,7.453
05/03/2023,15:00,7.476
05/03/2023,16:00,6.061
05/03/2023,17:00,5.896
05/03/2023,18:00,7.925
05/03/2023,19:00,9.859
05/03/2023,20:00,8.066
05/03/2023,21:00,6.722
05/03/2023,22:00,10.802
05/03/2023,23:00,8.042
05/03/2023,24:00:00,9.929
06/03/2023,01:00,11.793
06/03/2023,02:00,13.09
06/03/2023,03:00,11.274
06/03/2023,04:00,4.646
06/03/2023,05:00,8.137
06/03/2023,06:00,6.792
06/03/2023,07:00,3.514
06/03/2023,08:00,2.925
06/03/2023,09:00,3.491
06/03/2023,10:00,3.373
06/03/2023,11:00,3.09
06/03/2023,12:00,2.406
06/03/2023,13:00,2.005
06/03/2023,14:00,3.208
06/03/2023,15:00,5.142
06/03/2023,16:00,3.821
06/03/2023,17:00,3.302
06/03/2023,18:00,4.434
06/03/2023,19:00,4.929
06/03/2023,20:00,5.59
06/03/2023,21:00,6.061
06/03/2023,22:00,5.755
06/03/2023,23:00,5.849
06/03/2023,24:00:00,5.495
07/03/2023,01:00,4.741
07/03/2023,02:00,3.137
07/03/2023,03:00,2.288
07/03/2023,04:00,2.028
07/03/2023,05:00,2.264
07/03/2023,06:00,3.113
07/03/2023,07:00,3.797
07/03/2023,08:00,3.868
07/03/2023,09:00,4.316
07/03/2023,10:00,3.467
07/03/2023,11:00,3.491
07/03/2023,12:00,3.491
07/03/2023,13:00,2.783
07/03/2023,14:00,2.193
07/03/2023,15:00,2.311
07/03/2023,16:00,2.429
07/03/2023,17:00,2.028
07/03/2023,18:00,2.288
07/03/2023,19:00,7.901
07/03/2023,20:00,10.543
07/03/2023,21:00,8.443
07/03/2023,22:00,7.877
07/03/2023,23:00,8.632
07/03/2023,24:00:00,15.684
08/03/2023,01:00,16.038
08/03/2023,02:00,13.609
08/03/2023,03:00,13.538
08/03/2023,04:00,12.453
08/03/2023,05:00,8.632
08/03/2023,06:00,11.439
08/03/2023,07:00,16.651
08/03/2023,08:00,15.26
08/03/2023,09:00,15.377
08/03/2023,10:00,16.344
08/03/2023,11:00,20.849
08/03/2023,12:00,19.01
08/03/2023,13:00,15.472
08/03/2023,14:00,6.887
08/03/2023,15:00,6.274
08/03/2023,16:00,6.91
08/03/2023,17:00,3.538
08/03/2023,18:00,2.524
08/03/2023,19:00,3.679
08/03/2023,20:00,6.415
08/03/2023,21:00,12.123
08/03/2023,22:00,12.524
08/03/2023,23:00,12.241
08/03/2023,24:00:00,7.311
09/03/2023,01:00,6.439
09/03/2023,02:00,7.712
09/03/2023,03:00,7.193
09/03/2023,04:00,5.307
09/03/2023,05:00,5.495
09/03/2023,06:00,6.934
09/03/2023,07:00,7.571
09/03/2023,08:00,7.972
09/03/2023,09:00,12.311
09/03/2023,10:00,12.193
09/03/2023,11:00,5.92
09/03/2023,12:00,3.726
09/03/2023,13:00,4.434
09/03/2023,14:00,4.434
09/03/2023,15:00,4.788
09/03/2023,16:00,6.651
09/03/2023,17:00,5.071
09/03/2023,18:00,5.142
09/03/2023,19:00,5.542
09/03/2023,20:00,7.359
09/03/2023,21:00,6.981
09/03/2023,22:00,8.774
09/03/2023,23:00,6.203
09/03/2023,24:00:00,7.005
10/03/2023,01:00,5.613
10/03/2023,02:00,3.609
10/03/2023,03:00,2.453
10/03/2023,04:00,2.453
10/03/2023,05:00,2.783
10/03/2023,06:00,1.934
10/03/2023,07:00,0.896
10/03/2023,08:00,1.344
10/03/2023,09:00,2.288
10/03/2023,10:00,3.514
10/03/2023,11:00,3.302
10/03/2023,12:00,4.458
10/03/2023,13:00,5.212
10/03/2023,14:00,4.929
10/03/2023,15:00,4.151
10/03/2023,16:00,3.349
10/03/2023,17:00,3.538
10/03/2023,18:00,4.741
10/03/2023,19:00,5.637
10/03/2023,20:00,6.816
10/03/2023,21:00,8.467
10/03/2023,22:00,9.363
10/03/2023,23:00,10.708
10/03/2023,24:00:00,13.349
11/03/2023,01:00,15.142
11/03/2023,02:00,12.099
11/03/2023,03:00,13.561
11/03/2023,04:00,14.198
11/03/2023,05:00,12.995
11/03/2023,06:00,11.486
11/03/2023,07:00,11.675
11/03/2023,08:00,12.712
11/03/2023,09:00,13.184
11/03/2023,10:00,11.91
11/03/2023,11:00,10.472
11/03/2023,12:00,8.821
11/03/2023,13:00,6.486
11/03/2023,14:00,9.953
11/03/2023,15:00,6.792
11/03/2023,16:00,6.297
11/03/2023,17:00,3.986
11/03/2023,18:00,2.689
11/03/2023,19:00,4.434
11/03/2023,20:00,4.835
11/03/2023,21:00,5.401
11/03/2023,22:00,6.792
11/03/2023,23:00,7.382
11/03/2023,24:00:00,7.406
12/03/2023,01:00,8.396
12/03/2023,02:00,6.557
12/03/2023,03:00,2.618
12/03/2023,04:00,4.552
12/03/2023,05:00,6.604
12/03/2023,06:00,8.538
12/03/2023,07:00,11.392
12/03/2023,08:00,10.024
12/03/2023,09:00,10.59
12/03/2023,10:00,10.354
12/03/2023,11:00,10.354
12/03/2023,12:00,9.859
12/03/2023,13:00,11.274
12/03/2023,14:00,10.495
12/03/2023,15:00,10.684
12/03/2023,16:00,10.896
12/03/2023,17:00,8.703
12/03/2023,18:00,5.873
12/03/2023,19:00,3.137
12/03/2023,20:00,2.948
12/03/2023,21:00,5.377
12/03/2023,22:00,22.217
12/03/2023,23:00,15.283
12/03/2023,24:00:00,6.509
13/03/2023,01:00,6.698
13/03/2023,02:00,1.486
13/03/2023,03:00,0.873
13/03/2023,04:00,0.613
13/03/2023,05:00,1.557
13/03/2023,06:00,3.609
13/03/2023,07:00,5.212
13/03/2023,08:00,6.722
13/03/2023,09:00,8.679
13/03/2023,10:00,3.679
13/03/2023,11:00,1.014
13/03/2023,12:00,2.948
13/03/2023,13:00,3.514
13/03/2023,14:00,5.401
13/03/2023,15:00,4.057
13/03/2023,16:00,4.623
13/03/2023,17:00,5.307
13/03/2023,18:00,7.193
13/03/2023,19:00,8.703
13/03/2023,20:00,5.165
13/03/2023,21:00,2.382
13/03/2023,22:00,2.193
13/03/2023,23:00,1.792
13/03/2023,24:00:00,1.792
14/03/2023,01:00,1.722
14/03/2023,02:00,1.792
14/03/2023,03:00,2.406
14/03/2023,04:00,2.925
14/03/2023,05:00,4.528
14/03/2023,06:00,5.33
14/03/2023,07:00,6.745
14/03/2023,08:00,6.981
14/03/2023,09:00,5.896
14/03/2023,10:00,5.071
14/03/2023,11:00,5.236
14/03/2023,12:00,3.821
14/03/2023,13:00,3.09
14/03/2023,14:00,3.844
14/03/2023,15:00,2.807
14/03/2023,16:00,3.208
14/03/2023,17:00,2.83
14/03/2023,18:00,2.759
14/03/2023,19:00,3.467
14/03/2023,20:00,4.788
14/03/2023,21:00,3.679
14/03/2023,22:00,5.259
14/03/2023,23:00,5.684
14/03/2023,24:00:00,7.524
15/03/2023,01:00,6.887
15/03/2023,02:00,5.637
15/03/2023,03:00,6.132
15/03/2023,04:00,5.731
15/03/2023,05:00,5.118
15/03/2023,06:00,8.019
15/03/2023,07:00,8.042
15/03/2023,08:00,10.142
15/03/2023,09:00,10.967
15/03/2023,10:00,9.363
15/03/2023,11:00,7.759
15/03/2023,12:00,8.019
15/03/2023,13:00,9.646
15/03/2023,14:00,11.887
15/03/2023,15:00,7.901
15/03/2023,16:00,10.259
15/03/2023,17:00,7.925
15/03/2023,18:00,4.41
15/03/2023,19:00,7.217
15/03/2023,20:00,12.571
15/03/2023,21:00,18.491
15/03/2023,22:00,12.524
15/03/2023,23:00,11.84
15/03/2023,24:00:00,12.665
16/03/2023,01:00,10.142
16/03/2023,02:00,5.826
16/03/2023,03:00,4.953
16/03/2023,04:00,4.222
16/03/2023,05:00,3.113
16/03/2023,06:00,3.868
16/03/2023,07:00,9.269
16/03/2023,08:00,5.094
16/03/2023,09:00,3.939
16/03/2023,10:00,3.491
16/03/2023,11:00,5.448
16/03/2023,12:00,11.274
16/03/2023,13:00,6.91
16/03/2023,14:00,5.755
16/03/2023,15:00,5.896
16/03/2023,16:00,7.453
16/03/2023,17:00,7.005
16/03/2023,18:00,9.41
16/03/2023,19:00,7.571
16/03/2023,20:00,12.476
16/03/2023,21:00,12.594
16/03/2023,22:00,5.66
16/03/2023,23:00,7.5
16/03/2023,24:00:00,8.726
17/03/2023,01:00,10.566
17/03/2023,02:00,8.679
17/03/2023,03:00,7.476
17/03/2023,04:00,6.179
17/03/2023,05:00,6.344
17/03/2023,06:00,5.542
17/03/2023,07:00,5.425
17/03/2023,08:00,6.722
17/03/2023,09:00,10.189
17/03/2023,10:00,10.236
17/03/2023,11:00,7.193
17/03/2023,12:00,11.321
17/03/2023,13:00,9.764
17/03/2023,14:00,10.377
17/03/2023,15:00,6.203
17/03/2023,16:00,5.66
17/03/2023,17:00,5.684
17/03/2023,18:00,3.844
17/03/2023,19:00,5.991
17/03/2023,20:00,5.826
17/03/2023,21:00,11.722
17/03/2023,22:00,9.859
17/03/2023,23:00,10.684
17/03/2023,24:00:00,11.533
18/03/2023,01:00,10.778
18/03/2023,02:00,9.717
18/03/2023,03:00,10.708
18/03/2023,04:00,10.142
18/03/2023,05:00,8.962
18/03/2023,06:00,8.349
18/03/2023,07:00,9.623
18/03/2023,08:00,11.84
18/03/2023,09:00,10.094
18/03/2023,10:00,7.005
18/03/2023,11:00,4.009
18/03/2023,12:00,3.797
18/03/2023,13:00,4.08
18/03/2023,14:00,2.877
18/03/2023,15:00,1.84
18/03/2023,16:00,3.915
18/03/2023,17:00,4.835
18/03/2023,18:00,4.693
18/03/2023,19:00,6.085
18/03/2023,20:00,5.92
18/03/2023,21:00,4.693
18/03/2023,22:00,1.792
18/03/2023,23:00,2.618
18/03/2023,24:00:00,4.623
19/03/2023,01:00,4.34
19/03/2023,02:00,4.104
19/03/2023,03:00,4.292
19/03/2023,04:00,4.245
19/03/2023,05:00,3.042
19/03/2023,06:00,2.901
19/03/2023,07:00,3.09
19/03/2023,08:00,3.396
19/03/2023,09:00,2.783
19/03/2023,10:00,2.099
19/03/2023,11:00,3.467
19/03/2023,12:00,3.255
19/03/2023,13:00,2.571
19/03/2023,14:00,2.759
19/03/2023,15:00,3.184
19/03/2023,16:00,3.585
19/03/2023,17:00,5.118
19/03/2023,18:00,4.387
19/03/2023,19:00,5.33
19/03/2023,20:00,5.708
19/03/2023,21:00,6.651
19/03/2023,22:00,6.321
19/03/2023,23:00,4.175
19/03/2023,24:00:00,4.033
20/03/2023,01:00,4.363
20/03/2023,02:00,2.547
20/03/2023,03:00,1.627
20/03/2023,04:00,1.203
20/03/2023,05:00,1.509
20/03/2023,06:00,2.901
20/03/2023,07:00,3.561
20/03/2023,08:00,4.175
20/03/2023,09:00,6.509
20/03/2023,10:00,5.613
20/03/2023,11:00,3.137
20/03/2023,12:00,3.019
20/03/2023,13:00,4.198
20/03/2023,14:00,3.703
20/03/2023,15:00,4.623
20/03/2023,16:00,4.292
20/03/2023,17:00,4.835
20/03/2023,18:00,3.892
20/03/2023,19:00,5.118
20/03/2023,20:00,5.991
20/03/2023,21:00,6.132
20/03/2023,22:00,6.014
20/03/2023,23:00,5.354
20/03/2023,24:00:00,3.09
21/03/2023,01:00,2.618
21/03/2023,02:00,3.443
21/03/2023,03:00,3.278
21/03/2023,04:00,2.854
21/03/2023,05:00,2.524
21/03/2023,06:00,2.948
21/03/2023,07:00,5.024
21/03/2023,08:00,7.642
21/03/2023,09:00,4.741
21/03/2023,10:00,4.764
21/03/2023,11:00,3.939
21/03/2023,12:00,4.646
21/03/2023,13:00,5.684
21/03/2023,14:00,4.764
21/03/2023,15:00,2.901
21/03/2023,16:00,4.104
21/03/2023,17:00,3.42
21/03/2023,18:00,4.198
21/03/2023,19:00,4.599
21/03/2023,20:00,4.528
21/03/2023,21:00,3.538
21/03/2023,22:00,6.769
21/03/2023,23:00,6.061
21/03/2023,24:00:00,6.132
22/03/2023,01:00,3.939
22/03/2023,02:00,5.33
22/03/2023,03:00,3.16
22/03/2023,04:00,3.915
22/03/2023,05:00,1.179
22/03/2023,06:00,1.816
22/03/2023,07:00,6.392
22/03/2023,08:00,9.41
22/03/2023,09:00,11.321
22/03/2023,10:00,12.288
22/03/2023,11:00,11.179
22/03/2023,12:00,13.16
22/03/2023,13:00,11.981
22/03/2023,14:00,11.934
22/03/2023,15:00,10.401
22/03/2023,16:00,9.976
22/03/2023,17:00,13.609
22/03/2023,18:00,8.491
22/03/2023,19:00,9.717
22/03/2023,20:00,12.689
22/03/2023,21:00,12.925
22/03/2023,22:00,6.934
22/03/2023,23:00,3.208
22/03/2023,24:00:00,1.321
23/03/2023,01:00,1.958
23/03/2023,02:00,3.16
23/03/2023,03:00,3.726
23/03/2023,04:00,4.198
23/03/2023,05:00,4.835
23/03/2023,06:00,5.943
23/03/2023,07:00,6.722
23/03/2023,08:00,9.576
23/03/2023,09:00,10.071
23/03/2023,10:00,9.741
23/03/2023,11:00,8.585
23/03/2023,12:00,8.986
23/03/2023,13:00,8.491
23/03/2023,14:00,7.241
23/03/2023,15:00,6.462
23/03/2023,16:00,8.774
23/03/2023,17:00,9.151
23/03/2023,18:00,10.354
23/03/2023,19:00,8.184
23/03/2023,20:00,6.509
23/03/2023,21:00,5.118
23/03/2023,22:00,3.821
23/03/2023,23:00,3.844
23/03/2023,24:00:00,4.033
24/03/2023,01:00,4.151
24/03/2023,02:00,4.764
24/03/2023,03:00,5.637
24/03/2023,04:00,5.401
24/03/2023,05:00,5.755
24/03/2023,06:00,5.873
24/03/2023,07:00,7.5
24/03/2023,08:00,11.132
24/03/2023,09:00,10.826
24/03/2023,10:00,9.505
24/03/2023,11:00,8.609
24/03/2023,12:00,9.576
24/03/2023,13:00,7.429
24/03/2023,14:00,7.877
24/03/2023,15:00,3.892
24/03/2023,16:00,4.906
24/03/2023,17:00,4.623
24/03/2023,18:00,4.575
24/03/2023,19:00,5.212
24/03/2023,20:00,8.821
24/03/2023,21:00,4.882
24/03/2023,22:00,4.127
24/03/2023,23:00,1.745
24/03/2023,24:00:00,2.547
25/03/2023,01:00,3.585
25/03/2023,02:00,3.396
25/03/2023,03:00,2.217
25/03/2023,04:00,2.193
25/03/2023,05:00,2.642
25/03/2023,06:00,3.208
25/03/2023,07:00,4.057
25/03/2023,08:00,3.844
25/03/2023,09:00,4.151
25/03/2023,10:00,3.632
25/03/2023,11:00,3.16
25/03/2023,12:00,3.561
25/03/2023,13:00,3.679
25/03/2023,14:00,2.995
25/03/2023,15:00,2.005
25/03/2023,16:00,1.627
25/03/2023,17:00,2.689
25/03/2023,18:00,3.019
25/03/2023,19:00,3.561
25/03/2023,20:00,7.099
25/03/2023,21:00,12.925
25/03/2023,22:00,13.137
25/03/2023,23:00,11.462
25/03/2023,24:00:00,8.349
26/03/2023,01:00,7.123
26/03/2023,02:00,7.382
26/03/2023,03:00,9.505
26/03/2023,04:00,13.255
26/03/2023,05:00,8.042
26/03/2023,06:00,6.722
26/03/2023,07:00,7.241
26/03/2023,08:00,6.698
26/03/2023,09:00,6.486
26/03/2023,10:00,6.25
26/03/2023,11:00,5.071
26/03/2023,12:00,4.835
26/03/2023,13:00,4.245
26/03/2023,14:00,4.057
26/03/2023,15:00,3.561
26/03/2023,16:00,4.151
26/03/2023,17:00,4.34
26/03/2023,18:00,3.821
26/03/2023,19:00,4.741
26/03/2023,20:00,7.382
26/03/2023,21:00,5.826
26/03/2023,22:00,5.165
26/03/2023,23:00,3.255
26/03/2023,24:00:00,3.42
27/03/2023,01:00,3.278
27/03/2023,02:00,3.585
27/03/2023,03:00,3.538
27/03/2023,04:00,4.009
27/03/2023,05:00,4.505
27/03/2023,06:00,4.528
27/03/2023,07:00,4.811
27/03/2023,08:00,4.623
27/03/2023,09:00,4.859
27/03/2023,10:00,4.41
27/03/2023,11:00,4.458
27/03/2023,12:00,5.967
27/03/2023,13:00,6.91
27/03/2023,14:00,6.722
27/03/2023,15:00,6.344
27/03/2023,16:00,6.887
27/03/2023,17:00,5.755
27/03/2023,18:00,8.656
27/03/2023,19:00,26.722
27/03/2023,20:00,17.099
27/03/2023,21:00,23.137
27/03/2023,22:00,24.293
27/03/2023,23:00,16.58
27/03/2023,24:00:00,13.349
28/03/2023,01:00,9.859
28/03/2023,02:00,9.552
28/03/2023,03:00,7.901
28/03/2023,04:00,7.571
28/03/2023,05:00,8.326
28/03/2023,06:00,9.741
28/03/2023,07:00,8.892
28/03/2023,08:00,7.547
28/03/2023,09:00,10.425
28/03/2023,10:00,9.08
28/03/2023,11:00,9.976
28/03/2023,12:00,10.307
28/03/2023,13:00,9.646
28/03/2023,14:00,7.335
28/03/2023,15:00,6.91
28/03/2023,16:00,6.203
28/03/2023,17:00,5.731
28/03/2023,18:00,5.495
28/03/2023,19:00,5.873
28/03/2023,20:00,6.792
28/03/2023,21:00,6.509
28/03/2023,22:00,7.642
28/03/2023,23:00,7.406
28/03/2023,24:00:00,6.203
29/03/2023,01:00,6.274
29/03/2023,02:00,7.453
29/03/2023,03:00,5.92
29/03/2023,04:00,5.165
29/03/2023,05:00,8.679
29/03/2023,06:00,9.363
29/03/2023,07:00,8.844
29/03/2023,08:00,9.057
29/03/2023,09:00,12.17
29/03/2023,10:00,9.033
29/03/2023,11:00,11.179
29/03/2023,12:00,10.354
29/03/2023,13:00,10.472
29/03/2023,14:00,4.434
29/03/2023,15:00,4.222
29/03/2023,16:00,5.307
29/03/2023,17:00,5.448
29/03/2023,18:00,4.458
29/03/2023,19:00,4.552
29/03/2023,20:00,4.175
29/03/2023,21:00,5.401
29/03/2023,22:00,11.415
29/03/2023,23:00,3.373
29/03/2023,24:00:00,4.953
30/03/2023,01:00,1.604
30/03/2023,02:00,1.58
30/03/2023,03:00,2.17
30/03/2023,04:00,1.722
30/03/2023,05:00,1.533
30/03/2023,06:00,2.075
30/03/2023,07:00,2.901
30/03/2023,08:00,5.991
30/03/2023,09:00,8.042
30/03/2023,10:00,5.826
30/03/2023,11:00,4.741
30/03/2023,12:00,6.203
30/03/2023,13:00,5.542
30/03/2023,14:00,3.821
30/03/2023,15:00,5.92
30/03/2023,16:00,4.953
30/03/2023,17:00,5.307
30/03/2023,18:00,6.486
30/03/2023,19:00,4.41
30/03/2023,20:00,5.991
30/03/2023,21:00,7.052
30/03/2023,22:00,8.892
30/03/2023,23:00,6.675
30/03/2023,24:00:00,7.571
31/03/2023,01:00,7.005
31/03/2023,02:00,5.566
31/03/2023,03:00,5.142
31/03/2023,04:00,6.226
31/03/2023,05:00,3.561
31/03/2023,06:00,2.712
31/03/2023,07:00,2.618
31/03/2023,08:00,5.943
31/03/2023,09:00,4.623
31/03/2023,10:00,7.005
31/03/2023,11:00,6.675
31/03/2023,12:00,5.425
31/03/2023,13:00,3.066
31/03/2023,14:00,4.859
31/03/2023,15:00,5.354
31/03/2023,16:00,6.085
31/03/2023,17:00,4.009
31/03/2023,18:00,2.83
31/03/2023,19:00,3.491
31/03/2023,20:00,3.774
31/03/2023,21:00,2.736
31/03/2023,22:00,3.868
31/03/2023,23:00,5.307
31/03/2023,24:00:00,3.726
01/04/2023,01:00,2.618
01/04/2023,02:00,2.618
01/04/2023,03:00,2.807
01/04/2023,04:00,2.5
01/04/2023,05:00,2.382
01/04/2023,06:00,2.736
01/04/2023,07:00,3.066
01/04/2023,08:00,3.09
01/04/2023,09:00,2.948
01/04/2023,10:00,2.83
01/04/2023,11:00,1.486
01/04/2023,12:00,1.934
01/04/2023,13:00,1.934
01/04/2023,14:00,2.241
01/04/2023,15:00,2.972
01/04/2023,16:00,3.066
01/04/2023,17:00,4.67
01/04/2023,18:00,4.175
01/04/2023,19:00,3.443
01/04/2023,20:00,3.349
01/04/2023,21:00,3.491
01/04/2023,22:00,4.127
01/04/2023,23:00,4.811
01/04/2023,24:00:00,5.943
02/04/2023,01:00,4.316
02/04/2023,02:00,4.292
02/04/2023,03:00,4.788
02/04/2023,04:00,5.66
02/04/2023,05:00,7.193
02/04/2023,06:00,6.863
02/04/2023,07:00,6.557
02/04/2023,08:00,6.792
02/04/2023,09:00,6.792
02/04/2023,10:00,6.934
02/04/2023,11:00,6.722
02/04/2023,12:00,6.651
02/04/2023,13:00,6.769
02/04/2023,14:00,6.509
02/04/2023,15:00,6.722
02/04/2023,16:00,6.109
02/04/2023,17:00,5.33
02/04/2023,18:00,5.047
02/04/2023,19:00,5.755
02/04/2023,20:00,5.684
02/04/2023,21:00,6.863
02/04/2023,22:00,6.085
02/04/2023,23:00,5.519
02/04/2023,24:00:00,5.637
03/04/2023,01:00,7.571
03/04/2023,02:00,8.868
03/04/2023,03:00,8.491
03/04/2023,04:00,8.609
03/04/2023,05:00,8.42
03/04/2023,06:00,9.41
03/04/2023,07:00,11.462
03/04/2023,08:00,15.66
03/04/2023,09:00,10.212
03/04/2023,10:00,5.063
03/04/2023,11:00,4.434
03/04/2023,12:00,4.67
03/04/2023,13:00,4.788
03/04/2023,14:00,5.212
03/04/2023,15:00,4.387
03/04/2023,16:00,4.34
03/04/2023,17:00,5.071
03/04/2023,18:00,6.109
03/04/2023,19:00,6.816
03/04/2023,20:00,9.434
03/04/2023,21:00,11.321
03/04/2023,22:00,9.009
03/04/2023,23:00,7.759
03/04/2023,24:00:00,7.995
04/04/2023,01:00,7.453
04/04/2023,02:00,7.948
04/04/2023,03:00,7.217
04/04/2023,04:00,7.524
04/04/2023,05:00,7.995
04/04/2023,06:00,9.41
04/04/2023,07:00,9.599
04/04/2023,08:00,14.976
04/04/2023,09:00,9.08
04/04/2023,10:00,9.717
04/04/2023,11:00,9.41
04/04/2023,12:00,9.717
04/04/2023,13:00,10.873
04/04/2023,14:00,12.005
04/04/2023,15:00,10.896
04/04/2023,16:00,11.179
04/04/2023,17:00,14.741
04/04/2023,18:00,16.179
04/04/2023,19:00,16.745
04/04/2023,20:00,19.175
04/04/2023,21:00,18.797
04/04/2023,22:00,20.024
04/04/2023,23:00,20.212
04/04/2023,24:00:00,21.321
05/04/2023,01:00,22.429
05/04/2023,02:00,18.066
05/04/2023,03:00,15.991
05/04/2023,04:00,15.684
05/04/2023,05:00,16.297
05/04/2023,06:00,15.731
05/04/2023,07:00,16.321
05/04/2023,08:00,21.321
05/04/2023,09:00,18.208
05/04/2023,10:00,13.844
05/04/2023,11:00,14.764
05/04/2023,12:00,15.142
05/04/2023,13:00,13.892
05/04/2023,14:00,11.675
05/04/2023,15:00,14.788
05/04/2023,16:00,10.684
05/04/2023,17:00,8.208
05/04/2023,18:00,8.019
05/04/2023,19:00,8.703
05/04/2023,20:00,8.16
05/04/2023,21:00,7.618
05/04/2023,22:00,9.033
05/04/2023,23:00,6.58
05/04/2023,24:00:00,4.623
06/04/2023,01:00,4.599
06/04/2023,02:00,4.528
06/04/2023,03:00,4.292
06/04/2023,04:00,5.071
06/04/2023,05:00,5.259
06/04/2023,06:00,5.094
06/04/2023,07:00,5.731
06/04/2023,08:00,3.632
06/04/2023,09:00,2.901
06/04/2023,10:00,4.528
06/04/2023,11:00,4.458
06/04/2023,12:00,3.868
06/04/2023,13:00,3.585
06/04/2023,14:00,3.066
06/04/2023,15:00,3.302
06/04/2023,16:00,2.288
06/04/2023,17:00,2.524
06/04/2023,18:00,2.854
06/04/2023,19:00,3.585
06/04/2023,20:00,3.892
06/04/2023,21:00,4.292
06/04/2023,22:00,3.892
06/04/2023,23:00,3.797
06/04/2023,24:00:00,3.703
07/04/2023,01:00,3.514
07/04/2023,02:00,3.443
07/04/2023,03:00,2.571
07/04/2023,04:00,3.042
07/04/2023,05:00,3.302
07/04/2023,06:00,3.019
07/04/2023,07:00,3.561
07/04/2023,08:00,2.547
07/04/2023,09:00,1.887
07/04/2023,10:00,1.887
07/04/2023,11:00,1.84
07/04/2023,12:00,1.792
07/04/2023,13:00,1.863
07/04/2023,14:00,2.099
07/04/2023,15:00,2.288
07/04/2023,16:00,2.264
07/04/2023,17:00,2.406
07/04/2023,18:00,2.925
07/04/2023,19:00,3.042
07/04/2023,20:00,4.953
07/04/2023,21:00,6.557
07/04/2023,22:00,50.873
07/04/2023,23:00,12.877
07/04/2023,24:00:00,16.014
08/04/2023,01:00,15.377
08/04/2023,02:00,15.613
08/04/2023,03:00,15.66
08/04/2023,04:00,16.109
08/04/2023,05:00,15.59
08/04/2023,06:00,14.387
08/04/2023,07:00,14.434
08/04/2023,08:00,15.236
08/04/2023,09:00,17.5
08/04/2023,10:00,13.491
08/04/2023,11:00,11.439
08/04/2023,12:00,10.566
08/04/2023,13:00,8.656
08/04/2023,14:00,8.231
08/04/2023,15:00,7.995
08/04/2023,16:00,7.406
08/04/2023,17:00,7.076
08/04/2023,18:00,7.028
08/04/2023,19:00,9.316
08/04/2023,20:00,13.986
08/04/2023,21:00,11.533
08/04/2023,22:00,6.91
08/04/2023,23:00,6.014
08/04/2023,24:00:00,9.458
09/04/2023,01:00,12.925
09/04/2023,02:00,9.859
09/04/2023,03:00,14.387
09/04/2023,04:00,23.915
09/04/2023,05:00,21.698
09/04/2023,06:00,21.722
09/04/2023,07:00,26.085
09/04/2023,08:00,20.543
09/04/2023,09:00,20.212
09/04/2023,10:00,20.142
09/04/2023,11:00,16.745
09/04/2023,12:00,14.929
09/04/2023,13:00,15.778
09/04/2023,14:00,16.651
09/04/2023,15:00,16.533
09/04/2023,16:00,16.297
09/04/2023,17:00,20.566
09/04/2023,18:00,15.873
09/04/2023,19:00,19.434
09/04/2023,20:00,17.028
09/04/2023,21:00,18.208
09/04/2023,22:00,15.778
09/04/2023,23:00,14.67
09/04/2023,24:00:00,17.524
10/04/2023,01:00,26.368
10/04/2023,02:00,19.293
10/04/2023,03:00,19.505
10/04/2023,04:00,11.934
10/04/2023,05:00,10.472
10/04/2023,06:00,13.16
10/04/2023,07:00,9.552
10/04/2023,08:00,5.542
10/04/2023,09:00,2.028
10/04/2023,10:00,1.415
10/04/2023,11:00,2.146
10/04/2023,12:00,3.349
10/04/2023,13:00,4.198
10/04/2023,14:00,1.226
10/04/2023,15:00,1.226
10/04/2023,16:00,0.943
10/04/2023,17:00,1.769
10/04/2023,18:00,3.656
10/04/2023,19:00,2.665
10/04/2023,20:00,2.453
10/04/2023,21:00,1.745
10/04/2023,22:00,1.934
10/04/2023,23:00,2.476
10/04/2023,24:00:00,3.184
11/04/2023,01:00,3.42
11/04/2023,02:00,4.057
11/04/2023,03:00,3.844
11/04/2023,04:00,3.585
11/04/2023,05:00,3.868
11/04/2023,06:00,4.316
11/04/2023,07:00,4.764
11/04/2023,08:00,5.307
11/04/2023,09:00,5.802
11/04/2023,10:00,5.495
11/04/2023,11:00,4.269
11/04/2023,12:00,5.66
11/04/2023,13:00,8.231
11/04/2023,14:00,5.92
11/04/2023,15:00,9.552
11/04/2023,16:00,8.491
11/04/2023,17:00,3.42
11/04/2023,18:00,2.877
11/04/2023,19:00,2.571
11/04/2023,20:00,3.585
11/04/2023,21:00,3.467
11/04/2023,22:00,1.486
11/04/2023,23:00,1.297
11/04/2023,24:00:00,1.038
12/04/2023,01:00,1.58
12/04/2023,02:00,2.429
12/04/2023,03:00,3.278
12/04/2023,04:00,3.585
12/04/2023,05:00,4.08
12/04/2023,06:00,5.637
12/04/2023,07:00,3.75
12/04/2023,08:00,4.363
12/04/2023,09:00,4.882
12/04/2023,10:00,4.552
12/04/2023,11:00,4.906
12/04/2023,12:00,5.472
12/04/2023,13:00,4.505
12/04/2023,14:00,5.307
12/04/2023,15:00,4.67
12/04/2023,16:00,2.854
12/04/2023,17:00,2.099
12/04/2023,18:00,2.288
12/04/2023,19:00,2.123
12/04/2023,20:00,1.934
12/04/2023,21:00,1.934
12/04/2023,22:00,2.052
12/04/2023,23:00,1.745
12/04/2023,24:00:00,0.849
13/04/2023,01:00,1.274
13/04/2023,02:00,1.439
13/04/2023,03:00,4.292
13/04/2023,04:00,3.231
13/04/2023,05:00,4.245
13/04/2023,06:00,4.882
13/04/2023,07:00,5.731
13/04/2023,08:00,5.566
13/04/2023,09:00,5.425
13/04/2023,10:00,6.109
13/04/2023,11:00,4.552
13/04/2023,12:00,4.623
13/04/2023,13:00,4.693
13/04/2023,14:00,4.269
13/04/2023,15:00,4.316
13/04/2023,16:00,3.844
13/04/2023,17:00,3.609
13/04/2023,18:00,2.995
13/04/2023,19:00,4.363
13/04/2023,20:00,5.071
13/04/2023,21:00,4.316
13/04/2023,22:00,4.222
13/04/2023,23:00,3.325
13/04/2023,24:00:00,3.986
14/04/2023,01:00,3.821
14/04/2023,02:00,3.75
14/04/2023,03:00,4.528
14/04/2023,04:00,5.33
14/04/2023,05:00,7.925
14/04/2023,06:00,8.939
14/04/2023,07:00,8.585
14/04/2023,08:00,8.302
14/04/2023,09:00,7.783
14/04/2023,10:00,5.943
14/04/2023,11:00,3.726
14/04/2023,12:00,4.882
14/04/2023,13:00,4.717
14/04/2023,14:00,5
14/04/2023,15:00,4.127
14/04/2023,16:00,2.736
14/04/2023,17:00,3.255
14/04/2023,18:00,5.259
14/04/2023,19:00,3.042
14/04/2023,20:00,5.519
14/04/2023,21:00,6.58
14/04/2023,22:00,8.703
14/04/2023,23:00,8.255
14/04/2023,24:00:00,7.618
15/04/2023,01:00,6.203
15/04/2023,02:00,6.627
15/04/2023,03:00,6.91
15/04/2023,04:00,5.802
15/04/2023,05:00,6.486
15/04/2023,06:00,7.193
15/04/2023,07:00,8.066
15/04/2023,08:00,9.363
15/04/2023,09:00,8.703
15/04/2023,10:00,8.75
15/04/2023,11:00,7.995
15/04/2023,12:00,8.255
15/04/2023,13:00,7.594
15/04/2023,14:00,9.198
15/04/2023,15:00,8.892
15/04/2023,16:00,9.009
15/04/2023,17:00,8.491
15/04/2023,18:00,8.231
15/04/2023,19:00,9.41
15/04/2023,20:00,45.047
15/04/2023,21:00,17.783
15/04/2023,22:00,22.005
15/04/2023,23:00,22.76
15/04/2023,24:00:00,17.311
16/04/2023,01:00,16.698
16/04/2023,02:00,12.783
16/04/2023,03:00,15.637
16/04/2023,04:00,21.84
16/04/2023,05:00,24.906
16/04/2023,06:00,25.731
16/04/2023,07:00,23.75
16/04/2023,08:00,22.477
16/04/2023,09:00,8.184
16/04/2023,10:00,1.816
16/04/2023,11:00,1.557
16/04/2023,12:00,1.863
16/04/2023,13:00,1.84
16/04/2023,14:00,1.816
16/04/2023,15:00,1.816
16/04/2023,16:00,3.09
16/04/2023,17:00,3.703
16/04/2023,18:00,4.127
16/04/2023,19:00,4.175
16/04/2023,20:00,4.835
16/04/2023,21:00,6.934
16/04/2023,22:00,7.783
16/04/2023,23:00,10.708
16/04/2023,24:00:00,10.448
17/04/2023,01:00,12.476
17/04/2023,02:00,13.208
17/04/2023,03:00,12.83
17/04/2023,04:00,13.868
17/04/2023,05:00,14.316
17/04/2023,06:00,16.392
17/04/2023,07:00,19.953
17/04/2023,08:00,18.113
17/04/2023,09:00,17.17
17/04/2023,10:00,13.868
17/04/2023,11:00,10.543
17/04/2023,12:00,8.302
17/04/2023,13:00,11.156
17/04/2023,14:00,10.448
17/04/2023,15:00,9.953
17/04/2023,16:00,10.142
17/04/2023,17:00,7.123
17/04/2023,18:00,6.745
17/04/2023,19:00,7.759
17/04/2023,20:00,8.278
17/04/2023,21:00,8.656
17/04/2023,22:00,11.627
17/04/2023,23:00,15.094
17/04/2023,24:00:00,20.024
18/04/2023,01:00,26.462
18/04/2023,02:00,31.25
18/04/2023,03:00,22.948
18/04/2023,04:00,19.033
18/04/2023,05:00,19.481
18/04/2023,06:00,19.387
18/04/2023,07:00,19.764
18/04/2023,08:00,20.755
18/04/2023,09:00,21.227
18/04/2023,10:00,21.274
18/04/2023,11:00,17.005
18/04/2023,12:00,16.203
18/04/2023,13:00,12.217
18/04/2023,14:00,12.453
18/04/2023,15:00,13.726
18/04/2023,16:00,14.387
18/04/2023,17:00,13.844
18/04/2023,18:00,11.085
18/04/2023,19:00,10.118
18/04/2023,20:00,14.127
18/04/2023,21:00,15.425
18/04/2023,22:00,17.571
18/04/2023,23:00,13.538
18/04/2023,24:00:00,13.42
19/04/2023,01:00,13.538
19/04/2023,02:00,13.915
19/04/2023,03:00,14.434
19/04/2023,04:00,14.693
19/04/2023,05:00,16.462
19/04/2023,06:00,16.109
19/04/2023,07:00,17.076
19/04/2023,08:00,21.698
19/04/2023,09:00,28.939
19/04/2023,10:00,24.104
19/04/2023,11:00,19.693
19/04/2023,12:00,15.189
19/04/2023,13:00,12.429
19/04/2023,14:00,9.835
19/04/2023,15:00,5.33
19/04/2023,16:00,4.505
19/04/2023,17:00,4.693
19/04/2023,18:00,4.788
19/04/2023,19:00,4.741
19/04/2023,20:00,5.708
19/04/2023,21:00,6.651
19/04/2023,22:00,12.665
19/04/2023,23:00,8.774
19/04/2023,24:00:00,7.335
20/04/2023,01:00,6.792
20/04/2023,02:00,7.193
20/04/2023,03:00,8.703
20/04/2023,04:00,9.175
20/04/2023,05:00,11.109
20/04/2023,06:00,13.986
20/04/2023,07:00,13.42
20/04/2023,08:00,13.514
20/04/2023,09:00,11.651
20/04/2023,10:00,10.189
20/04/2023,11:00,7.5
20/04/2023,12:00,5.943
20/04/2023,13:00,5.826
20/04/2023,14:00,7.547
20/04/2023,15:00,5.259
20/04/2023,16:00,5.259
20/04/2023,17:00,5.212
20/04/2023,18:00,6.132
20/04/2023,19:00,6.981
20/04/2023,20:00,10.071
20/04/2023,21:00,11.627
20/04/2023,22:00,13.585
20/04/2023,23:00,11.91
20/04/2023,24:00:00,10.967
21/04/2023,01:00,11.109
21/04/2023,02:00,11.462
21/04/2023,03:00,11.415
21/04/2023,04:00,12.217
21/04/2023,05:00,13.561
21/04/2023,06:00,14.976
21/04/2023,07:00,15.849
21/04/2023,08:00,15.66
21/04/2023,09:00,16.368
21/04/2023,10:00,25.094
21/04/2023,11:00,26.462
21/04/2023,12:00,23.915
21/04/2023,13:00,20.896
21/04/2023,14:00,18.892
21/04/2023,15:00,20
21/04/2023,16:00,25.708
21/04/2023,17:00,27.594
21/04/2023,18:00,29.01
21/04/2023,19:00,30.142
21/04/2023,20:00,24.552
21/04/2023,21:00,24.882
21/04/2023,22:00,21.557
21/04/2023,23:00,21.368
21/04/2023,24:00:00,20.873
22/04/2023,01:00,11.863
22/04/2023,02:00,11.627
22/04/2023,03:00,11.84
22/04/2023,04:00,13.066
22/04/2023,05:00,13.868
22/04/2023,06:00,13.821
22/04/2023,07:00,12.406
22/04/2023,08:00,9.693
22/04/2023,09:00,13.043
22/04/2023,10:00,15.047
22/04/2023,11:00,13.326
22/04/2023,12:00,15.142
22/04/2023,13:00,13.821
22/04/2023,14:00,13.939
22/04/2023,15:00,11.274
22/04/2023,16:00,8.821
22/04/2023,17:00,7.854
22/04/2023,18:00,8.09
22/04/2023,19:00,8.349
22/04/2023,20:00,11.486
22/04/2023,21:00,13.561
22/04/2023,22:00,19.434
22/04/2023,23:00,21.604
22/04/2023,24:00:00,20.637
23/04/2023,01:00,22.005
23/04/2023,02:00,22.429
23/04/2023,03:00,22.406
23/04/2023,04:00,22.193
23/04/2023,05:00,19.977
23/04/2023,06:00,19.882
23/04/2023,07:00,18.585
23/04/2023,08:00,16.887
23/04/2023,09:00,14.835
23/04/2023,10:00,17.429
23/04/2023,11:00,15.708
23/04/2023,12:00,14.387
23/04/2023,13:00,13.538
23/04/2023,14:00,10.92
23/04/2023,15:00,10.33
23/04/2023,16:00,10.637
23/04/2023,17:00,7.925
23/04/2023,18:00,7.524
23/04/2023,19:00,22.076
23/04/2023,20:00,11.698
23/04/2023,21:00,9.835
23/04/2023,22:00,7.453
23/04/2023,23:00,6.627
23/04/2023,24:00:00,5.542
24/04/2023,01:00,4.552
24/04/2023,02:00,3.986
24/04/2023,03:00,3.797
24/04/2023,04:00,3.609
24/04/2023,05:00,3.349
24/04/2023,06:00,3.844
24/04/2023,07:00,5.731
24/04/2023,08:00,8.113
24/04/2023,09:00,8.113
24/04/2023,10:00,7.948
24/04/2023,11:00,8.326
24/04/2023,12:00,7.311
24/04/2023,13:00,6.863
24/04/2023,14:00,7.335
24/04/2023,15:00,6.651
24/04/2023,16:00,6.816
24/04/2023,17:00,7.146
24/04/2023,18:00,6.439
24/04/2023,19:00,7.972
24/04/2023,20:00,7.5
24/04/2023,21:00,7.076
24/04/2023,22:00,6.84
24/04/2023,23:00,10.024
24/04/2023,24:00:00,9.811
25/04/2023,01:00,9.693
25/04/2023,02:00,7.807
25/04/2023,03:00,6.958
25/04/2023,04:00,7.925
25/04/2023,05:00,7.241
25/04/2023,06:00,5.542
25/04/2023,07:00,5.165
25/04/2023,08:00,5.873
25/04/2023,09:00,5.118
25/04/2023,10:00,5.377
25/04/2023,11:00,5.165
25/04/2023,12:00,5.755
25/04/2023,13:00,6.203
25/04/2023,14:00,6.439
25/04/2023,15:00,5.943
25/04/2023,16:00,5.401
25/04/2023,17:00,5.873
25/04/2023,18:00,7.241
25/04/2023,19:00,7.547
25/04/2023,20:00,7.83
25/04/2023,21:00,6.84
25/04/2023,22:00,6.109
25/04/2023,23:00,5.755
25/04/2023,24:00:00,6.368
26/04/2023,01:00,7.901
26/04/2023,02:00,6.792
26/04/2023,03:00,6.321
26/04/2023,04:00,6.486
26/04/2023,05:00,8.042
26/04/2023,06:00,11.557
26/04/2023,07:00,10.142
26/04/2023,08:00,11.816
26/04/2023,09:00,12.665
26/04/2023,10:00,12.076
26/04/2023,11:00,9.882
26/04/2023,12:00,10.778
26/04/2023,13:00,11.179
26/04/2023,14:00,10.59
26/04/2023,15:00,9.67
26/04/2023,16:00,10.024
26/04/2023,17:00,9.67
26/04/2023,18:00,11.863
26/04/2023,19:00,11.557
26/04/2023,20:00,18.915
26/04/2023,21:00,13.679
26/04/2023,22:00,15.495
26/04/2023,23:00,15.519
26/04/2023,24:00:00,14.481
27/04/2023,01:00,14.882
27/04/2023,02:00,15.212
27/04/2023,03:00,17.618
27/04/2023,04:00,15.778
27/04/2023,05:00,15.755
27/04/2023,06:00,17.17
27/04/2023,07:00,17.995
27/04/2023,08:00,17.712
27/04/2023,09:00,17.642
27/04/2023,10:00,17.076
27/04/2023,11:00,16.769
27/04/2023,12:00,16.226
27/04/2023,13:00,18.09
27/04/2023,14:00,20.236
27/04/2023,15:00,21.038
27/04/2023,16:00,16.958
27/04/2023,17:00,16.321
27/04/2023,18:00,16.51
27/04/2023,19:00,15.307
27/04/2023,20:00,16.085
27/04/2023,21:00,17.665
27/04/2023,22:00,19.434
27/04/2023,23:00,17.901
27/04/2023,24:00:00,14.458
28/04/2023,01:00,12.712
28/04/2023,02:00,10.92
28/04/2023,03:00,11.132
28/04/2023,04:00,12.524
28/04/2023,05:00,13.019
28/04/2023,06:00,12.429
28/04/2023,07:00,12.972
28/04/2023,08:00,12.972
28/04/2023,09:00,11.887
28/04/2023,10:00,10.731
28/04/2023,11:00,11.156
28/04/2023,12:00,9.859
28/04/2023,13:00,9.693
28/04/2023,14:00,8.066
28/04/2023,15:00,6.745
28/04/2023,16:00,5.59
28/04/2023,17:00,5.849
28/04/2023,18:00,6.91
28/04/2023,19:00,7.783
28/04/2023,20:00,9.009
28/04/2023,21:00,10.33
28/04/2023,22:00,11.722
28/04/2023,23:00,12.948
28/04/2023,24:00:00,15.377
29/04/2023,01:00,16.51
29/04/2023,02:00,16.462
29/04/2023,03:00,17.241
29/04/2023,04:00,17.359
29/04/2023,05:00,17.217
29/04/2023,06:00,15.543
29/04/2023,07:00,15.142
29/04/2023,08:00,13.632
29/04/2023,09:00,7.193
29/04/2023,10:00,10.943
29/04/2023,11:00,9.104
29/04/2023,12:00,5.118
29/04/2023,13:00,3.962
29/04/2023,14:00,6.321
29/04/2023,15:00,8.302
29/04/2023,16:00,7.807
29/04/2023,17:00,7.123
29/04/2023,18:00,17.665
29/04/2023,19:00,19.646
29/04/2023,20:00,25.165
29/04/2023,21:00,19.316
29/04/2023,22:00,14.505
29/04/2023,23:00,17.217
29/04/2023,24:00:00,17.076
30/04/2023,01:00,21.297
30/04/2023,02:00,20.047
30/04/2023,03:00,19.741
30/04/2023,04:00,21.368
30/04/2023,05:00,25.448
30/04/2023,06:00,24.977
30/04/2023,07:00,21.981
30/04/2023,08:00,11.014
30/04/2023,09:00,9.175
30/04/2023,10:00,9.127
30/04/2023,11:00,11.675
30/04/2023,12:00,8.349
30/04/2023,13:00,8.609
30/04/2023,14:00,9.316
30/04/2023,15:00,10.566
30/04/2023,16:00,9.859
30/04/2023,17:00,9.387
30/04/2023,18:00,7.877
30/04/2023,19:00,8.467
30/04/2023,20:00,7.712
30/04/2023,21:00,9.245
30/04/2023,22:00,10.849
30/04/2023,23:00,8.774
30/04/2023,24:00:00,6.604
01/05/2023,01:00,6.415
01/05/2023,02:00,4.953
01/05/2023,03:00,7.359
01/05/2023,04:00,8.42
01/05/2023,05:00,7.736
01/05/2023,06:00,6.014
01/05/2023,07:00,4.458
01/05/2023,08:00,3.278
01/05/2023,09:00,2.146
01/05/2023,10:00,2.17
01/05/2023,11:00,1.934
01/05/2023,12:00,1.627
01/05/2023,13:00,1.722
01/05/2023,14:00,1.887
01/05/2023,15:00,1.816
01/05/2023,16:00,1.486
01/05/2023,17:00,1.533
01/05/2023,18:00,1.91
01/05/2023,19:00,4.387
01/05/2023,20:00,4.764
01/05/2023,21:00,5.307
01/05/2023,22:00,5.59
01/05/2023,23:00,4.976
01/05/2023,24:00:00,4.788
02/05/2023,01:00,5.377
02/05/2023,02:00,4.41
02/05/2023,03:00,4.552
02/05/2023,04:00,4.788
02/05/2023,05:00,5.495
02/05/2023,06:00,6.109
02/05/2023,07:00,5.519
02/05/2023,08:00,4.528
02/05/2023,09:00,5.118
02/05/2023,10:00,4.906
02/05/2023,11:00,4.717
02/05/2023,12:00,5.613
02/05/2023,13:00,5.142
02/05/2023,14:00,5.142
02/05/2023,15:00,8.844
02/05/2023,16:00,7.453
02/05/2023,17:00,12.146
02/05/2023,18:00,8.774
02/05/2023,19:00,6.368
02/05/2023,20:00,5.991
02/05/2023,21:00,6.344
02/05/2023,22:00,12.335
02/05/2023,23:00,20.448
02/05/2023,24:00:00,11.604
03/05/2023,01:00,9.057
03/05/2023,02:00,9.222
03/05/2023,03:00,8.42
03/05/2023,04:00,7.712
03/05/2023,05:00,8.255
03/05/2023,06:00,10.684
03/05/2023,07:00,10.165
03/05/2023,08:00,7.877
03/05/2023,09:00,6.533
03/05/2023,10:00,5.967
03/05/2023,11:00,5.472
03/05/2023,12:00,5.377
03/05/2023,13:00,4.929
03/05/2023,14:00,3.514
03/05/2023,15:00,3.302
03/05/2023,16:00,3.066
03/05/2023,17:00,2.995
03/05/2023,18:00,3.491
03/05/2023,19:00,4.788
03/05/2023,20:00,5.755
03/05/2023,21:00,5.755
03/05/2023,22:00,5.377
03/05/2023,23:00,5.59
03/05/2023,24:00:00,5.66
04/05/2023,01:00,5.708
04/05/2023,02:00,6.91
04/05/2023,03:00,8.113
04/05/2023,04:00,8.609
04/05/2023,05:00,9.835
04/05/2023,06:00,10.849
04/05/2023,07:00,11.981
04/05/2023,08:00,12.005
04/05/2023,09:00,14.198
04/05/2023,10:00,14.481
04/05/2023,11:00,14.528
04/05/2023,12:00,13.42
04/05/2023,13:00,12.972
04/05/2023,14:00,12.689
04/05/2023,15:00,13.231
04/05/2023,16:00,13.255
04/05/2023,17:00,13.774
04/05/2023,18:00,14.41
04/05/2023,19:00,13.561
04/05/2023,20:00,13.255
04/05/2023,21:00,14.175
04/05/2023,22:00,15.094
04/05/2023,23:00,17.193
04/05/2023,24:00:00,17.618
05/05/2023,01:00,19.104
05/05/2023,02:00,22.359
05/05/2023,03:00,22.146
05/05/2023,04:00,19.198
05/05/2023,05:00,19.623
05/05/2023,06:00,19.599
05/05/2023,07:00,17.311
05/05/2023,08:00,13.868
05/05/2023,09:00,15.094
05/05/2023,10:00,13.585
05/05/2023,11:00,7.076
05/05/2023,12:00,4.269
05/05/2023,13:00,3.821
05/05/2023,14:00,4.434
05/05/2023,15:00,6.226
05/05/2023,16:00,4.269
05/05/2023,17:00,2.382
05/05/2023,18:00,2.925
05/05/2023,19:00,1.887
05/05/2023,20:00,2.5
05/05/2023,21:00,3.349
05/05/2023,22:00,4.033
05/05/2023,23:00,4.269
05/05/2023,24:00:00,5.755
06/05/2023,01:00,6.439
06/05/2023,02:00,7.311
06/05/2023,03:00,7.642
06/05/2023,04:00,9.08
06/05/2023,05:00,10.094
06/05/2023,06:00,10.472
06/05/2023,07:00,10.731
06/05/2023,08:00,9.08
06/05/2023,09:00,9.434
06/05/2023,10:00,7.382
06/05/2023,11:00,5.991
06/05/2023,12:00,6.415
06/05/2023,13:00,6.061
06/05/2023,14:00,5.991
06/05/2023,15:00,4.976
06/05/2023,16:00,4.198
06/05/2023,17:00,3.349
06/05/2023,18:00,4.245
06/05/2023,19:00,4.811
06/05/2023,20:00,5.142
06/05/2023,21:00,3.679
06/05/2023,22:00,4.811
06/05/2023,23:00,5.991
06/05/2023,24:00:00,6.722
07/05/2023,01:00,8.208
07/05/2023,02:00,8.797
07/05/2023,03:00,8.844
07/05/2023,04:00,8.208
07/05/2023,05:00,8.962
07/05/2023,06:00,8.844
07/05/2023,07:00,5.566
07/05/2023,08:00,5.472
07/05/2023,09:00,5.118
07/05/2023,10:00,4.198
07/05/2023,11:00,5.094
07/05/2023,12:00,4.127
07/05/2023,13:00,3.42
07/05/2023,14:00,3.396
07/05/2023,15:00,3.656
07/05/2023,16:00,3.962
07/05/2023,17:00,4.811
07/05/2023,18:00,2.925
07/05/2023,19:00,3.019
07/05/2023,20:00,3.726
07/05/2023,21:00,7.83
07/05/2023,22:00,5.849
07/05/2023,23:00,10.401
07/05/2023,24:00:00,10.472
08/05/2023,01:00,9.552
08/05/2023,02:00,6.698
08/05/2023,03:00,6.509
08/05/2023,04:00,5.047
08/05/2023,05:00,5.024
08/05/2023,06:00,5.425
08/05/2023,07:00,7.359
08/05/2023,08:00,4.717
08/05/2023,09:00,7.123
08/05/2023,10:00,6.109
08/05/2023,11:00,6.627
08/05/2023,12:00,4.057
08/05/2023,13:00,3.538
08/05/2023,14:00,3.09
08/05/2023,15:00,3.915
08/05/2023,16:00,3.231
08/05/2023,17:00,6.392
08/05/2023,18:00,8.561
08/05/2023,19:00,9.104
08/05/2023,20:00,6.533
08/05/2023,21:00,4.623
08/05/2023,22:00,3.208
08/05/2023,23:00,3.491
08/05/2023,24:00:00,5.212
09/05/2023,01:00,9.646
09/05/2023,02:00,4.34
09/05/2023,03:00,5.731
09/05/2023,04:00,5.212
09/05/2023,05:00,5.613
09/05/2023,06:00,6.156
09/05/2023,07:00,6.509
09/05/2023,08:00,5.542
09/05/2023,09:00,5.637
09/05/2023,10:00,6.179
09/05/2023,11:00,5.401
09/05/2023,12:00,5.165
09/05/2023,13:00,5.259
09/05/2023,14:00,5.684
09/05/2023,15:00,5.33
09/05/2023,16:00,5.142
09/05/2023,17:00,4.528
09/05/2023,18:00,4.245
09/05/2023,19:00,5.094
09/05/2023,20:00,6.58
09/05/2023,21:00,6.675
09/05/2023,22:00,6.509
09/05/2023,23:00,5.802
09/05/2023,24:00:00,5.826
10/05/2023,01:00,5.283
10/05/2023,02:00,5.613
10/05/2023,03:00,5.354
10/05/2023,04:00,5.189
10/05/2023,05:00,5.33
10/05/2023,06:00,10.118
10/05/2023,07:00,6.392
10/05/2023,08:00,5.991
10/05/2023,09:00,6.156
10/05/2023,10:00,5.377
10/05/2023,11:00,5.236
10/05/2023,12:00,4.929
10/05/2023,13:00,2.83
10/05/2023,14:00,3.443
10/05/2023,15:00,5.802
10/05/2023,16:00,2.123
10/05/2023,17:00,1.769
10/05/2023,18:00,1.698
10/05/2023,19:00,2.241
10/05/2023,20:00,2.712
10/05/2023,21:00,2.995
10/05/2023,22:00,2.005
10/05/2023,23:00,1.792
10/05/2023,24:00:00,3.231
11/05/2023,01:00,11.415
11/05/2023,02:00,4.34
11/05/2023,03:00,4.316
11/05/2023,04:00,3.915
11/05/2023,05:00,5.094
11/05/2023,06:00,7.099
11/05/2023,07:00,9.481
11/05/2023,08:00,7.547
11/05/2023,09:00,5.66
11/05/2023,10:00,4.623
11/05/2023,11:00,4.552
11/05/2023,12:00,4.151
11/05/2023,13:00,3.467
11/05/2023,14:00,2.075
11/05/2023,15:00,1.557
11/05/2023,16:00,2.217
11/05/2023,17:00,3.042
11/05/2023,18:00,2.5
11/05/2023,19:00,3.278
11/05/2023,20:00,7.217
11/05/2023,21:00,10.543
11/05/2023,22:00,9.057
11/05/2023,23:00,9.363
11/05/2023,24:00:00,12.052
12/05/2023,01:00,13.467
12/05/2023,02:00,15.118
12/05/2023,03:00,15.26
12/05/2023,04:00,13.892
12/05/2023,05:00,11.934
12/05/2023,06:00,8.797
12/05/2023,07:00,6.675
12/05/2023,08:00,6.557
12/05/2023,09:00,7.547
12/05/2023,10:00,5.873
12/05/2023,11:00,5.731
12/05/2023,12:00,6.132
12/05/2023,13:00,5.637
12/05/2023,14:00,6.84
12/05/2023,15:00,7.359
12/05/2023,16:00,6.887
12/05/2023,17:00,5.873
12/05/2023,18:00,7.5
12/05/2023,19:00,7.547
12/05/2023,20:00,5.684
12/05/2023,21:00,6.392
12/05/2023,22:00,5.472
12/05/2023,23:00,5.802
12/05/2023,24:00:00,4.976
13/05/2023,01:00,5.118
13/05/2023,02:00,4.528
13/05/2023,03:00,4.505
13/05/2023,04:00,4.528
13/05/2023,05:00,5.118
13/05/2023,06:00,5.024
13/05/2023,07:00,5
13/05/2023,08:00,5.943
13/05/2023,09:00,5.542
13/05/2023,10:00,6.887
13/05/2023,11:00,7.288
13/05/2023,12:00,7.5
13/05/2023,13:00,7.453
13/05/2023,14:00,8.326
13/05/2023,15:00,9.057
13/05/2023,16:00,8.019
13/05/2023,17:00,11.392
13/05/2023,18:00,8.915
13/05/2023,19:00,8.632
13/05/2023,20:00,19.127
13/05/2023,21:00,16.274
13/05/2023,22:00,15.967
13/05/2023,23:00,19.953
13/05/2023,24:00:00,25.944
14/05/2023,01:00,22.217
14/05/2023,02:00,25.165
14/05/2023,03:00,21.274
14/05/2023,04:00,16.863
14/05/2023,05:00,17.382
14/05/2023,06:00,19.198
14/05/2023,07:00,20.118
14/05/2023,08:00,22.17
14/05/2023,09:00,21.297
14/05/2023,10:00,18.113
14/05/2023,11:00,15.543
14/05/2023,12:00,13.774
14/05/2023,13:00,18.373
14/05/2023,14:00,11.509
14/05/2023,15:00,4.458
14/05/2023,16:00,4.67
14/05/2023,17:00,3.774
14/05/2023,18:00,5.236
14/05/2023,19:00,8.561
14/05/2023,20:00,6.226
14/05/2023,21:00,4.67
14/05/2023,22:00,2.854
14/05/2023,23:00,3.113
14/05/2023,24:00:00,4.552
15/05/2023,01:00,4.08
15/05/2023,02:00,3.491
15/05/2023,03:00,3.16
15/05/2023,04:00,3.349
15/05/2023,05:00,3.915
15/05/2023,06:00,4.198
15/05/2023,07:00,4.033
15/05/2023,08:00,3.726
15/05/2023,09:00,3.184
15/05/2023,10:00,2.948
15/05/2023,11:00,2.594
15/05/2023,12:00,2.429
15/05/2023,13:00,2.453
15/05/2023,14:00,2.429
15/05/2023,15:00,2.406
15/05/2023,16:00,2.359
15/05/2023,17:00,2.311
15/05/2023,18:00,3.137
15/05/2023,19:00,3.844
15/05/2023,20:00,3.42
15/05/2023,21:00,4.292
15/05/2023,22:00,9.316
15/05/2023,23:00,5.071
15/05/2023,24:00:00,4.505
16/05/2023,01:00,4.08
16/05/2023,02:00,4.057
16/05/2023,03:00,4.127
16/05/2023,04:00,3.915
16/05/2023,05:00,4.528
16/05/2023,06:00,4.458
16/05/2023,07:00,3.514
16/05/2023,08:00,4.481
16/05/2023,09:00,5.66
16/05/2023,10:00,6.627
16/05/2023,11:00,7.759
16/05/2023,12:00,8.019
16/05/2023,13:00,7.052
16/05/2023,14:00,7.359
16/05/2023,15:00,6.958
16/05/2023,16:00,7.948
16/05/2023,17:00,7.429
16/05/2023,18:00,5.094
16/05/2023,19:00,4.764
16/05/2023,20:00,5.024
16/05/2023,21:00,5.66
16/05/2023,22:00,5.637
16/05/2023,23:00,5.66
16/05/2023,24:00:00,6.038
17/05/2023,01:00,6.533
17/05/2023,02:00,7.476
17/05/2023,03:00,7.642
17/05/2023,04:00,8.844
17/05/2023,05:00,10.071
17/05/2023,06:00,10
17/05/2023,07:00,8.373
17/05/2023,08:00,7.288
17/05/2023,09:00,6.698
17/05/2023,10:00,6.274
17/05/2023,11:00,5.943
17/05/2023,12:00,6.132
17/05/2023,13:00,5.873
17/05/2023,14:00,5.991
17/05/2023,15:00,5.802
17/05/2023,16:00,5.542
17/05/2023,17:00,5.142
17/05/2023,18:00,5.542
17/05/2023,19:00,5.259
17/05/2023,20:00,5.802
17/05/2023,21:00,14.222
17/05/2023,22:00,9.222
17/05/2023,23:00,8.113
17/05/2023,24:00:00,8.915
18/05/2023,01:00,8.986
18/05/2023,02:00,10.401
18/05/2023,03:00,9.717
18/05/2023,04:00,8.679
18/05/2023,05:00,9.057
18/05/2023,06:00,12.099
18/05/2023,07:00,12.288
18/05/2023,08:00,14.363
18/05/2023,09:00,8.278
18/05/2023,10:00,7.123
18/05/2023,11:00,6.698
18/05/2023,12:00,6.675
18/05/2023,13:00,7.429
18/05/2023,14:00,8.208
18/05/2023,15:00,8.797
18/05/2023,16:00,8.609
18/05/2023,17:00,9.528
18/05/2023,18:00,8.962
18/05/2023,19:00,13.632
18/05/2023,20:00,13.774
18/05/2023,21:00,11.533
18/05/2023,22:00,10.165
18/05/2023,23:00,8.679
18/05/2023,24:00:00,8.373
19/05/2023,01:00,7.429
19/05/2023,02:00,7.877
19/05/2023,03:00,6.651
19/05/2023,04:00,6.745
19/05/2023,05:00,6.958
19/05/2023,06:00,8.113
19/05/2023,07:00,6.509
19/05/2023,08:00,5.943
19/05/2023,09:00,6.887
19/05/2023,10:00,7.099
19/05/2023,11:00,6.439
19/05/2023,12:00,7.759
19/05/2023,13:00,8.844
19/05/2023,14:00,9.175
19/05/2023,15:00,5.448
19/05/2023,16:00,4.623
19/05/2023,17:00,10.33
19/05/2023,18:00,13.326
19/05/2023,19:00,9.929
19/05/2023,20:00,10.802
19/05/2023,21:00,13.019
19/05/2023,22:00,11.274
19/05/2023,23:00,12.948
19/05/2023,24:00:00,15.896
20/05/2023,01:00,13.326
20/05/2023,02:00,11.627
20/05/2023,03:00,13.962
20/05/2023,04:00,14.552
20/05/2023,05:00,19.01
20/05/2023,06:00,20.283
20/05/2023,07:00,22.995
20/05/2023,08:00,20.377
20/05/2023,09:00,15.236
20/05/2023,10:00,10.401
20/05/2023,11:00,9.505
20/05/2023,12:00,8.703
20/05/2023,13:00,7.759
20/05/2023,14:00,7.359
20/05/2023,15:00,8.208
20/05/2023,16:00,6.675
20/05/2023,17:00,7.217
20/05/2023,18:00,5.236
20/05/2023,19:00,4.646
20/05/2023,20:00,5.495
20/05/2023,21:00,19.599
20/05/2023,22:00,11.014
20/05/2023,23:00,14.033
20/05/2023,24:00:00,11.344
21/05/2023,01:00,11.958
21/05/2023,02:00,9.764
21/05/2023,03:00,10
21/05/2023,04:00,10.024
21/05/2023,05:00,10.377
21/05/2023,06:00,10.66
21/05/2023,07:00,13.208
21/05/2023,08:00,9.953
21/05/2023,09:00,7.642
21/05/2023,10:00,7.099
21/05/2023,11:00,5.826
21/05/2023,12:00,4.552
21/05/2023,13:00,4.127
21/05/2023,14:00,4.292
21/05/2023,15:00,5.425
21/05/2023,16:00,6.25
21/05/2023,17:00,6.038
21/05/2023,18:00,6.179
21/05/2023,19:00,6.792
21/05/2023,20:00,6.226
21/05/2023,21:00,7.028
21/05/2023,22:00,8.137
21/05/2023,23:00,9.953
21/05/2023,24:00:00,9.08
22/05/2023,01:00,9.599
22/05/2023,02:00,8.892
22/05/2023,03:00,8.113
22/05/2023,04:00,7.759
22/05/2023,05:00,8.349
22/05/2023,06:00,7.335
22/05/2023,07:00,6.297
22/05/2023,08:00,5.943
22/05/2023,09:00,6.604
22/05/2023,10:00,6.958
22/05/2023,11:00,5.92
22/05/2023,12:00,6.061
22/05/2023,13:00,6.25
22/05/2023,14:00,6.061
22/05/2023,15:00,6.274
22/05/2023,16:00,5.566
22/05/2023,17:00,5.896
22/05/2023,18:00,6.792
22/05/2023,19:00,6.722
22/05/2023,20:00,6.675
22/05/2023,21:00,7.547
22/05/2023,22:00,6.934
22/05/2023,23:00,5.165
22/05/2023,24:00:00,5.212
23/05/2023,01:00,5.33
23/05/2023,02:00,5.259
23/05/2023,03:00,5.637
23/05/2023,04:00,5.731
23/05/2023,05:00,6.226
23/05/2023,06:00,6.509
23/05/2023,07:00,6.415
23/05/2023,08:00,6.792
23/05/2023,09:00,6.156
23/05/2023,10:00,7.17
23/05/2023,11:00,6.769
23/05/2023,12:00,6.392
23/05/2023,13:00,7.429
23/05/2023,14:00,7.925
23/05/2023,15:00,9.009
23/05/2023,16:00,8.42
23/05/2023,17:00,6.014
23/05/2023,18:00,4.363
23/05/2023,19:00,5.66
23/05/2023,20:00,7.17
23/05/2023,21:00,7.972
23/05/2023,22:00,8.467
23/05/2023,23:00,8.184
23/05/2023,24:00:00,8.208
24/05/2023,01:00,7.335
24/05/2023,02:00,7.453
24/05/2023,03:00,7.288
24/05/2023,04:00,9.127
24/05/2023,05:00,7.783
24/05/2023,06:00,7.17
24/05/2023,07:00,7.005
24/05/2023,08:00,7.241
24/05/2023,09:00,7.005
24/05/2023,10:00,7.193
24/05/2023,11:00,7.972
24/05/2023,12:00,7.925
24/05/2023,13:00,9.198
24/05/2023,14:00,9.764
24/05/2023,15:00,9.693
24/05/2023,16:00,10
24/05/2023,17:00,10.802
24/05/2023,18:00,11.368
24/05/2023,19:00,11.793
24/05/2023,20:00,12.382
24/05/2023,21:00,11.745
24/05/2023,22:00,8.844
24/05/2023,23:00,7.925
24/05/2023,24:00:00,9.599
25/05/2023,01:00,8.656
25/05/2023,02:00,9.245
25/05/2023,03:00,10.59
25/05/2023,04:00,10.118
25/05/2023,05:00,8.679
25/05/2023,06:00,9.316
25/05/2023,07:00,11.392
25/05/2023,08:00,11.462
25/05/2023,09:00,9.599
25/05/2023,10:00,8.821
25/05/2023,11:00,8.656
25/05/2023,12:00,6.792
25/05/2023,13:00,6.132
25/05/2023,14:00,6.109
25/05/2023,15:00,5.731
25/05/2023,16:00,5.778
25/05/2023,17:00,5.943
25/05/2023,18:00,6.675
25/05/2023,19:00,6.226
25/05/2023,20:00,6.038
25/05/2023,21:00,6.25
25/05/2023,22:00,6.415
25/05/2023,23:00,7.406
25/05/2023,24:00:00,9.646
26/05/2023,01:00,7.759
26/05/2023,02:00,8.561
26/05/2023,03:00,7.547
26/05/2023,04:00,8.066
26/05/2023,05:00,8.962
26/05/2023,06:00,14.599
26/05/2023,07:00,9.293
26/05/2023,08:00,7.571
26/05/2023,09:00,7.618
26/05/2023,10:00,6.91
26/05/2023,11:00,7.571
26/05/2023,12:00,8.16
26/05/2023,13:00,8.443
26/05/2023,14:00,7.311
26/05/2023,15:00,6.392
26/05/2023,16:00,6.557
26/05/2023,17:00,6.887
26/05/2023,18:00,6.297
26/05/2023,19:00,6.132
26/05/2023,20:00,17.005
26/05/2023,21:00,10.519
26/05/2023,22:00,8.326
26/05/2023,23:00,7.877
26/05/2023,24:00:00,9.245
27/05/2023,01:00,15.991
27/05/2023,02:00,9.764
27/05/2023,03:00,10.165
27/05/2023,04:00,11.038
27/05/2023,05:00,10.071
27/05/2023,06:00,8.703
27/05/2023,07:00,7.476
27/05/2023,08:00,7.453
27/05/2023,09:00,7.759
27/05/2023,10:00,7.712
27/05/2023,11:00,7.076
27/05/2023,12:00,6.627
27/05/2023,13:00,6.769
27/05/2023,14:00,6.84
27/05/2023,15:00,7.099
27/05/2023,16:00,6.816
27/05/2023,17:00,7.17
27/05/2023,18:00,8.326
27/05/2023,19:00,7.123
27/05/2023,20:00,5.472
27/05/2023,21:00,6.887
27/05/2023,22:00,9.293
27/05/2023,23:00,6.769
27/05/2023,24:00:00,3.868
28/05/2023,01:00,3.774
28/05/2023,02:00,3.726
28/05/2023,03:00,3.585
28/05/2023,04:00,3.538
28/05/2023,05:00,2.995
28/05/2023,06:00,2.925
28/05/2023,07:00,3.302
28/05/2023,08:00,3.962
28/05/2023,09:00,4.599
28/05/2023,10:00,5.708
28/05/2023,11:00,6.415
28/05/2023,12:00,6.274
28/05/2023,13:00,7.193
28/05/2023,14:00,9.599
28/05/2023,15:00,9.34
28/05/2023,16:00,9.623
28/05/2023,17:00,9.033
28/05/2023,18:00,8.491
28/05/2023,19:00,7.807
28/05/2023,20:00,9.623
28/05/2023,21:00,18.113
28/05/2023,22:00,12.076
28/05/2023,23:00,11.533
28/05/2023,24:00:00,11.368
29/05/2023,01:00,8.892
29/05/2023,02:00,9.175
29/05/2023,03:00,7.948
29/05/2023,04:00,8.703
29/05/2023,05:00,8.703
29/05/2023,06:00,6.887
29/05/2023,07:00,5.66
29/05/2023,08:00,5.118
29/05/2023,09:00,5.047
29/05/2023,10:00,5.377
29/05/2023,11:00,5.212
29/05/2023,12:00,5.189
29/05/2023,13:00,4.953
29/05/2023,14:00,5.024
29/05/2023,15:00,5.118
29/05/2023,16:00,5.613
29/05/2023,17:00,6.368
29/05/2023,18:00,7.193
29/05/2023,19:00,7.217
29/05/2023,20:00,7.547
29/05/2023,21:00,8.042
29/05/2023,22:00,8.561
29/05/2023,23:00,9.929
29/05/2023,24:00:00,9.741
30/05/2023,01:00,8.491
30/05/2023,02:00,10.236
30/05/2023,03:00,10.33
30/05/2023,04:00,9.599
30/05/2023,05:00,8.514
30/05/2023,06:00,8.797
30/05/2023,07:00,8.491
30/05/2023,08:00,8.184
30/05/2023,09:00,7.736
30/05/2023,10:00,7.123
30/05/2023,11:00,8.373
30/05/2023,12:00,7.359
30/05/2023,13:00,7.948
30/05/2023,14:00,8.113
30/05/2023,15:00,9.576
30/05/2023,16:00,9.528
30/05/2023,17:00,8.632
30/05/2023,18:00,6.887
30/05/2023,19:00,6.226
30/05/2023,20:00,6.462
30/05/2023,21:00,6.84
30/05/2023,22:00,6.958
30/05/2023,23:00,6.651
30/05/2023,24:00:00,6.816
31/05/2023,01:00,5.142
31/05/2023,02:00,3.868
31/05/2023,03:00,2.995
31/05/2023,04:00,3.16
31/05/2023,05:00,2.524
31/05/2023,06:00,2.783
31/05/2023,07:00,3.844
31/05/2023,08:00,4.646
31/05/2023,09:00,4.057
31/05/2023,10:00,3.962
31/05/2023,11:00,5.142
31/05/2023,12:00,7.052
31/05/2023,13:00,6.486
31/05/2023,14:00,6.226
31/05/2023,15:00,6.675
31/05/2023,16:00,6.368
31/05/2023,17:00,5.684
31/05/2023,18:00,5.873
31/05/2023,19:00,7.618
31/05/2023,20:00,19.741
31/05/2023,21:00,7.359
31/05/2023,22:00,6.651
31/05/2023,23:00,7.17
31/05/2023,24:00:00,6.462
01/06/2023,01:00,6.415
01/06/2023,02:00,7.193
01/06/2023,03:00,7.076
01/06/2023,04:00,7.5
01/06/2023,05:00,8.42
01/06/2023,06:00,8.208
01/06/2023,07:00,8.326
01/06/2023,08:00,8.962
01/06/2023,09:00,7.382
01/06/2023,10:00,6.085
01/06/2023,11:00,4.245
01/06/2023,12:00,3.939
01/06/2023,13:00,5.071
01/06/2023,14:00,6.061
01/06/2023,15:00,5.637
01/06/2023,16:00,5.094
01/06/2023,17:00,6.533
01/06/2023,18:00,8.208
01/06/2023,19:00,7.076
01/06/2023,20:00,7.146
01/06/2023,21:00,4.953
01/06/2023,22:00,3.302
01/06/2023,23:00,4.08
01/06/2023,24:00:00,5.566
02/06/2023,01:00,4.788
02/06/2023,02:00,7.241
02/06/2023,03:00,6.132
02/06/2023,04:00,
02/06/2023,05:00,
02/06/2023,06:00,
02/06/2023,07:00,6.321
02/06/2023,08:00,7.453
02/06/2023,09:00,7.099
02/06/2023,10:00,7.429
02/06/2023,11:00,8.066
02/06/2023,12:00,7.83
02/06/2023,13:00,7.099
02/06/2023,14:00,6.698
02/06/2023,15:00,5.66
02/06/2023,16:00,5.212
02/06/2023,17:00,6.415
02/06/2023,18:00,10.212
02/06/2023,19:00,7.406
02/06/2023,20:00,8.632
02/06/2023,21:00,12.925
02/06/2023,22:00,9.151
02/06/2023,23:00,10.613
02/06/2023,24:00:00,11.179
03/06/2023,01:00,9.245
03/06/2023,02:00,9.222
03/06/2023,03:00,10.543
03/06/2023,04:00,10.094
03/06/2023,05:00,8.656
03/06/2023,06:00,8.113
03/06/2023,07:00,7.925
03/06/2023,08:00,8.231
03/06/2023,09:00,7.854
03/06/2023,10:00,8.349
03/06/2023,11:00,8.844
03/06/2023,12:00,6.958
03/06/2023,13:00,6.486
03/06/2023,14:00,5.896
03/06/2023,15:00,4.363
03/06/2023,16:00,4.175
03/06/2023,17:00,3.962
03/06/2023,18:00,4.151
03/06/2023,19:00,4.859
03/06/2023,20:00,4.717
03/06/2023,21:00,5.708
03/06/2023,22:00,7.193
03/06/2023,23:00,7.217
03/06/2023,24:00:00,7.193
04/06/2023,01:00,6.58
04/06/2023,02:00,6.203
04/06/2023,03:00,7.146
04/06/2023,04:00,7.359
04/06/2023,05:00,7.995
04/06/2023,06:00,7.854
04/06/2023,07:00,6.557
04/06/2023,08:00,4.717
04/06/2023,09:00,11.887
04/06/2023,10:00,6.297
04/06/2023,11:00,5.849
04/06/2023,12:00,6.179
04/06/2023,13:00,5.92
04/06/2023,14:00,6.887
04/06/2023,15:00,5.33
04/06/2023,16:00,5.212
04/06/2023,17:00,5.354
04/06/2023,18:00,5.967
04/06/2023,19:00,10.66
04/06/2023,20:00,5.991
04/06/2023,21:00,6.25
04/06/2023,22:00,6.203
04/06/2023,23:00,6.91
04/06/2023,24:00:00,8.137
05/06/2023,01:00,7.83
05/06/2023,02:00,6.887
05/06/2023,03:00,5.425
05/06/2023,04:00,5.448
05/06/2023,05:00,5.425
05/06/2023,06:00,6.297
05/06/2023,07:00,5
05/06/2023,08:00,5.802
05/06/2023,09:00,6.84
05/06/2023,10:00,5.991
05/06/2023,11:00,6.958
05/06/2023,12:00,6.934
05/06/2023,13:00,5.896
05/06/2023,14:00,5.826
05/06/2023,15:00,6.156
05/06/2023,16:00,6.085
05/06/2023,17:00,6.651
05/06/2023,18:00,6.274
05/06/2023,19:00,6.109
05/06/2023,20:00,6.509
05/06/2023,21:00,8.019
05/06/2023,22:00,6.816
05/06/2023,23:00,6.84
05/06/2023,24:00:00,5.92
06/06/2023,01:00,4.764
06/06/2023,02:00,5.047
06/06/2023,03:00,5.283
06/06/2023,04:00,4.575
06/06/2023,05:00,5.307
06/06/2023,06:00,6.415
06/06/2023,07:00,5.212
06/06/2023,08:00,6.156
06/06/2023,09:00,5.92
06/06/2023,10:00,5.189
06/06/2023,11:00,3.538
06/06/2023,12:00,5.307
06/06/2023,13:00,4.222
06/06/2023,14:00,5.212
06/06/2023,15:00,7.123
06/06/2023,16:00,7.429
06/06/2023,17:00,7.5
06/06/2023,18:00,6.745
06/06/2023,19:00,6.038
06/06/2023,20:00,4.835
06/06/2023,21:00,3.443
06/06/2023,22:00,2.311
06/06/2023,23:00,2.264
06/06/2023,24:00:00,2.005
07/06/2023,01:00,1.651
07/06/2023,02:00,1.627
07/06/2023,03:00,1.934
07/06/2023,04:00,4.575
07/06/2023,05:00,3.986
07/06/2023,06:00,10.354
07/06/2023,07:00,10.236
07/06/2023,08:00,11.651
07/06/2023,09:00,12.288
07/06/2023,10:00,10.519
07/06/2023,11:00,12.146
07/06/2023,12:00,8.632
07/06/2023,13:00,6.958
07/06/2023,14:00,5.92
07/06/2023,15:00,6.769
07/06/2023,16:00,7.288
07/06/2023,17:00,10.448
07/06/2023,18:00,10.118
07/06/2023,19:00,11.038
07/06/2023,20:00,13.679
07/06/2023,21:00,11.085
07/06/2023,22:00,13.443
07/06/2023,23:00,13.42
07/06/2023,24:00:00,12.123
08/06/2023,01:00,10.543
08/06/2023,02:00,11.934
08/06/2023,03:00,8.16
08/06/2023,04:00,13.137
08/06/2023,05:00,9.222
08/06/2023,06:00,10.637
08/06/2023,07:00,11.509
08/06/2023,08:00,13.491
08/06/2023,09:00,12.712
08/06/2023,10:00,14.623
08/06/2023,11:00,14.976
08/06/2023,12:00,13.892
08/06/2023,13:00,15.212
08/06/2023,14:00,14.08
08/06/2023,15:00,13.043
08/06/2023,16:00,12.241
08/06/2023,17:00,10.566
08/06/2023,18:00,9.127
08/06/2023,19:00,8.656
08/06/2023,20:00,8.231
08/06/2023,21:00,9.151
08/06/2023,22:00,9.41
08/06/2023,23:00,9.953
08/06/2023,24:00:00,9.033
09/06/2023,01:00,9.953
09/06/2023,02:00,9.764
09/06/2023,03:00,11.415
09/06/2023,04:00,11.368
09/06/2023,05:00,7.712
09/06/2023,06:00,6.981
09/06/2023,07:00,7.689
09/06/2023,08:00,7.83
09/06/2023,09:00,8.892
09/06/2023,10:00,9.151
09/06/2023,11:00,10.094
09/06/2023,12:00,9.458
09/06/2023,13:00,9.717
09/06/2023,14:00,10.566
09/06/2023,15:00,11.132
09/06/2023,16:00,10.731
09/06/2023,17:00,11.179
09/06/2023,18:00,10.071
09/06/2023,19:00,9.859
09/06/2023,20:00,9.741
09/06/2023,21:00,9.245
09/06/2023,22:00,9.316
09/06/2023,23:00,9.953
09/06/2023,24:00:00,10.377
10/06/2023,01:00,11.698
10/06/2023,02:00,14.009
10/06/2023,03:00,15.236
10/06/2023,04:00,15.236
10/06/2023,05:00,16.368
10/06/2023,06:00,11.793
10/06/2023,07:00,11.179
10/06/2023,08:00,10.448
10/06/2023,09:00,10.755
10/06/2023,10:00,11.604
10/06/2023,11:00,13.561
10/06/2023,12:00,14.245
10/06/2023,13:00,15.142
10/06/2023,14:00,15.26
10/06/2023,15:00,14.929
10/06/2023,16:00,14.906
10/06/2023,17:00,14.552
10/06/2023,18:00,12.901
10/06/2023,19:00,11.745
10/06/2023,20:00,10.943
10/06/2023,21:00,9.882
10/06/2023,22:00,10
10/06/2023,23:00,10.519
10/06/2023,24:00:00,12.901
11/06/2023,01:00,15.566
11/06/2023,02:00,16.887
11/06/2023,03:00,15.826
11/06/2023,04:00,14.34
11/06/2023,05:00,14.057
11/06/2023,06:00,13.278
11/06/2023,07:00,13.043
11/06/2023,08:00,12.193
11/06/2023,09:00,12.005
11/06/2023,10:00,11.745
11/06/2023,11:00,10.778
11/06/2023,12:00,11.981
11/06/2023,13:00,12.17
11/06/2023,14:00,13.255
11/06/2023,15:00,13.302
11/06/2023,16:00,14.009
11/06/2023,17:00,14.033
11/06/2023,18:00,15
11/06/2023,19:00,14.576
11/06/2023,20:00,15.802
11/06/2023,21:00,20.307
11/06/2023,22:00,19.01
11/06/2023,23:00,22.193
11/06/2023,24:00:00,24.01
12/06/2023,01:00,28.915
12/06/2023,02:00,32.594
12/06/2023,03:00,35.212
12/06/2023,04:00,37.217
12/06/2023,05:00,35.495
12/06/2023,06:00,32.17
12/06/2023,07:00,29.623
12/06/2023,08:00,27.783
12/06/2023,09:00,23.656
12/06/2023,10:00,21.368
12/06/2023,11:00,18.844
12/06/2023,12:00,18.679
12/06/2023,13:00,16.321
12/06/2023,14:00,14.906
12/06/2023,15:00,11.462
12/06/2023,16:00,10.896
12/06/2023,17:00,12.901
12/06/2023,18:00,15.189
12/06/2023,19:00,11.439
12/06/2023,20:00,12.146
12/06/2023,21:00,11.981
12/06/2023,22:00,15.094
12/06/2023,23:00,15.189
12/06/2023,24:00:00,17.524
13/06/2023,01:00,13.42
13/06/2023,02:00,14.08
13/06/2023,03:00,16.627
13/06/2023,04:00,27.099
13/06/2023,05:00,16.627
13/06/2023,06:00,16.533
13/06/2023,07:00,14.788
13/06/2023,08:00,15.283
13/06/2023,09:00,14.623
13/06/2023,10:00,14.34
13/06/2023,11:00,13.844
13/06/2023,12:00,13.349
13/06/2023,13:00,10.354
13/06/2023,14:00,10.425
13/06/2023,15:00,14.599
13/06/2023,16:00,9.717
13/06/2023,17:00,9.434
13/06/2023,18:00,9.151
13/06/2023,19:00,9.316
13/06/2023,20:00,8.726
13/06/2023,21:00,10.59
13/06/2023,22:00,8.962
13/06/2023,23:00,10.401
13/06/2023,24:00:00,9.08
14/06/2023,01:00,11.014
14/06/2023,02:00,10.543
14/06/2023,03:00,9.434
14/06/2023,04:00,8.609
14/06/2023,05:00,8.302
14/06/2023,06:00,7.665
14/06/2023,07:00,8.278
14/06/2023,08:00,8.821
14/06/2023,09:00,8.396
14/06/2023,10:00,9.387
14/06/2023,11:00,7.854
14/06/2023,12:00,6.792
14/06/2023,13:00,6.392
14/06/2023,14:00,6.486
14/06/2023,15:00,4.976
14/06/2023,16:00,4.623
14/06/2023,17:00,4.34
14/06/2023,18:00,6.085
14/06/2023,19:00,5.59
14/06/2023,20:00,6.934
14/06/2023,21:00,7.571
14/06/2023,22:00,8.561
14/06/2023,23:00,10.566
14/06/2023,24:00:00,10.472
15/06/2023,01:00,9.104
15/06/2023,02:00,13.184
15/06/2023,03:00,18.892
15/06/2023,04:00,21.203
15/06/2023,05:00,22.123
15/06/2023,06:00,23.349
15/06/2023,07:00,23.844
15/06/2023,08:00,19.01
15/06/2023,09:00,16.675
15/06/2023,10:00,12.854
15/06/2023,11:00,9.67
15/06/2023,12:00,8.726
15/06/2023,13:00,7.5
15/06/2023,14:00,6.321
15/06/2023,15:00,5.59
15/06/2023,16:00,6.132
15/06/2023,17:00,7.264
15/06/2023,18:00,6.226
15/06/2023,19:00,6.509
15/06/2023,20:00,12.429
15/06/2023,21:00,8.703
15/06/2023,22:00,7.759
15/06/2023,23:00,6.651
15/06/2023,24:00:00,7.689
16/06/2023,01:00,14.434
16/06/2023,02:00,27.547
16/06/2023,03:00,18.656
16/06/2023,04:00,17.877
16/06/2023,05:00,15.283
16/06/2023,06:00,12.901
16/06/2023,07:00,23.184
16/06/2023,08:00,12.052
16/06/2023,09:00,7.712
16/06/2023,10:00,7.241
16/06/2023,11:00,7.146
16/06/2023,12:00,6.84
16/06/2023,13:00,6.934
16/06/2023,14:00,6.297
16/06/2023,15:00,5.755
16/06/2023,16:00,5.684
16/06/2023,17:00,5.826
16/06/2023,18:00,6.392
16/06/2023,19:00,7.123
16/06/2023,20:00,6.226
16/06/2023,21:00,6.887
16/06/2023,22:00,7.712
16/06/2023,23:00,7.759
16/06/2023,24:00:00,10.519
17/06/2023,01:00,6.816
17/06/2023,02:00,6.415
17/06/2023,03:00,6.887
17/06/2023,04:00,7.264
17/06/2023,05:00,7.972
17/06/2023,06:00,8.703
17/06/2023,07:00,9.41
17/06/2023,08:00,7.759
17/06/2023,09:00,6.887
17/06/2023,10:00,6.958
17/06/2023,11:00,6.958
17/06/2023,12:00,6.156
17/06/2023,13:00,5.92
17/06/2023,14:00,6.769
17/06/2023,15:00,6.722
17/06/2023,16:00,5.873
17/06/2023,17:00,6.462
17/06/2023,18:00,6.981
17/06/2023,19:00,7.288
17/06/2023,20:00,7.005
17/06/2023,21:00,7.618
17/06/2023,22:00,7.17
17/06/2023,23:00,8.326
17/06/2023,24:00:00,8.396
18/06/2023,01:00,8.278
18/06/2023,02:00,9.198
18/06/2023,03:00,12.618
18/06/2023,04:00,13.326
18/06/2023,05:00,14.646
18/06/2023,06:00,14.67
18/06/2023,07:00,13.609
18/06/2023,08:00,12.712
18/06/2023,09:00,14.623
18/06/2023,10:00,15.165
18/06/2023,11:00,16.321
18/06/2023,12:00,17.995
18/06/2023,13:00,18.42
18/06/2023,14:00,16.109
18/06/2023,15:00,14.222
18/06/2023,16:00,13.585
18/06/2023,17:00,20.849
18/06/2023,18:00,14.976
18/06/2023,19:00,8.09
18/06/2023,20:00,8.443
18/06/2023,21:00,7.972
18/06/2023,22:00,9.316
18/06/2023,23:00,10.024
18/06/2023,24:00:00,11.91
19/06/2023,01:00,8.396
19/06/2023,02:00,8.656
19/06/2023,03:00,9.505
19/06/2023,04:00,9.127
19/06/2023,05:00,7.689
19/06/2023,06:00,7.524
19/06/2023,07:00,6.934
19/06/2023,08:00,7.406
19/06/2023,09:00,6.91
19/06/2023,10:00,5.542
19/06/2023,11:00,5.212
19/06/2023,12:00,5.542
19/06/2023,13:00,5.849
19/06/2023,14:00,6.792
19/06/2023,15:00,5.849
19/06/2023,16:00,4.552
19/06/2023,17:00,3.703
19/06/2023,18:00,3.325
19/06/2023,19:00,3.585
19/06/2023,20:00,5.943
19/06/2023,21:00,11.179
19/06/2023,22:00,10.094
19/06/2023,23:00,7.476
19/06/2023,24:00:00,7.476
20/06/2023,01:00,6.816
20/06/2023,02:00,9.859
20/06/2023,03:00,9.859
20/06/2023,04:00,8.797
20/06/2023,05:00,11.368
20/06/2023,06:00,9.316
20/06/2023,07:00,10.212
20/06/2023,08:00,12.382
20/06/2023,09:00,12.311
20/06/2023,10:00,12.099
20/06/2023,11:00,10.236
20/06/2023,12:00,5.118
20/06/2023,13:00,4.08
20/06/2023,14:00,7.642
20/06/2023,15:00,4.269
20/06/2023,16:00,3.137
20/06/2023,17:00,3.821
20/06/2023,18:00,4.057
20/06/2023,19:00,4.552
20/06/2023,20:00,4.269
20/06/2023,21:00,4.741
20/06/2023,22:00,6.226
20/06/2023,23:00,7.5
20/06/2023,24:00:00,6.604
21/06/2023,01:00,5.307
21/06/2023,02:00,4.552
21/06/2023,03:00,5.684
21/06/2023,04:00,4.67
21/06/2023,05:00,4.906
21/06/2023,06:00,4.104
21/06/2023,07:00,4.033
21/06/2023,08:00,3.797
21/06/2023,09:00,4.34
21/06/2023,10:00,4.528
21/06/2023,11:00,4.34
21/06/2023,12:00,4.222
21/06/2023,13:00,5.684
21/06/2023,14:00,6.156
21/06/2023,15:00,3.491
21/06/2023,16:00,3.514
21/06/2023,17:00,3.585
21/06/2023,18:00,3.491
21/06/2023,19:00,4.175
21/06/2023,20:00,4.458
21/06/2023,21:00,5.354
21/06/2023,22:00,7.288
21/06/2023,23:00,8.609
21/06/2023,24:00:00,10.731
22/06/2023,01:00,9.528
22/06/2023,02:00,7.311
22/06/2023,03:00,9.576
22/06/2023,04:00,8.208
22/06/2023,05:00,7.193
22/06/2023,06:00,8.137
22/06/2023,07:00,6.014
22/06/2023,08:00,4.976
22/06/2023,09:00,6.958
22/06/2023,10:00,9.316
22/06/2023,11:00,9.34
22/06/2023,12:00,6.84
22/06/2023,13:00,7.288
22/06/2023,14:00,6.958
22/06/2023,15:00,5.33
22/06/2023,16:00,4.835
22/06/2023,17:00,5.071
22/06/2023,18:00,5.849
22/06/2023,19:00,6.368
22/06/2023,20:00,6.627
22/06/2023,21:00,7.5
22/06/2023,22:00,6.792
22/06/2023,23:00,6.722
22/06/2023,24:00:00,7.076
23/06/2023,01:00,7.618
23/06/2023,02:00,10.991
23/06/2023,03:00,9.528
23/06/2023,04:00,9.08
23/06/2023,05:00,9.293
23/06/2023,06:00,10.024
23/06/2023,07:00,10.448
23/06/2023,08:00,11.085
23/06/2023,09:00,13.538
23/06/2023,10:00,12.241
23/06/2023,11:00,5.519
23/06/2023,12:00,5.519
23/06/2023,13:00,4.693
23/06/2023,14:00,5.283
23/06/2023,15:00,4.717
23/06/2023,16:00,4.693
23/06/2023,17:00,4.552
23/06/2023,18:00,4.481
23/06/2023,19:00,3.066
23/06/2023,20:00,3.231
23/06/2023,21:00,3.892
23/06/2023,22:00,5
23/06/2023,23:00,4.693
23/06/2023,24:00:00,3.632
24/06/2023,01:00,2.429
24/06/2023,02:00,2.005
24/06/2023,03:00,2.005
24/06/2023,04:00,2.453
24/06/2023,05:00,2.241
24/06/2023,06:00,2.382
24/06/2023,07:00,3.113
24/06/2023,08:00,3.325
24/06/2023,09:00,2.759
24/06/2023,10:00,2.995
24/06/2023,11:00,2.807
24/06/2023,12:00,2.075
24/06/2023,13:00,1.84
24/06/2023,14:00,2.099
24/06/2023,15:00,2.193
24/06/2023,16:00,2.5
24/06/2023,17:00,2.783
24/06/2023,18:00,3.16
24/06/2023,19:00,3.396
24/06/2023,20:00,3.561
24/06/2023,21:00,4.741
24/06/2023,22:00,13.726
24/06/2023,23:00,9.505
24/06/2023,24:00:00,7.571
25/06/2023,01:00,32.736
25/06/2023,02:00,12.524
25/06/2023,03:00,6.91
25/06/2023,04:00,7.736
25/06/2023,05:00,6.816
25/06/2023,06:00,4.41
25/06/2023,07:00,3.137
25/06/2023,08:00,3.019
25/06/2023,09:00,4.175
25/06/2023,10:00,4.505
25/06/2023,11:00,5.189
25/06/2023,12:00,5.59
25/06/2023,13:00,5.896
25/06/2023,14:00,6.014
25/06/2023,15:00,5.896
25/06/2023,16:00,6.816
25/06/2023,17:00,4.363
25/06/2023,18:00,4.505
25/06/2023,19:00,4.34
25/06/2023,20:00,4.906
25/06/2023,21:00,4.222
25/06/2023,22:00,3.137
25/06/2023,23:00,3.255
25/06/2023,24:00:00,3.514
26/06/2023,01:00,3.302
26/06/2023,02:00,2.972
26/06/2023,03:00,3.278
26/06/2023,04:00,3.137
26/06/2023,05:00,3.892
26/06/2023,06:00,4.245
26/06/2023,07:00,5.094
26/06/2023,08:00,4.67
26/06/2023,09:00,5.165
26/06/2023,10:00,4.859
26/06/2023,11:00,4.764
26/06/2023,12:00,3.986
26/06/2023,13:00,4.788
26/06/2023,14:00,3.939
26/06/2023,15:00,2.995
26/06/2023,16:00,3.066
26/06/2023,17:00,3.443
26/06/2023,18:00,3.278
26/06/2023,19:00,3.797
26/06/2023,20:00,4.033
26/06/2023,21:00,3.915
26/06/2023,22:00,4.387
26/06/2023,23:00,4.127
26/06/2023,24:00:00,4.222
27/06/2023,01:00,4.316
27/06/2023,02:00,5.566
27/06/2023,03:00,4.505
27/06/2023,04:00,5.071
27/06/2023,05:00,5.542
27/06/2023,06:00,7.689
27/06/2023,07:00,8.16
27/06/2023,08:00,6.745
27/06/2023,09:00,6.038
27/06/2023,10:00,5.943
27/06/2023,11:00,6.486
27/06/2023,12:00,7.901
27/06/2023,13:00,7.217
27/06/2023,14:00,5.448
27/06/2023,15:00,7.429
27/06/2023,16:00,18.561
27/06/2023,17:00,6.038
27/06/2023,18:00,6.25
27/06/2023,19:00,10.708
27/06/2023,20:00,13.797
27/06/2023,21:00,11.934
27/06/2023,22:00,8.868
27/06/2023,23:00,8.797
27/06/2023,24:00:00,7.123
28/06/2023,01:00,7.406
28/06/2023,02:00,7.854
28/06/2023,03:00,7.854
28/06/2023,04:00,6.085
28/06/2023,05:00,6.085
28/06/2023,06:00,5.189
28/06/2023,07:00,5.826
28/06/2023,08:00,6.014
28/06/2023,09:00,4.316
28/06/2023,10:00,2.972
28/06/2023,11:00,3.443
28/06/2023,12:00,3.797
28/06/2023,13:00,3.208
28/06/2023,14:00,3.892
28/06/2023,15:00,4.41
28/06/2023,16:00,3.255
28/06/2023,17:00,1.934
28/06/2023,18:00,1.627
28/06/2023,19:00,1.91
28/06/2023,20:00,1.863
28/06/2023,21:00,1.58
28/06/2023,22:00,1.981
28/06/2023,23:00,1.627
28/06/2023,24:00:00,2.052
29/06/2023,01:00,2.665
29/06/2023,02:00,3.443
29/06/2023,03:00,2.948
29/06/2023,04:00,2.264
29/06/2023,05:00,2.547
29/06/2023,06:00,2.406
29/06/2023,07:00,3.137
29/06/2023,08:00,2.594
29/06/2023,09:00,2.476
29/06/2023,10:00,2.712
29/06/2023,11:00,2.877
29/06/2023,12:00,3.042
29/06/2023,13:00,2.524
29/06/2023,14:00,2.594
29/06/2023,15:00,2.642
29/06/2023,16:00,2.406
29/06/2023,17:00,2.642
29/06/2023,18:00,2.524
29/06/2023,19:00,2.476
29/06/2023,20:00,2.925
29/06/2023,21:00,3.609
29/06/2023,22:00,5.637
29/06/2023,23:00,4.08
29/06/2023,24:00:00,4.34
30/06/2023,01:00,4.741
30/06/2023,02:00,5.448
30/06/2023,03:00,5.259
30/06/2023,04:00,6.226
30/06/2023,05:00,6.014
30/06/2023,06:00,5.542
30/06/2023,07:00,5.967
30/06/2023,08:00,6.792
30/06/2023,09:00,6.392
30/06/2023,10:00,6.509
30/06/2023,11:00,5.307
30/06/2023,12:00,4.222
30/06/2023,13:00,3.396
30/06/2023,14:00,4.717
30/06/2023,15:00,3.066
30/06/2023,16:00,2.264
30/06/2023,17:00,1.934
30/06/2023,18:00,1.627
30/06/2023,19:00,1.156
30/06/2023,20:00,1.274
30/06/2023,21:00,1.085
30/06/2023,22:00,1.085
30/06/2023,23:00,0.825
30/06/2023,24:00:00,0.425
01/07/2023,01:00,0.377
01/07/2023,02:00,1.156
01/07/2023,03:00,1.368
01/07/2023,04:00,1.109
01/07/2023,05:00,1.698
01/07/2023,06:00,1.675
01/07/2023,07:00,1.533
01/07/2023,08:00,1.58
01/07/2023,09:00,1.863
01/07/2023,10:00,2.335
01/07/2023,11:00,2.995
01/07/2023,12:00,2.689
01/07/2023,13:00,4.552
01/07/2023,14:00,6.769
01/07/2023,15:00,11.698
01/07/2023,16:00,12.524
01/07/2023,17:00,12.594
01/07/2023,18:00,12.453
01/07/2023,19:00,11.91
01/07/2023,20:00,11.816
01/07/2023,21:00,9.882
01/07/2023,22:00,9.764
01/07/2023,23:00,8.679
01/07/2023,24:00:00,8.939
02/07/2023,01:00,9.057
02/07/2023,02:00,7.028
02/07/2023,03:00,7.476
02/07/2023,04:00,7.547
02/07/2023,05:00,7.5
02/07/2023,06:00,7.028
02/07/2023,07:00,7.052
02/07/2023,08:00,8.137
02/07/2023,09:00,8.066
02/07/2023,10:00,6.014
02/07/2023,11:00,4.575
02/07/2023,12:00,4.222
02/07/2023,13:00,4.646
02/07/2023,14:00,4.623
02/07/2023,15:00,4.245
02/07/2023,16:00,3.797
02/07/2023,17:00,4.788
02/07/2023,18:00,3.962
02/07/2023,19:00,3.868
02/07/2023,20:00,3.679
02/07/2023,21:00,2.028
02/07/2023,22:00,6.297
02/07/2023,23:00,3.538
02/07/2023,24:00:00,3.184
03/07/2023,01:00,2.83
03/07/2023,02:00,2.618
03/07/2023,03:00,2.783
03/07/2023,04:00,3.42
03/07/2023,05:00,3.75
03/07/2023,06:00,4.316
03/07/2023,07:00,3.821
03/07/2023,08:00,4.646
03/07/2023,09:00,5.189
03/07/2023,10:00,5.33
03/07/2023,11:00,5.165
03/07/2023,12:00,6.274
03/07/2023,13:00,4.198
03/07/2023,14:00,1.132
03/07/2023,15:00,1.533
03/07/2023,16:00,2.594
03/07/2023,17:00,2.453
03/07/2023,18:00,1.792
03/07/2023,19:00,1.84
03/07/2023,20:00,2.052
03/07/2023,21:00,3.915
03/07/2023,22:00,2.146
03/07/2023,23:00,2.028
03/07/2023,24:00:00,2.5
04/07/2023,01:00,2.948
04/07/2023,02:00,2.476
04/07/2023,03:00,2.241
04/07/2023,04:00,2.241
04/07/2023,05:00,2.854
04/07/2023,06:00,3.75
04/07/2023,07:00,4.741
04/07/2023,08:00,4.976
04/07/2023,09:00,5.401
04/07/2023,10:00,4.34
04/07/2023,11:00,5.118
04/07/2023,12:00,3.892
04/07/2023,13:00,4.08
04/07/2023,14:00,4.08
04/07/2023,15:00,5.024
04/07/2023,16:00,7.759
04/07/2023,17:00,10.047
04/07/2023,18:00,5.118
04/07/2023,19:00,3.892
04/07/2023,20:00,4.34
04/07/2023,21:00,5.236
04/07/2023,22:00,6.109
04/07/2023,23:00,6.604
04/07/2023,24:00:00,5.495
05/07/2023,01:00,4.552
05/07/2023,02:00,4.245
05/07/2023,03:00,3.797
05/07/2023,04:00,4.811
05/07/2023,05:00,4.976
05/07/2023,06:00,5.401
05/07/2023,07:00,3.844
05/07/2023,08:00,2.995
05/07/2023,09:00,2.712
05/07/2023,10:00,2.382
05/07/2023,11:00,2.524
05/07/2023,12:00,3.231
05/07/2023,13:00,2.665
05/07/2023,14:00,2.712
05/07/2023,15:00,2.429
05/07/2023,16:00,3.208
05/07/2023,17:00,3.302
05/07/2023,18:00,2.854
05/07/2023,19:00,2.453
05/07/2023,20:00,2.995
05/07/2023,21:00,2.665
05/07/2023,22:00,3.821
05/07/2023,23:00,2.689
05/07/2023,24:00:00,2.83
06/07/2023,01:00,3.113
06/07/2023,02:00,3.396
06/07/2023,03:00,3.609
06/07/2023,04:00,3.561
06/07/2023,05:00,3.632
06/07/2023,06:00,3.726
06/07/2023,07:00,5.283
06/07/2023,08:00,6.863
06/07/2023,09:00,5.896
06/07/2023,10:00,5.33
06/07/2023,11:00,4.906
06/07/2023,12:00,5.637
06/07/2023,13:00,5.755
06/07/2023,14:00,5.613
06/07/2023,15:00,4.764
06/07/2023,16:00,9.293
06/07/2023,17:00,7.665
06/07/2023,18:00,11.109
06/07/2023,19:00,5.802
06/07/2023,20:00,5.755
06/07/2023,21:00,5.92
06/07/2023,22:00,9.976
06/07/2023,23:00,10.377
06/07/2023,24:00:00,11.745
07/07/2023,01:00,6.84
07/07/2023,02:00,4.387
07/07/2023,03:00,4.646
07/07/2023,04:00,4.929
07/07/2023,05:00,6.745
07/07/2023,06:00,5.519
07/07/2023,07:00,4.788
07/07/2023,08:00,4.859
07/07/2023,09:00,5.259
07/07/2023,10:00,4.34
07/07/2023,11:00,4.717
07/07/2023,12:00,4.458
07/07/2023,13:00,4.717
07/07/2023,14:00,5.755
07/07/2023,15:00,5.566
07/07/2023,16:00,5.778
07/07/2023,17:00,5.401
07/07/2023,18:00,4.764
07/07/2023,19:00,4.717
07/07/2023,20:00,5.236
07/07/2023,21:00,25.425
07/07/2023,22:00,9.293
07/07/2023,23:00,7.783
07/07/2023,24:00:00,6.58
08/07/2023,01:00,6.675
08/07/2023,02:00,7.028
08/07/2023,03:00,7.618
08/07/2023,04:00,8.514
08/07/2023,05:00,7.854
08/07/2023,06:00,9.646
08/07/2023,07:00,10.755
08/07/2023,08:00,9.151
08/07/2023,09:00,9.34
08/07/2023,10:00,9.245
08/07/2023,11:00,9.623
08/07/2023,12:00,9.599
08/07/2023,13:00,9.505
08/07/2023,14:00,7.264
08/07/2023,15:00,7.264
08/07/2023,16:00,8.066
08/07/2023,17:00,4.953
08/07/2023,18:00,5.59
08/07/2023,19:00,6.014
08/07/2023,20:00,6.509
08/07/2023,21:00,7.854
08/07/2023,22:00,4.033
08/07/2023,23:00,3.278
08/07/2023,24:00:00,2.689
09/07/2023,01:00,2.948
09/07/2023,02:00,3.514
09/07/2023,03:00,4.198
09/07/2023,04:00,4.623
09/07/2023,05:00,6.297
09/07/2023,06:00,7.217
09/07/2023,07:00,6.722
09/07/2023,08:00,7.217
09/07/2023,09:00,7.453
09/07/2023,10:00,6.061
09/07/2023,11:00,4.693
09/07/2023,12:00,4.929
09/07/2023,13:00,4.646
09/07/2023,14:00,4.481
09/07/2023,15:00,4.104
09/07/2023,16:00,3.844
09/07/2023,17:00,4.882
09/07/2023,18:00,4.481
09/07/2023,19:00,3.561
09/07/2023,20:00,2.382
09/07/2023,21:00,2.453
09/07/2023,22:00,2.877
09/07/2023,23:00,3.349
09/07/2023,24:00:00,3.962
10/07/2023,01:00,4.245
10/07/2023,02:00,4.269
10/07/2023,03:00,4.764
10/07/2023,04:00,4.764
10/07/2023,05:00,5.189
10/07/2023,06:00,15.613
10/07/2023,07:00,5.778
10/07/2023,08:00,4.717
10/07/2023,09:00,4.552
10/07/2023,10:00,4.363
10/07/2023,11:00,4.623
10/07/2023,12:00,5.307
10/07/2023,13:00,5.047
10/07/2023,14:00,5
10/07/2023,15:00,4.953
10/07/2023,16:00,4.764
10/07/2023,17:00,4.292
10/07/2023,18:00,3.042
10/07/2023,19:00,2.83
10/07/2023,20:00,3.656
10/07/2023,21:00,4.41
10/07/2023,22:00,5.354
10/07/2023,23:00,5.448
10/07/2023,24:00:00,5.236
11/07/2023,01:00,5.873
11/07/2023,02:00,7.076
11/07/2023,03:00,3.915
11/07/2023,04:00,3.231
11/07/2023,05:00,3.491
11/07/2023,06:00,2.17
11/07/2023,07:00,1.722
11/07/2023,08:00,1.981
11/07/2023,09:00,3.042
11/07/2023,10:00,3.042
11/07/2023,11:00,2.736
11/07/2023,12:00,3.679
11/07/2023,13:00,3.844
11/07/2023,14:00,3.561
11/07/2023,15:00,4.741
11/07/2023,16:00,2.759
11/07/2023,17:00,2.571
11/07/2023,18:00,2.618
11/07/2023,19:00,2.783
11/07/2023,20:00,3.774
11/07/2023,21:00,2.877
11/07/2023,22:00,3.231
11/07/2023,23:00,3.774
11/07/2023,24:00:00,3.609
12/07/2023,01:00,3.892
12/07/2023,02:00,5.259
12/07/2023,03:00,5.448
12/07/2023,04:00,3.939
12/07/2023,05:00,4.269
12/07/2023,06:00,10.236
12/07/2023,07:00,5.283
12/07/2023,08:00,4.835
12/07/2023,09:00,3.774
12/07/2023,10:00,3.184
12/07/2023,11:00,4.222
12/07/2023,12:00,3.585
12/07/2023,13:00,2.901
12/07/2023,14:00,3.656
12/07/2023,15:00,4.127
12/07/2023,16:00,3.632
12/07/2023,17:00,2.524
12/07/2023,18:00,2.712
12/07/2023,19:00,2.995
12/07/2023,20:00,2.901
12/07/2023,21:00,3.585
12/07/2023,22:00,3.255
12/07/2023,23:00,3.066
12/07/2023,24:00:00,3.396
13/07/2023,01:00,3.538
13/07/2023,02:00,3.656
13/07/2023,03:00,4.41
13/07/2023,04:00,5.59
13/07/2023,05:00,4.882
13/07/2023,06:00,4.882
13/07/2023,07:00,4.835
13/07/2023,08:00,4.292
13/07/2023,09:00,4.08
13/07/2023,10:00,4.646
13/07/2023,11:00,4.976
13/07/2023,12:00,5.259
13/07/2023,13:00,3.962
13/07/2023,14:00,3.726
13/07/2023,15:00,4.104
13/07/2023,16:00,3.514
13/07/2023,17:00,3.656
13/07/2023,18:00,3.538
13/07/2023,19:00,3.915
13/07/2023,20:00,3.844
13/07/2023,21:00,4.552
13/07/2023,22:00,6.226
13/07/2023,23:00,6.462
13/07/2023,24:00:00,7.099
14/07/2023,01:00,5.802
14/07/2023,02:00,4.906
14/07/2023,03:00,5.377
14/07/2023,04:00,5.873
14/07/2023,05:00,5.613
14/07/2023,06:00,7.076
14/07/2023,07:00,8.491
14/07/2023,08:00,9.222
14/07/2023,09:00,6.533
14/07/2023,10:00,5.189
14/07/2023,11:00,4.906
14/07/2023,12:00,3.962
14/07/2023,13:00,3.561
14/07/2023,14:00,4.104
14/07/2023,15:00,3.726
14/07/2023,16:00,3.561
14/07/2023,17:00,3.066
14/07/2023,18:00,2.877
14/07/2023,19:00,2.901
14/07/2023,20:00,2.854
14/07/2023,21:00,3.066
14/07/2023,22:00,5.024
14/07/2023,23:00,3.09
14/07/2023,24:00:00,4.08
15/07/2023,01:00,6.297
15/07/2023,02:00,4.41
15/07/2023,03:00,4.811
15/07/2023,04:00,9.528
15/07/2023,05:00,5.849
15/07/2023,06:00,6.816
15/07/2023,07:00,9.269
15/07/2023,08:00,7.359
15/07/2023,09:00,6.509
15/07/2023,10:00,4.882
15/07/2023,11:00,2.429
15/07/2023,12:00,5.495
15/07/2023,13:00,2.359
15/07/2023,14:00,4.175
15/07/2023,15:00,3.939
15/07/2023,16:00,2.359
15/07/2023,17:00,3.821
15/07/2023,18:00,2.665
15/07/2023,19:00,2.594
15/07/2023,20:00,2.264
15/07/2023,21:00,2.005
15/07/2023,22:00,2.288
15/07/2023,23:00,2.193
15/07/2023,24:00:00,2.241
16/07/2023,01:00,2.241
16/07/2023,02:00,1.91
16/07/2023,03:00,1.109
16/07/2023,04:00,1.698
16/07/2023,05:00,2.736
16/07/2023,06:00,2.217
16/07/2023,07:00,3.443
16/07/2023,08:00,3.609
16/07/2023,09:00,3.844
16/07/2023,10:00,3.538
16/07/2023,11:00,3.184
16/07/2023,12:00,2.995
16/07/2023,13:00,2.618
16/07/2023,14:00,2.594
16/07/2023,15:00,2.429
16/07/2023,16:00,2.075
16/07/2023,17:00,1.651
16/07/2023,18:00,2.382
16/07/2023,19:00,1.981
16/07/2023,20:00,3.514
16/07/2023,21:00,3.042
16/07/2023,22:00,3.231
16/07/2023,23:00,3.491
16/07/2023,24:00:00,4.009
17/07/2023,01:00,5.66
17/07/2023,02:00,3.986
17/07/2023,03:00,3.585
17/07/2023,04:00,8.019
17/07/2023,05:00,9.293
17/07/2023,06:00,4.34
17/07/2023,07:00,5
17/07/2023,08:00,5.708
17/07/2023,09:00,4.599
17/07/2023,10:00,4.033
17/07/2023,11:00,1.91
17/07/2023,12:00,2.689
17/07/2023,13:00,2.241
17/07/2023,14:00,2.359
17/07/2023,15:00,2.476
17/07/2023,16:00,2.146
17/07/2023,17:00,1.981
17/07/2023,18:00,2.241
17/07/2023,19:00,2.359
17/07/2023,20:00,2.264
17/07/2023,21:00,3.231
17/07/2023,22:00,2.925
17/07/2023,23:00,3.75
17/07/2023,24:00:00,4.599
18/07/2023,01:00,5.024
18/07/2023,02:00,4.198
18/07/2023,03:00,5.118
18/07/2023,04:00,4.764
18/07/2023,05:00,5.189
18/07/2023,06:00,7.83
18/07/2023,07:00,8.042
18/07/2023,08:00,4.481
18/07/2023,09:00,4.434
18/07/2023,10:00,3.939
18/07/2023,11:00,3.962
18/07/2023,12:00,2.854
18/07/2023,13:00,4.552
18/07/2023,14:00,5.92
18/07/2023,15:00,5.802
18/07/2023,16:00,7.17
18/07/2023,17:00,3.373
18/07/2023,18:00,5.236
18/07/2023,19:00,4.269
18/07/2023,20:00,3.703
18/07/2023,21:00,4.67
18/07/2023,22:00,5.236
18/07/2023,23:00,8.656
18/07/2023,24:00:00,6.486
19/07/2023,01:00,9.316
19/07/2023,02:00,5.354
19/07/2023,03:00,3.939
19/07/2023,04:00,4.458
19/07/2023,05:00,6.25
19/07/2023,06:00,7.17
19/07/2023,07:00,4.528
19/07/2023,08:00,2.972
19/07/2023,09:00,4.434
19/07/2023,10:00,4.316
19/07/2023,11:00,2.83
19/07/2023,12:00,1.675
19/07/2023,13:00,1.226
19/07/2023,14:00,1.179
19/07/2023,15:00,1.321
19/07/2023,16:00,1.486
19/07/2023,17:00,1.91
19/07/2023,18:00,2.193
19/07/2023,19:00,2.594
19/07/2023,20:00,2.618
19/07/2023,21:00,3.231
19/07/2023,22:00,4.245
19/07/2023,23:00,3.609
19/07/2023,24:00:00,3.892
20/07/2023,01:00,3.585
20/07/2023,02:00,3.208
20/07/2023,03:00,2.807
20/07/2023,04:00,3.609
20/07/2023,05:00,4.198
20/07/2023,06:00,4.906
20/07/2023,07:00,6.675
20/07/2023,08:00,8.585
20/07/2023,09:00,7.17
20/07/2023,10:00,7.123
20/07/2023,11:00,7.783
20/07/2023,12:00,7.948
20/07/2023,13:00,6.675
20/07/2023,14:00,5.047
20/07/2023,15:00,5.189
20/07/2023,16:00,5.165
20/07/2023,17:00,6.038
20/07/2023,18:00,6.368
20/07/2023,19:00,7.901
20/07/2023,20:00,8.962
20/07/2023,21:00,10.283
20/07/2023,22:00,9.693
20/07/2023,23:00,9.316
20/07/2023,24:00:00,9.033
21/07/2023,01:00,10.047
21/07/2023,02:00,9.245
21/07/2023,03:00,8.962
21/07/2023,04:00,6.863
21/07/2023,05:00,6.887
21/07/2023,06:00,5.896
21/07/2023,07:00,6.321
21/07/2023,08:00,7.948
21/07/2023,09:00,7.948
21/07/2023,10:00,7.288
21/07/2023,11:00,5.778
21/07/2023,12:00,6.745
21/07/2023,13:00,7.217
21/07/2023,14:00,5.991
21/07/2023,15:00,2.547
21/07/2023,16:00,2.925
21/07/2023,17:00,2.995
21/07/2023,18:00,2.948
21/07/2023,19:00,3.208
21/07/2023,20:00,3.797
21/07/2023,21:00,4.057
21/07/2023,22:00,3.255
21/07/2023,23:00,2.028
21/07/2023,24:00:00,2.382
22/07/2023,01:00,4.033
22/07/2023,02:00,2.901
22/07/2023,03:00,2.972
22/07/2023,04:00,2.736
22/07/2023,05:00,3.019
22/07/2023,06:00,3.656
22/07/2023,07:00,3.821
22/07/2023,08:00,4.646
22/07/2023,09:00,3.585
22/07/2023,10:00,3.632
22/07/2023,11:00,3.42
22/07/2023,12:00,2.335
22/07/2023,13:00,2.288
22/07/2023,14:00,1.84
22/07/2023,15:00,1.297
22/07/2023,16:00,0.731
22/07/2023,17:00,0.755
22/07/2023,18:00,0.802
22/07/2023,19:00,0.92
22/07/2023,20:00,1.651
22/07/2023,21:00,2.429
22/07/2023,22:00,2.17
22/07/2023,23:00,1.722
22/07/2023,24:00:00,1.226
23/07/2023,01:00,1.038
23/07/2023,02:00,0.896
23/07/2023,03:00,0.896
23/07/2023,04:00,0.967
23/07/2023,05:00,1.25
23/07/2023,06:00,1.439
23/07/2023,07:00,1.675
23/07/2023,08:00,1.203
23/07/2023,09:00,0.66
23/07/2023,10:00,0.991
23/07/2023,11:00,1.061
23/07/2023,12:00,0.684
23/07/2023,13:00,0.613
23/07/2023,14:00,0.684
23/07/2023,15:00,0.708
23/07/2023,16:00,0.825
23/07/2023,17:00,1.132
23/07/2023,18:00,0.755
23/07/2023,19:00,1.132
23/07/2023,20:00,1.557
23/07/2023,21:00,1.226
23/07/2023,22:00,1.226
23/07/2023,23:00,1.226
23/07/2023,24:00:00,1.604
24/07/2023,01:00,2.241
24/07/2023,02:00,2.406
24/07/2023,03:00,2.264
24/07/2023,04:00,2.406
24/07/2023,05:00,4.198
24/07/2023,06:00,4.575
24/07/2023,07:00,4.693
24/07/2023,08:00,3.821
24/07/2023,09:00,4.599
24/07/2023,10:00,4.693
24/07/2023,11:00,4.245
24/07/2023,12:00,3.821
24/07/2023,13:00,3.892
24/07/2023,14:00,3.491
24/07/2023,15:00,3.278
24/07/2023,16:00,3.491
24/07/2023,17:00,4.481
24/07/2023,18:00,4.552
24/07/2023,19:00,4.033
24/07/2023,20:00,5.613
24/07/2023,21:00,6.745
24/07/2023,22:00,3.467
24/07/2023,23:00,3.467
24/07/2023,24:00:00,3.915
25/07/2023,01:00,2.925
25/07/2023,02:00,3.16
25/07/2023,03:00,2.901
25/07/2023,04:00,2.83
25/07/2023,05:00,3.42
25/07/2023,06:00,4.009
25/07/2023,07:00,2.571
25/07/2023,08:00,2.288
25/07/2023,09:00,1.934
25/07/2023,10:00,2.288
25/07/2023,11:00,2.193
25/07/2023,12:00,2.052
25/07/2023,13:00,2.241
25/07/2023,14:00,2.123
25/07/2023,15:00,3.609
25/07/2023,16:00,3.868
25/07/2023,17:00,4.552
25/07/2023,18:00,4.788
25/07/2023,19:00,5.071
25/07/2023,20:00,5.307
25/07/2023,21:00,4.741
25/07/2023,22:00,4.434
25/07/2023,23:00,4.693
25/07/2023,24:00:00,5.165
26/07/2023,01:00,5.637
26/07/2023,02:00,5.59
26/07/2023,03:00,5.377
26/07/2023,04:00,5.849
26/07/2023,05:00,5.896
26/07/2023,06:00,7.359
26/07/2023,07:00,7.571
26/07/2023,08:00,6.604
26/07/2023,09:00,5.708
26/07/2023,10:00,5.165
26/07/2023,11:00,5.307
26/07/2023,12:00,4.552
26/07/2023,13:00,4.599
26/07/2023,14:00,5.118
26/07/2023,15:00,4.882
26/07/2023,16:00,5.637
26/07/2023,17:00,4.859
26/07/2023,18:00,5.024
26/07/2023,19:00,5.731
26/07/2023,20:00,4.976
26/07/2023,21:00,4.528
26/07/2023,22:00,3.42
26/07/2023,23:00,2.359
26/07/2023,24:00:00,2.854
27/07/2023,01:00,2.193
27/07/2023,02:00,0.943
27/07/2023,03:00,1.061
27/07/2023,04:00,1.226
27/07/2023,05:00,1.84
27/07/2023,06:00,2.146
27/07/2023,07:00,2.052
27/07/2023,08:00,3.042
27/07/2023,09:00,1.25
27/07/2023,10:00,1.321
27/07/2023,11:00,1.533
27/07/2023,12:00,1.627
27/07/2023,13:00,1.958
27/07/2023,14:00,1.722
27/07/2023,15:00,1.321
27/07/2023,16:00,1.651
27/07/2023,17:00,2.028
27/07/2023,18:00,2.123
27/07/2023,19:00,2.429
27/07/2023,20:00,2.241
27/07/2023,21:00,2.359
27/07/2023,22:00,11.486
27/07/2023,23:00,3.255
27/07/2023,24:00:00,2.689
28/07/2023,01:00,3.844
28/07/2023,02:00,3.774
28/07/2023,03:00,3.632
28/07/2023,04:00,4.552
28/07/2023,05:00,5.613
28/07/2023,06:00,7.217
28/07/2023,07:00,3.703
28/07/2023,08:00,3.373
28/07/2023,09:00,3.208
28/07/2023,10:00,2.406
28/07/2023,11:00,2.5
28/07/2023,12:00,2.83
28/07/2023,13:00,3.915
28/07/2023,14:00,3.868
28/07/2023,15:00,3.609
28/07/2023,16:00,2.712
28/07/2023,17:00,2.264
28/07/2023,18:00,2.099
28/07/2023,19:00,2.618
28/07/2023,20:00,2.972
28/07/2023,21:00,2.241
28/07/2023,22:00,2.075
28/07/2023,23:00,1.58
28/07/2023,24:00:00,1.816
29/07/2023,01:00,2.005
29/07/2023,02:00,2.17
29/07/2023,03:00,2.217
29/07/2023,04:00,2.359
29/07/2023,05:00,2.925
29/07/2023,06:00,3.75
29/07/2023,07:00,4.009
29/07/2023,08:00,3.467
29/07/2023,09:00,3.656
29/07/2023,10:00,3.349
29/07/2023,11:00,4.292
29/07/2023,12:00,3.561
29/07/2023,13:00,4.67
29/07/2023,14:00,3.703
29/07/2023,15:00,2.783
29/07/2023,16:00,2.901
29/07/2023,17:00,2.925
29/07/2023,18:00,2.689
29/07/2023,19:00,3.373
29/07/2023,20:00,4.599
29/07/2023,21:00,4.67
29/07/2023,22:00,4.929
29/07/2023,23:00,5.283
29/07/2023,24:00:00,5.425
30/07/2023,01:00,5.637
30/07/2023,02:00,5.212
30/07/2023,03:00,4.269
30/07/2023,04:00,3.75
30/07/2023,05:00,2.972
30/07/2023,06:00,2.359
30/07/2023,07:00,2.83
30/07/2023,08:00,3.278
30/07/2023,09:00,3.019
30/07/2023,10:00,2.571
30/07/2023,11:00,2.005
30/07/2023,12:00,1.698
30/07/2023,13:00,1.698
30/07/2023,14:00,1.792
30/07/2023,15:00,2.618
30/07/2023,16:00,3.184
30/07/2023,17:00,3.09
30/07/2023,18:00,2.028
30/07/2023,19:00,1.84
30/07/2023,20:00,1.958
30/07/2023,21:00,1.321
30/07/2023,22:00,1.675
30/07/2023,23:00,1.675
30/07/2023,24:00:00,1.109
31/07/2023,01:00,1.109
31/07/2023,02:00,0.92
31/07/2023,03:00,0.802
31/07/2023,04:00,1.203
31/07/2023,05:00,2.311
31/07/2023,06:00,1.981
31/07/2023,07:00,2.429
31/07/2023,08:00,3.797
31/07/2023,09:00,5.024
31/07/2023,10:00,4.859
31/07/2023,11:00,4.269
31/07/2023,12:00,4.599
31/07/2023,13:00,4.552
31/07/2023,14:00,4.481
31/07/2023,15:00,4.316
31/07/2023,16:00,3.137
31/07/2023,17:00,1.226
31/07/2023,18:00,2.429
31/07/2023,19:00,2.618
31/07/2023,20:00,3.042
31/07/2023,21:00,2.712
31/07/2023,22:00,2.995
31/07/2023,23:00,3.467
31/07/2023,24:00:00,2.736
01/08/2023,01:00,2.406
01/08/2023,02:00,2.642
01/08/2023,03:00,2.335
01/08/2023,04:00,2.854
01/08/2023,05:00,2.972
01/08/2023,06:00,1.651
01/08/2023,07:00,3.113
01/08/2023,08:00,3.585
01/08/2023,09:00,3.491
01/08/2023,10:00,3.538
01/08/2023,11:00,3.514
01/08/2023,12:00,2.877
01/08/2023,13:00,2.712
01/08/2023,14:00,3.467
01/08/2023,15:00,3.184
01/08/2023,16:00,2.925
01/08/2023,17:00,3.396
01/08/2023,18:00,3.42
01/08/2023,19:00,3.844
01/08/2023,20:00,5.307
01/08/2023,21:00,6.486
01/08/2023,22:00,5.236
01/08/2023,23:00,5.92
01/08/2023,24:00:00,5.613
02/08/2023,01:00,4.175
02/08/2023,02:00,3.892
02/08/2023,03:00,3.703
02/08/2023,04:00,3.325
02/08/2023,05:00,4.505
02/08/2023,06:00,2.429
02/08/2023,07:00,2.311
02/08/2023,08:00,1.769
02/08/2023,09:00,1.297
02/08/2023,10:00,1.509
02/08/2023,11:00,1.156
02/08/2023,12:00,1.274
02/08/2023,13:00,2.5
02/08/2023,14:00,2.476
02/08/2023,15:00,1.156
02/08/2023,16:00,0.967
02/08/2023,17:00,2.264
02/08/2023,18:00,2.476
02/08/2023,19:00,2.594
02/08/2023,20:00,3.066
02/08/2023,21:00,4.363
02/08/2023,22:00,4.033
02/08/2023,23:00,5.377
02/08/2023,24:00:00,4.175
03/08/2023,01:00,4.34
03/08/2023,02:00,4.151
03/08/2023,03:00,3.561
03/08/2023,04:00,3.679
03/08/2023,05:00,2.901
03/08/2023,06:00,2.783
03/08/2023,07:00,2.736
03/08/2023,08:00,2.925
03/08/2023,09:00,2.547
03/08/2023,10:00,2.783
03/08/2023,11:00,2.382
03/08/2023,12:00,2.264
03/08/2023,13:00,2.453
03/08/2023,14:00,2.618
03/08/2023,15:00,2.382
03/08/2023,16:00,2.665
03/08/2023,17:00,2.972
03/08/2023,18:00,2.642
03/08/2023,19:00,4.363
03/08/2023,20:00,5.024
03/08/2023,21:00,5.142
03/08/2023,22:00,4.528
03/08/2023,23:00,4.599
03/08/2023,24:00:00,4.316
04/08/2023,01:00,4.575
04/08/2023,02:00,5.495
04/08/2023,03:00,5.094
04/08/2023,04:00,4.552
04/08/2023,05:00,4.552
04/08/2023,06:00,4.41
04/08/2023,07:00,4.198
04/08/2023,08:00,4.127
04/08/2023,09:00,2.594
04/08/2023,10:00,2.193
04/08/2023,11:00,1.91
04/08/2023,12:00,1.769
04/08/2023,13:00,2.642
04/08/2023,14:00,3.609
04/08/2023,15:00,3.915
04/08/2023,16:00,3.632
04/08/2023,17:00,3.656
04/08/2023,18:00,5.401
04/08/2023,19:00,6.557
04/08/2023,20:00,6.156
04/08/2023,21:00,6.132
04/08/2023,22:00,6.038
04/08/2023,23:00,5.778
04/08/2023,24:00:00,5.566
05/08/2023,01:00,5.59
05/08/2023,02:00,5.472
05/08/2023,03:00,5.613
05/08/2023,04:00,5.472
05/08/2023,05:00,5.943
05/08/2023,06:00,7.807
05/08/2023,07:00,7.123
05/08/2023,08:00,6.557
05/08/2023,09:00,6.061
05/08/2023,10:00,4.363
05/08/2023,11:00,3.703
05/08/2023,12:00,3.373
05/08/2023,13:00,3.561
05/08/2023,14:00,3.679
05/08/2023,15:00,3.184
05/08/2023,16:00,3.962
05/08/2023,17:00,3.231
05/08/2023,18:00,2.618
05/08/2023,19:00,2.759
05/08/2023,20:00,2.288
05/08/2023,21:00,3.42
05/08/2023,22:00,4.033
05/08/2023,23:00,4.009
05/08/2023,24:00:00,3.726
06/08/2023,01:00,3.349
06/08/2023,02:00,3.349
06/08/2023,03:00,3.585
06/08/2023,04:00,3.915
06/08/2023,05:00,3.373
06/08/2023,06:00,3.137
06/08/2023,07:00,2.925
06/08/2023,08:00,2.594
06/08/2023,09:00,2.524
06/08/2023,10:00,2.524
06/08/2023,11:00,2.547
06/08/2023,12:00,2.524
06/08/2023,13:00,2.453
06/08/2023,14:00,2.476
06/08/2023,15:00,4.175
06/08/2023,16:00,7.382
06/08/2023,17:00,4.245
06/08/2023,18:00,2.948
06/08/2023,19:00,2.476
06/08/2023,20:00,2.193
06/08/2023,21:00,2.689
06/08/2023,22:00,3.184
06/08/2023,23:00,3.396
06/08/2023,24:00:00,2.783
07/08/2023,01:00,2.594
07/08/2023,02:00,2.665
07/08/2023,03:00,2.618
07/08/2023,04:00,2.429
07/08/2023,05:00,2.193
07/08/2023,06:00,2.217
07/08/2023,07:00,2.335
07/08/2023,08:00,2.571
07/08/2023,09:00,3.042
07/08/2023,10:00,3.042
07/08/2023,11:00,3.396
07/08/2023,12:00,3.042
07/08/2023,13:00,3.726
07/08/2023,14:00,3.868
07/08/2023,15:00,2.877
07/08/2023,16:00,2.311
07/08/2023,17:00,2.241
07/08/2023,18:00,2.311
07/08/2023,19:00,2.193
07/08/2023,20:00,2.453
07/08/2023,21:00,2.594
07/08/2023,22:00,2.594
07/08/2023,23:00,2.429
07/08/2023,24:00:00,2.288
08/08/2023,01:00,2.052
08/08/2023,02:00,1.934
08/08/2023,03:00,1.533
08/08/2023,04:00,2.099
08/08/2023,05:00,2.901
08/08/2023,06:00,3.939
08/08/2023,07:00,4.528
08/08/2023,08:00,3.632
08/08/2023,09:00,3.113
08/08/2023,10:00,2.359
08/08/2023,11:00,2.288
08/08/2023,12:00,2.476
08/08/2023,13:00,2.83
08/08/2023,14:00,3.42
08/08/2023,15:00,1.675
08/08/2023,16:00,1.58
08/08/2023,17:00,1.604
08/08/2023,18:00,2.217
08/08/2023,19:00,1.675
08/08/2023,20:00,2.925
08/08/2023,21:00,3.373
08/08/2023,22:00,2.665
08/08/2023,23:00,2.17
08/08/2023,24:00:00,2.476
09/08/2023,01:00,2.146
09/08/2023,02:00,2.288
09/08/2023,03:00,2.594
09/08/2023,04:00,2.547
09/08/2023,05:00,3.75
09/08/2023,06:00,4.151
09/08/2023,07:00,3.019
09/08/2023,08:00,2.759
09/08/2023,09:00,3.137
09/08/2023,10:00,3.561
09/08/2023,11:00,3.042
09/08/2023,12:00,3.066
09/08/2023,13:00,3.255
09/08/2023,14:00,3.184
09/08/2023,15:00,3.113
09/08/2023,16:00,2.712
09/08/2023,17:00,3.113
09/08/2023,18:00,4.316
09/08/2023,19:00,5
09/08/2023,20:00,4.41
09/08/2023,21:00,5.118
09/08/2023,22:00,9.198
09/08/2023,23:00,8.962
09/08/2023,24:00:00,7.17
10/08/2023,01:00,8.208
10/08/2023,02:00,9.646
10/08/2023,03:00,7.547
10/08/2023,04:00,7.901
10/08/2023,05:00,8.184
10/08/2023,06:00,10.236
10/08/2023,07:00,13.208
10/08/2023,08:00,12.146
10/08/2023,09:00,5.943
10/08/2023,10:00,4.009
10/08/2023,11:00,4.198
10/08/2023,12:00,5.236
10/08/2023,13:00,
10/08/2023,14:00,4.371
10/08/2023,15:00,5.425
10/08/2023,16:00,5.613
10/08/2023,17:00,4.245
10/08/2023,18:00,5.472
10/08/2023,19:00,11.25
10/08/2023,20:00,6.368
10/08/2023,21:00,15.212
10/08/2023,22:00,10.425
10/08/2023,23:00,7.005
10/08/2023,24:00:00,6.061
11/08/2023,01:00,6.297
11/08/2023,02:00,8.255
11/08/2023,03:00,6.769
11/08/2023,04:00,6.132
11/08/2023,05:00,5.024
11/08/2023,06:00,4.41
11/08/2023,07:00,4.269
11/08/2023,08:00,4.717
11/08/2023,09:00,6.792
11/08/2023,10:00,7.877
11/08/2023,11:00,6.792
11/08/2023,12:00,6.651
11/08/2023,13:00,6.58
11/08/2023,14:00,7.359
11/08/2023,15:00,7.854
11/08/2023,16:00,6.557
11/08/2023,17:00,6.91
11/08/2023,18:00,6.392
11/08/2023,19:00,5.967
11/08/2023,20:00,6.439
11/08/2023,21:00,7.123
11/08/2023,22:00,8.302
11/08/2023,23:00,6.722
11/08/2023,24:00:00,8.066
12/08/2023,01:00,6.887
12/08/2023,02:00,6.722
12/08/2023,03:00,7.406
12/08/2023,04:00,8.326
12/08/2023,05:00,8.184
12/08/2023,06:00,8.986
12/08/2023,07:00,7.642
12/08/2023,08:00,5.755
12/08/2023,09:00,7.5
12/08/2023,10:00,6.722
12/08/2023,11:00,6.179
12/08/2023,12:00,7.335
12/08/2023,13:00,4.222
12/08/2023,14:00,3.373
12/08/2023,15:00,2.783
12/08/2023,16:00,2.359
12/08/2023,17:00,1.958
12/08/2023,18:00,2.429
12/08/2023,19:00,2.429
12/08/2023,20:00,2.736
12/08/2023,21:00,4.906
12/08/2023,22:00,2.83
12/08/2023,23:00,2.359
12/08/2023,24:00:00,1.698
13/08/2023,01:00,1.722
13/08/2023,02:00,2.594
13/08/2023,03:00,3.679
13/08/2023,04:00,3.019
13/08/2023,05:00,2.665
13/08/2023,06:00,2.877
13/08/2023,07:00,4.67
13/08/2023,08:00,4.08
13/08/2023,09:00,2.382
13/08/2023,10:00,2.052
13/08/2023,11:00,1.84
13/08/2023,12:00,1.533
13/08/2023,13:00,1.439
13/08/2023,14:00,1.722
13/08/2023,15:00,2.241
13/08/2023,16:00,2.028
13/08/2023,17:00,2.099
13/08/2023,18:00,2.406
13/08/2023,19:00,3.137
13/08/2023,20:00,3.325
13/08/2023,21:00,3.349
13/08/2023,22:00,5.566
13/08/2023,23:00,5.071
13/08/2023,24:00:00,4.623
14/08/2023,01:00,5
14/08/2023,02:00,6.722
14/08/2023,03:00,5.684
14/08/2023,04:00,4.693
14/08/2023,05:00,5.684
14/08/2023,06:00,6.816
14/08/2023,07:00,7.476
14/08/2023,08:00,3.585
14/08/2023,09:00,5.33
14/08/2023,10:00,5.118
14/08/2023,11:00,4.033
14/08/2023,12:00,5.307
14/08/2023,13:00,3.915
14/08/2023,14:00,4.623
14/08/2023,15:00,5.943
14/08/2023,16:00,4.316
14/08/2023,17:00,9.623
14/08/2023,18:00,3.184
14/08/2023,19:00,1.651
14/08/2023,20:00,1.179
14/08/2023,21:00,2.099
14/08/2023,22:00,3.066
14/08/2023,23:00,4.788
14/08/2023,24:00:00,4.41
15/08/2023,01:00,3.679
15/08/2023,02:00,3.585
15/08/2023,03:00,3.915
15/08/2023,04:00,3.726
15/08/2023,05:00,3.844
15/08/2023,06:00,4.057
15/08/2023,07:00,4.34
15/08/2023,08:00,3.184
15/08/2023,09:00,4.057
15/08/2023,10:00,3.042
15/08/2023,11:00,2.807
15/08/2023,12:00,2.767
15/08/2023,13:00,
15/08/2023,14:00,
15/08/2023,15:00,2.854
15/08/2023,16:00,3.113
15/08/2023,17:00,2.453
15/08/2023,18:00,1.958
15/08/2023,19:00,2.193
15/08/2023,20:00,2.759
15/08/2023,21:00,3.915
15/08/2023,22:00,3.679
15/08/2023,23:00,4.67
15/08/2023,24:00:00,3.16
16/08/2023,01:00,2.901
16/08/2023,02:00,3.042
16/08/2023,03:00,2.783
16/08/2023,04:00,3.491
16/08/2023,05:00,5.165
16/08/2023,06:00,5
16/08/2023,07:00,10.165
16/08/2023,08:00,4.976
16/08/2023,09:00,4.151
16/08/2023,10:00,3.137
16/08/2023,11:00,2.807
16/08/2023,12:00,2.594
16/08/2023,13:00,3.042
16/08/2023,14:00,3.302
16/08/2023,15:00,3.538
16/08/2023,16:00,3.538
16/08/2023,17:00,3.42
16/08/2023,18:00,3.703
16/08/2023,19:00,5.495
16/08/2023,20:00,6.509
16/08/2023,21:00,5.755
16/08/2023,22:00,9.127
16/08/2023,23:00,8.042
16/08/2023,24:00:00,10.92
17/08/2023,01:00,19.458
17/08/2023,02:00,23.892
17/08/2023,03:00,26.203
17/08/2023,04:00,23.043
17/08/2023,05:00,19.033
17/08/2023,06:00,15.142
17/08/2023,07:00,8.042
17/08/2023,08:00,5.401
17/08/2023,09:00,4.976
17/08/2023,10:00,4.505
17/08/2023,11:00,3.892
17/08/2023,12:00,3.443
17/08/2023,13:00,3.16
17/08/2023,14:00,3.231
17/08/2023,15:00,3.042
17/08/2023,16:00,2.948
17/08/2023,17:00,3.019
17/08/2023,18:00,3.726
17/08/2023,19:00,4.34
17/08/2023,20:00,4.741
17/08/2023,21:00,4.67
17/08/2023,22:00,3.703
17/08/2023,23:00,2.995
17/08/2023,24:00:00,2.5
18/08/2023,01:00,2.689
18/08/2023,02:00,2.783
18/08/2023,03:00,2.995
18/08/2023,04:00,3.443
18/08/2023,05:00,4.175
18/08/2023,06:00,5.495
18/08/2023,07:00,5.708
18/08/2023,08:00,8.986
18/08/2023,09:00,6.675
18/08/2023,10:00,5.448
18/08/2023,11:00,5.236
18/08/2023,12:00,4.292
18/08/2023,13:00,3.821
18/08/2023,14:00,4.033
18/08/2023,15:00,3.939
18/08/2023,16:00,3.137
18/08/2023,17:00,3.255
18/08/2023,18:00,3.396
18/08/2023,19:00,3.514
18/08/2023,20:00,3.514
18/08/2023,21:00,5.047
18/08/2023,22:00,5.425
18/08/2023,23:00,8.373
18/08/2023,24:00:00,10.826
19/08/2023,01:00,10.896
19/08/2023,02:00,13.679
19/08/2023,03:00,13.42
19/08/2023,04:00,9.363
19/08/2023,05:00,3.844
19/08/2023,06:00,4.269
19/08/2023,07:00,4.835
19/08/2023,08:00,4.245
19/08/2023,09:00,2.83
19/08/2023,10:00,2.075
19/08/2023,11:00,2.453
19/08/2023,12:00,2.311
19/08/2023,13:00,2.075
19/08/2023,14:00,1.863
19/08/2023,15:00,1.958
19/08/2023,16:00,2.524
19/08/2023,17:00,2.689
19/08/2023,18:00,2.759
19/08/2023,19:00,2.453
19/08/2023,20:00,2.712
19/08/2023,21:00,3.208
19/08/2023,22:00,3.137
19/08/2023,23:00,3.019
19/08/2023,24:00:00,3.066
20/08/2023,01:00,3.349
20/08/2023,02:00,3.278
20/08/2023,03:00,3.396
20/08/2023,04:00,3.373
20/08/2023,05:00,3.514
20/08/2023,06:00,3.821
20/08/2023,07:00,3.656
20/08/2023,08:00,3.797
20/08/2023,09:00,3.726
20/08/2023,10:00,3.42
20/08/2023,11:00,3.278
20/08/2023,12:00,3.42
20/08/2023,13:00,2.948
20/08/2023,14:00,3.656
20/08/2023,15:00,2.712
20/08/2023,16:00,2.547
20/08/2023,17:00,2.642
20/08/2023,18:00,2.925
20/08/2023,19:00,3.349
20/08/2023,20:00,4.363
20/08/2023,21:00,5.943
20/08/2023,22:00,4.929
20/08/2023,23:00,4.953
20/08/2023,24:00:00,4.646
21/08/2023,01:00,4.316
21/08/2023,02:00,4.528
21/08/2023,03:00,4.151
21/08/2023,04:00,3.844
21/08/2023,05:00,4.906
21/08/2023,06:00,4.599
21/08/2023,07:00,4.222
21/08/2023,08:00,4.528
21/08/2023,09:00,5.425
21/08/2023,10:00,5.236
21/08/2023,11:00,4.811
21/08/2023,12:00,4.151
21/08/2023,13:00,5
21/08/2023,14:00,5.142
21/08/2023,15:00,6.934
21/08/2023,16:00,5.283
21/08/2023,17:00,3.16
21/08/2023,18:00,2.5
21/08/2023,19:00,2.028
21/08/2023,20:00,2.547
21/08/2023,21:00,1.745
21/08/2023,22:00,1.604
21/08/2023,23:00,2.005
21/08/2023,24:00:00,1.84
22/08/2023,01:00,2.17
22/08/2023,02:00,2.925
22/08/2023,03:00,2.453
22/08/2023,04:00,2.335
22/08/2023,05:00,1.958
22/08/2023,06:00,2.83
22/08/2023,07:00,2.642
22/08/2023,08:00,3.491
22/08/2023,09:00,4.906
22/08/2023,10:00,4.104
22/08/2023,11:00,4.434
22/08/2023,12:00,
22/08/2023,13:00,4.363
22/08/2023,14:00,4.057
22/08/2023,15:00,3.632
22/08/2023,16:00,2.712
22/08/2023,17:00,2.524
22/08/2023,18:00,2.217
22/08/2023,19:00,2.406
22/08/2023,20:00,3.844
22/08/2023,21:00,6.745
22/08/2023,22:00,4.528
22/08/2023,23:00,4.859
22/08/2023,24:00:00,3.231
23/08/2023,01:00,3.609
23/08/2023,02:00,4.057
23/08/2023,03:00,4.387
23/08/2023,04:00,4.057
23/08/2023,05:00,4.599
23/08/2023,06:00,6.462
23/08/2023,07:00,8.396
23/08/2023,08:00,9.363
23/08/2023,09:00,9.552
23/08/2023,10:00,13.585
23/08/2023,11:00,7.925
23/08/2023,12:00,5.259
23/08/2023,13:00,4.316
23/08/2023,14:00,3.679
23/08/2023,15:00,2.618
23/08/2023,16:00,2.264
23/08/2023,17:00,4.057
23/08/2023,18:00,4.623
23/08/2023,19:00,4.835
23/08/2023,20:00,6.91
23/08/2023,21:00,5.66
23/08/2023,22:00,6.038
23/08/2023,23:00,3.561
23/08/2023,24:00:00,7.123
24/08/2023,01:00,6.958
24/08/2023,02:00,6.038
24/08/2023,03:00,6.344
24/08/2023,04:00,6.604
24/08/2023,05:00,10.189
24/08/2023,06:00,7.193
24/08/2023,07:00,6.179
24/08/2023,08:00,4.717
24/08/2023,09:00,3.467
24/08/2023,10:00,2.217
24/08/2023,11:00,3.019
24/08/2023,12:00,5.047
24/08/2023,13:00,2.948
24/08/2023,14:00,1.58
24/08/2023,15:00,3.231
24/08/2023,16:00,3.42
24/08/2023,17:00,3.113
24/08/2023,18:00,2.925
24/08/2023,19:00,2.948
24/08/2023,20:00,2.5
24/08/2023,21:00,3.066
24/08/2023,22:00,4.788
24/08/2023,23:00,4.033
24/08/2023,24:00:00,2.877
25/08/2023,01:00,4.316
25/08/2023,02:00,3.396
25/08/2023,03:00,2.783
25/08/2023,04:00,2.406
25/08/2023,05:00,4.009
25/08/2023,06:00,12.476
25/08/2023,07:00,7.972
25/08/2023,08:00,9.151
25/08/2023,09:00,3.75
25/08/2023,10:00,3.656
25/08/2023,11:00,3.349
25/08/2023,12:00,4.033
25/08/2023,13:00,4.104
25/08/2023,14:00,6.321
25/08/2023,15:00,5.259
25/08/2023,16:00,3.585
25/08/2023,17:00,2.665
25/08/2023,18:00,2.759
25/08/2023,19:00,2.783
25/08/2023,20:00,2.925
25/08/2023,21:00,3.75
25/08/2023,22:00,3.443
25/08/2023,23:00,2.901
25/08/2023,24:00:00,3.774
26/08/2023,01:00,3.585
26/08/2023,02:00,4.599
26/08/2023,03:00,4.528
26/08/2023,04:00,6.627
26/08/2023,05:00,5.991
26/08/2023,06:00,6.415
26/08/2023,07:00,5.401
26/08/2023,08:00,6.061
26/08/2023,09:00,3.632
26/08/2023,10:00,2.712
26/08/2023,11:00,3.585
26/08/2023,12:00,4.387
26/08/2023,13:00,3.915
26/08/2023,14:00,3.915
26/08/2023,15:00,3.09
26/08/2023,16:00,2.689
26/08/2023,17:00,2.288
26/08/2023,18:00,2.524
26/08/2023,19:00,2.689
26/08/2023,20:00,3.113
26/08/2023,21:00,5.024
26/08/2023,22:00,4.764
26/08/2023,23:00,4.009
26/08/2023,24:00:00,3.797
27/08/2023,01:00,3.255
27/08/2023,02:00,2.642
27/08/2023,03:00,2.783
27/08/2023,04:00,2.406
27/08/2023,05:00,2.146
27/08/2023,06:00,2.948
27/08/2023,07:00,3.396
27/08/2023,08:00,2.359
27/08/2023,09:00,1.132
27/08/2023,10:00,0.92
27/08/2023,11:00,1.014
27/08/2023,12:00,0.755
27/08/2023,13:00,1.203
27/08/2023,14:00,1.745
27/08/2023,15:00,1.58
27/08/2023,16:00,1.226
27/08/2023,17:00,1.91
27/08/2023,18:00,2.052
27/08/2023,19:00,2.642
27/08/2023,20:00,3.042
27/08/2023,21:00,3.609
27/08/2023,22:00,2.689
27/08/2023,23:00,2.005
27/08/2023,24:00:00,1.84
28/08/2023,01:00,1.84
28/08/2023,02:00,1.91
28/08/2023,03:00,2.17
28/08/2023,04:00,2.972
28/08/2023,05:00,2.524
28/08/2023,06:00,2.028
28/08/2023,07:00,1.675
28/08/2023,08:00,2.712
28/08/2023,09:00,3.255
28/08/2023,10:00,2.925
28/08/2023,11:00,2.264
28/08/2023,12:00,2.712
28/08/2023,13:00,2.453
28/08/2023,14:00,2.335
28/08/2023,15:00,2.382
28/08/2023,16:00,1.958
28/08/2023,17:00,2.075
28/08/2023,18:00,2.807
28/08/2023,19:00,2.783
28/08/2023,20:00,2.476
28/08/2023,21:00,2.783
28/08/2023,22:00,2.429
28/08/2023,23:00,3.042
28/08/2023,24:00:00,2.972
29/08/2023,01:00,2.476
29/08/2023,02:00,2.972
29/08/2023,03:00,3.538
29/08/2023,04:00,3.325
29/08/2023,05:00,2.547
29/08/2023,06:00,2.783
29/08/2023,07:00,3.561
29/08/2023,08:00,5.33
29/08/2023,09:00,7.123
29/08/2023,10:00,7.594
29/08/2023,11:00,7.382
29/08/2023,12:00,7.217
29/08/2023,13:00,6.651
29/08/2023,14:00,6.274
29/08/2023,15:00,7.005
29/08/2023,16:00,5.967
29/08/2023,17:00,5.094
29/08/2023,18:00,3.726
29/08/2023,19:00,4.599
29/08/2023,20:00,5.425
29/08/2023,21:00,6.675
29/08/2023,22:00,7.359
29/08/2023,23:00,6.321
29/08/2023,24:00:00,8.184
30/08/2023,01:00,3.609
30/08/2023,02:00,3.302
30/08/2023,03:00,3.16
30/08/2023,04:00,3.042
30/08/2023,05:00,2.83
30/08/2023,06:00,5.354
30/08/2023,07:00,3.373
30/08/2023,08:00,1.816
30/08/2023,09:00,1.816
30/08/2023,10:00,1.604
30/08/2023,11:00,1.745
30/08/2023,12:00,2.264
30/08/2023,13:00,1.769
30/08/2023,14:00,1.958
30/08/2023,15:00,1.934
30/08/2023,16:00,1.887
30/08/2023,17:00,1.981
30/08/2023,18:00,2.193
30/08/2023,19:00,2.901
30/08/2023,20:00,4.764
30/08/2023,21:00,5.495
30/08/2023,22:00,5.59
30/08/2023,23:00,3.726
30/08/2023,24:00:00,4.175
31/08/2023,01:00,4.104
31/08/2023,02:00,5.66
31/08/2023,03:00,3.962
31/08/2023,04:00,4.222
31/08/2023,05:00,4.245
31/08/2023,06:00,8.679
31/08/2023,07:00,6.816
31/08/2023,08:00,11.25
31/08/2023,09:00,9.458
31/08/2023,10:00,4.033
31/08/2023,11:00,4.151
31/08/2023,12:00,3.113
31/08/2023,13:00,3.585
31/08/2023,14:00,3.278
31/08/2023,15:00,3.231
31/08/2023,16:00,5.118
31/08/2023,17:00,5.259
31/08/2023,18:00,5.071
31/08/2023,19:00,5.542
31/08/2023,20:00,9.741
31/08/2023,21:00,6.958
31/08/2023,22:00,6.557
31/08/2023,23:00,6.203
31/08/2023,24:00:00,7.052
01/09/2023,01:00,7.146
01/09/2023,02:00,8.137
01/09/2023,03:00,12.005
01/09/2023,04:00,13.892
01/09/2023,05:00,14.599
01/09/2023,06:00,16.156
01/09/2023,07:00,16.25
01/09/2023,08:00,13.326
01/09/2023,09:00,9.222
01/09/2023,10:00,8.467
01/09/2023,11:00,5.377
01/09/2023,12:00,4.599
01/09/2023,13:00,4.175
01/09/2023,14:00,2.453
01/09/2023,15:00,3.443
01/09/2023,16:00,7.028
01/09/2023,17:00,4.835
01/09/2023,18:00,6.439
01/09/2023,19:00,6.745
01/09/2023,20:00,7.193
01/09/2023,21:00,5.684
01/09/2023,22:00,6.887
01/09/2023,23:00,14.623
01/09/2023,24:00:00,18.632
02/09/2023,01:00,17.547
02/09/2023,02:00,18.703
02/09/2023,03:00,19.057
02/09/2023,04:00,16.179
02/09/2023,05:00,15.59
02/09/2023,06:00,12.524
02/09/2023,07:00,11.769
02/09/2023,08:00,10.802
02/09/2023,09:00,7.076
02/09/2023,10:00,5.873
02/09/2023,11:00,4.882
02/09/2023,12:00,4.292
02/09/2023,13:00,4.67
02/09/2023,14:00,4.764
02/09/2023,15:00,4.269
02/09/2023,16:00,4.292
02/09/2023,17:00,3.726
02/09/2023,18:00,3.349
02/09/2023,19:00,4.41
02/09/2023,20:00,7.217
02/09/2023,21:00,7.948
02/09/2023,22:00,6.344
02/09/2023,23:00,5.024
02/09/2023,24:00:00,5.802
03/09/2023,01:00,6.462
03/09/2023,02:00,6.769
03/09/2023,03:00,6.934
03/09/2023,04:00,6.84
03/09/2023,05:00,6.863
03/09/2023,06:00,7.783
03/09/2023,07:00,8.986
03/09/2023,08:00,8.042
03/09/2023,09:00,7.5
03/09/2023,10:00,5.943
03/09/2023,11:00,4.882
03/09/2023,12:00,4.245
03/09/2023,13:00,3.868
03/09/2023,14:00,3.75
03/09/2023,15:00,3.726
03/09/2023,16:00,3.632
03/09/2023,17:00,4.009
03/09/2023,18:00,4.623
03/09/2023,19:00,5
03/09/2023,20:00,6.25
03/09/2023,21:00,10.189
03/09/2023,22:00,12.925
03/09/2023,23:00,11.722
03/09/2023,24:00:00,12.642
04/09/2023,01:00,12.028
04/09/2023,02:00,11.109
04/09/2023,03:00,8.703
04/09/2023,04:00,8.538
04/09/2023,05:00,9.693
04/09/2023,06:00,10.307
04/09/2023,07:00,13.043
04/09/2023,08:00,16.274
04/09/2023,09:00,12.877
04/09/2023,10:00,13.42
04/09/2023,11:00,10.094
04/09/2023,12:00,9.175
04/09/2023,13:00,5.967
04/09/2023,14:00,5.566
04/09/2023,15:00,5.849
04/09/2023,16:00,5.613
04/09/2023,17:00,5.566
04/09/2023,18:00,5.637
04/09/2023,19:00,5.826
04/09/2023,20:00,7.571
04/09/2023,21:00,8.208
04/09/2023,22:00,9.41
04/09/2023,23:00,15.967
04/09/2023,24:00:00,15.071
05/09/2023,01:00,12.901
05/09/2023,02:00,12.594
05/09/2023,03:00,12.453
05/09/2023,04:00,11.439
05/09/2023,05:00,13.844
05/09/2023,06:00,15.991
05/09/2023,07:00,21.368
05/09/2023,08:00,26.84
05/09/2023,09:00,24.764
05/09/2023,10:00,27.288
05/09/2023,11:00,18.656
05/09/2023,12:00,8.349
05/09/2023,13:00,7.099
05/09/2023,14:00,6.604
05/09/2023,15:00,4.741
05/09/2023,16:00,5.354
05/09/2023,17:00,5.142
05/09/2023,18:00,5.071
05/09/2023,19:00,7.665
05/09/2023,20:00,9.057
05/09/2023,21:00,10.826
05/09/2023,22:00,11.392
05/09/2023,23:00,11.722
05/09/2023,24:00:00,14.316
06/09/2023,01:00,15.307
06/09/2023,02:00,20.283
06/09/2023,03:00,23.137
06/09/2023,04:00,24.458
06/09/2023,05:00,23.561
06/09/2023,06:00,20.684
06/09/2023,07:00,25.33
06/09/2023,08:00,28.561
06/09/2023,09:00,28.514
06/09/2023,10:00,28.019
06/09/2023,11:00,24.882
06/09/2023,12:00,23.774
06/09/2023,13:00,22.311
06/09/2023,14:00,18.915
06/09/2023,15:00,13.113
06/09/2023,16:00,12.311
06/09/2023,17:00,11.462
06/09/2023,18:00,10.613
06/09/2023,19:00,13.962
06/09/2023,20:00,25.189
06/09/2023,21:00,35.047
06/09/2023,22:00,37.807
06/09/2023,23:00,21.439
06/09/2023,24:00:00,16.863
07/09/2023,01:00,35.519
07/09/2023,02:00,22.948
07/09/2023,03:00,19.646
07/09/2023,04:00,21.297
07/09/2023,05:00,21.344
07/09/2023,06:00,24.694
07/09/2023,07:00,26.203
07/09/2023,08:00,27.83
07/09/2023,09:00,24.67
07/09/2023,10:00,25.708
07/09/2023,11:00,17.783
07/09/2023,12:00,13.514
07/09/2023,13:00,11.368
07/09/2023,14:00,12.028
07/09/2023,15:00,11.109
07/09/2023,16:00,9.222
07/09/2023,17:00,11.179
07/09/2023,18:00,15.33
07/09/2023,19:00,11.486
07/09/2023,20:00,47.217
07/09/2023,21:00,28.75
07/09/2023,22:00,31.627
07/09/2023,23:00,28.561
07/09/2023,24:00:00,27.783
08/09/2023,01:00,30.896
08/09/2023,02:00,31.84
08/09/2023,03:00,29.033
08/09/2023,04:00,28.019
08/09/2023,05:00,30.425
08/09/2023,06:00,30.024
08/09/2023,07:00,32.83
08/09/2023,08:00,39.104
08/09/2023,09:00,37.382
08/09/2023,10:00,31.533
08/09/2023,11:00,28.892
08/09/2023,12:00,24.245
08/09/2023,13:00,20.896
08/09/2023,14:00,18.656
08/09/2023,15:00,16.25
08/09/2023,16:00,15.212
08/09/2023,17:00,16.156
08/09/2023,18:00,14.882
08/09/2023,19:00,16.226
08/09/2023,20:00,18.443
08/09/2023,21:00,19.693
08/09/2023,22:00,22.311
08/09/2023,23:00,23.844
08/09/2023,24:00:00,24.528
09/09/2023,01:00,25.967
09/09/2023,02:00,26.203
09/09/2023,03:00,25.448
09/09/2023,04:00,23.915
09/09/2023,05:00,24.104
09/09/2023,06:00,23.986
09/09/2023,07:00,27.146
09/09/2023,08:00,27.194
09/09/2023,09:00,28.585
09/09/2023,10:00,27.547
09/09/2023,11:00,23.585
09/09/2023,12:00,22.642
09/09/2023,13:00,21.274
09/09/2023,14:00,18.514
09/09/2023,15:00,19.387
09/09/2023,16:00,16.958
09/09/2023,17:00,17.193
09/09/2023,18:00,15.755
09/09/2023,19:00,14.717
09/09/2023,20:00,14.481
09/09/2023,21:00,14.08
09/09/2023,22:00,14.151
09/09/2023,23:00,12.241
09/09/2023,24:00:00,12.453
10/09/2023,01:00,15.236
10/09/2023,02:00,14.552
10/09/2023,03:00,13.75
10/09/2023,04:00,11.793
10/09/2023,05:00,11.297
10/09/2023,06:00,10.307
10/09/2023,07:00,9.764
10/09/2023,08:00,10.991
10/09/2023,09:00,9.976
10/09/2023,10:00,11.132
10/09/2023,11:00,12.476
10/09/2023,12:00,14.34
10/09/2023,13:00,13.986
10/09/2023,14:00,13.892
10/09/2023,15:00,14.41
10/09/2023,16:00,17.76
10/09/2023,17:00,17.901
10/09/2023,18:00,18.16
10/09/2023,19:00,25.26
10/09/2023,20:00,24.576
10/09/2023,21:00,28.066
10/09/2023,22:00,26.745
10/09/2023,23:00,26.981
10/09/2023,24:00:00,24.387
11/09/2023,01:00,22.571
11/09/2023,02:00,19.835
11/09/2023,03:00,15.684
11/09/2023,04:00,12.783
11/09/2023,05:00,8.939
11/09/2023,06:00,6.958
11/09/2023,07:00,6.627
11/09/2023,08:00,8.208
11/09/2023,09:00,5.967
11/09/2023,10:00,6.84
11/09/2023,11:00,7.901
11/09/2023,12:00,8.019
11/09/2023,13:00,9.293
11/09/2023,14:00,8.137
11/09/2023,15:00,4.929
11/09/2023,16:00,5.071
11/09/2023,17:00,4.057
11/09/2023,18:00,3.986
11/09/2023,19:00,2.83
11/09/2023,20:00,4.08
11/09/2023,21:00,4.741
11/09/2023,22:00,4.859
11/09/2023,23:00,4.906
11/09/2023,24:00:00,4.08
12/09/2023,01:00,2.901
12/09/2023,02:00,2.689
12/09/2023,03:00,3.184
12/09/2023,04:00,2.123
12/09/2023,05:00,3.066
12/09/2023,06:00,2.736
12/09/2023,07:00,1.675
12/09/2023,08:00,1.698
12/09/2023,09:00,1.156
12/09/2023,10:00,1.745
12/09/2023,11:00,2.359
12/09/2023,12:00,1.604
12/09/2023,13:00,2.241
12/09/2023,14:00,2.335
12/09/2023,15:00,2.264
12/09/2023,16:00,2.146
12/09/2023,17:00,2.264
12/09/2023,18:00,3.019
12/09/2023,19:00,2.925
12/09/2023,20:00,3.113
12/09/2023,21:00,3.09
12/09/2023,22:00,3.726
12/09/2023,23:00,3.656
12/09/2023,24:00:00,3.538
13/09/2023,01:00,3.325
13/09/2023,02:00,3.42
13/09/2023,03:00,3.278
13/09/2023,04:00,3.184
13/09/2023,05:00,3.113
13/09/2023,06:00,2.948
13/09/2023,07:00,4.057
13/09/2023,08:00,5.519
13/09/2023,09:00,3.821
13/09/2023,10:00,3.868
13/09/2023,11:00,3.962
13/09/2023,12:00,3.703
13/09/2023,13:00,4.269
13/09/2023,14:00,5
13/09/2023,15:00,5.495
13/09/2023,16:00,5.59
13/09/2023,17:00,7.17
13/09/2023,18:00,7.288
13/09/2023,19:00,6.557
13/09/2023,20:00,6.604
13/09/2023,21:00,9.717
13/09/2023,22:00,8.208
13/09/2023,23:00,9.033
13/09/2023,24:00:00,8.585
14/09/2023,01:00,9.976
14/09/2023,02:00,5.377
14/09/2023,03:00,7.146
14/09/2023,04:00,3.797
14/09/2023,05:00,3.656
14/09/2023,06:00,5.566
14/09/2023,07:00,4.434
14/09/2023,08:00,5.731
14/09/2023,09:00,3.208
14/09/2023,10:00,4.882
14/09/2023,11:00,7.359
14/09/2023,12:00,6.91
14/09/2023,13:00,2.736
14/09/2023,14:00,4.033
14/09/2023,15:00,2.146
14/09/2023,16:00,2.146
14/09/2023,17:00,4.08
14/09/2023,18:00,5.542
14/09/2023,19:00,6.981
14/09/2023,20:00,6.745
14/09/2023,21:00,7.524
14/09/2023,22:00,8.962
14/09/2023,23:00,15.943
14/09/2023,24:00:00,11.745
15/09/2023,01:00,8.75
15/09/2023,02:00,6.344
15/09/2023,03:00,7.571
15/09/2023,04:00,8.844
15/09/2023,05:00,8.231
15/09/2023,06:00,8.538
15/09/2023,07:00,8.16
15/09/2023,08:00,9.057
15/09/2023,09:00,8.892
15/09/2023,10:00,6.675
15/09/2023,11:00,5.873
15/09/2023,12:00,6.156
15/09/2023,13:00,8.09
15/09/2023,14:00,5.637
15/09/2023,15:00,4.835
15/09/2023,16:00,6.981
15/09/2023,17:00,7.642
15/09/2023,18:00,7.877
15/09/2023,19:00,13.774
15/09/2023,20:00,56.533
15/09/2023,21:00,14.576
15/09/2023,22:00,14.505
15/09/2023,23:00,19.104
15/09/2023,24:00:00,20.778
16/09/2023,01:00,17.429
16/09/2023,02:00,18.632
16/09/2023,03:00,17.642
16/09/2023,04:00,12.052
16/09/2023,05:00,8.797
16/09/2023,06:00,4.198
16/09/2023,07:00,4.976
16/09/2023,08:00,4.835
16/09/2023,09:00,5.118
16/09/2023,10:00,7.052
16/09/2023,11:00,8.113
16/09/2023,12:00,7.783
16/09/2023,13:00,6.745
16/09/2023,14:00,6.368
16/09/2023,15:00,5.307
16/09/2023,16:00,4.552
16/09/2023,17:00,4.34
16/09/2023,18:00,3.915
16/09/2023,19:00,3.585
16/09/2023,20:00,3.255
16/09/2023,21:00,4.34
16/09/2023,22:00,4.882
16/09/2023,23:00,4.033
16/09/2023,24:00:00,4.151
17/09/2023,01:00,6.085
17/09/2023,02:00,8.75
17/09/2023,03:00,8.868
17/09/2023,04:00,9.127
17/09/2023,05:00,9.104
17/09/2023,06:00,11.179
17/09/2023,07:00,13.844
17/09/2023,08:00,12.901
17/09/2023,09:00,11.226
17/09/2023,10:00,8.326
17/09/2023,11:00,7.335
17/09/2023,12:00,6.769
17/09/2023,13:00,7.076
17/09/2023,14:00,7.83
17/09/2023,15:00,8.09
17/09/2023,16:00,8.019
17/09/2023,17:00,8.491
17/09/2023,18:00,8.609
17/09/2023,19:00,8.113
17/09/2023,20:00,8.538
17/09/2023,21:00,9.576
17/09/2023,22:00,10.849
17/09/2023,23:00,12.217
17/09/2023,24:00:00,13.066
18/09/2023,01:00,13.514
18/09/2023,02:00,15.448
18/09/2023,03:00,15.755
18/09/2023,04:00,17.5
18/09/2023,05:00,14.387
18/09/2023,06:00,12.571
18/09/2023,07:00,9.41
18/09/2023,08:00,4.481
18/09/2023,09:00,4.104
18/09/2023,10:00,3.986
18/09/2023,11:00,3.726
18/09/2023,12:00,2.925
18/09/2023,13:00,3.821
18/09/2023,14:00,2.17
18/09/2023,15:00,3.16
18/09/2023,16:00,4.292
18/09/2023,17:00,4.175
18/09/2023,18:00,4.057
18/09/2023,19:00,3.514
18/09/2023,20:00,2.901
18/09/2023,21:00,2.406
18/09/2023,22:00,2.948
18/09/2023,23:00,2.948
18/09/2023,24:00:00,3.113
19/09/2023,01:00,3.184
19/09/2023,02:00,3.656
19/09/2023,03:00,4.717
19/09/2023,04:00,4.906
19/09/2023,05:00,4.906
19/09/2023,06:00,5.448
19/09/2023,07:00,7.642
19/09/2023,08:00,7.123
19/09/2023,09:00,3.066
19/09/2023,10:00,1.698
19/09/2023,11:00,0.991
19/09/2023,12:00,0.896
19/09/2023,13:00,0.896
19/09/2023,14:00,1.604
19/09/2023,15:00,2.783
19/09/2023,16:00,3.986
19/09/2023,17:00,2.948
19/09/2023,18:00,2.123
19/09/2023,19:00,2.642
19/09/2023,20:00,3.231
19/09/2023,21:00,2.901
19/09/2023,22:00,3.042
19/09/2023,23:00,2.359
19/09/2023,24:00:00,2.241
20/09/2023,01:00,1.887
20/09/2023,02:00,2.099
20/09/2023,03:00,3.75
20/09/2023,04:00,4.033
20/09/2023,05:00,6.604
20/09/2023,06:00,7.146
20/09/2023,07:00,4.127
20/09/2023,08:00,7.925
20/09/2023,09:00,6.816
20/09/2023,10:00,8.774
20/09/2023,11:00,12.288
20/09/2023,12:00,5.212
20/09/2023,13:00,2.759
20/09/2023,14:00,2.524
20/09/2023,15:00,2.5
20/09/2023,16:00,2.854
20/09/2023,17:00,3.066
20/09/2023,18:00,2.5
20/09/2023,19:00,2.901
20/09/2023,20:00,3.679
20/09/2023,21:00,3.986
20/09/2023,22:00,3.467
20/09/2023,23:00,3.774
20/09/2023,24:00:00,3.962
21/09/2023,01:00,4.104
21/09/2023,02:00,4.387
21/09/2023,03:00,4.599
21/09/2023,04:00,9.151
21/09/2023,05:00,5.802
21/09/2023,06:00,6.132
21/09/2023,07:00,7.948
21/09/2023,08:00,7.759
21/09/2023,09:00,5.377
21/09/2023,10:00,5.401
21/09/2023,11:00,4.198
21/09/2023,12:00,4.34
21/09/2023,13:00,3.467
21/09/2023,14:00,4.127
21/09/2023,15:00,4.929
21/09/2023,16:00,1.958
21/09/2023,17:00,1.84
21/09/2023,18:00,2.241
21/09/2023,19:00,3.302
21/09/2023,20:00,3.656
21/09/2023,21:00,5.943
21/09/2023,22:00,4.552
21/09/2023,23:00,4.151
21/09/2023,24:00:00,3.986
22/09/2023,01:00,3.16
22/09/2023,02:00,3.255
22/09/2023,03:00,3.656
22/09/2023,04:00,4.033
22/09/2023,05:00,4.599
22/09/2023,06:00,6.745
22/09/2023,07:00,11.698
22/09/2023,08:00,8.019
22/09/2023,09:00,4.34
22/09/2023,10:00,4.104
22/09/2023,11:00,3.231
22/09/2023,12:00,3.16
22/09/2023,13:00,2.288
22/09/2023,14:00,1.557
22/09/2023,15:00,1.698
22/09/2023,16:00,1.061
22/09/2023,17:00,1.462
22/09/2023,18:00,1.91
22/09/2023,19:00,3.066
22/09/2023,20:00,3.137
22/09/2023,21:00,3.113
22/09/2023,22:00,2.854
22/09/2023,23:00,2.217
22/09/2023,24:00:00,2.311
23/09/2023,01:00,2.288
23/09/2023,02:00,2.335
23/09/2023,03:00,2.146
23/09/2023,04:00,2.524
23/09/2023,05:00,2.476
23/09/2023,06:00,2.311
23/09/2023,07:00,4.67
23/09/2023,08:00,3.349
23/09/2023,09:00,2.382
23/09/2023,10:00,2.712
23/09/2023,11:00,2.854
23/09/2023,12:00,2.948
23/09/2023,13:00,3.467
23/09/2023,14:00,2.807
23/09/2023,15:00,2.689
23/09/2023,16:00,3.09
23/09/2023,17:00,3.703
23/09/2023,18:00,5.448
23/09/2023,19:00,10.425
23/09/2023,20:00,9.458
23/09/2023,21:00,11.014
23/09/2023,22:00,9.811
23/09/2023,23:00,7.429
23/09/2023,24:00:00,12.901
24/09/2023,01:00,6.91
24/09/2023,02:00,6.226
24/09/2023,03:00,5.425
24/09/2023,04:00,8.396
24/09/2023,05:00,12.076
24/09/2023,06:00,4.481
24/09/2023,07:00,7.406
24/09/2023,08:00,7.925
24/09/2023,09:00,3.349
24/09/2023,10:00,7.618
24/09/2023,11:00,22.17
24/09/2023,12:00,9.811
24/09/2023,13:00,11.297
24/09/2023,14:00,13.609
24/09/2023,15:00,11.887
24/09/2023,16:00,8.774
24/09/2023,17:00,5.802
24/09/2023,18:00,7.925
24/09/2023,19:00,8.349
24/09/2023,20:00,7.193
24/09/2023,21:00,10.66
24/09/2023,22:00,8.255
24/09/2023,23:00,12.901
24/09/2023,24:00:00,2.736
25/09/2023,01:00,2.052
25/09/2023,02:00,2.5
25/09/2023,03:00,3.42
25/09/2023,04:00,4.316
25/09/2023,05:00,4.811
25/09/2023,06:00,5.142
25/09/2023,07:00,5.566
25/09/2023,08:00,5.92
25/09/2023,09:00,6.533
25/09/2023,10:00,7.335
25/09/2023,11:00,7.854
25/09/2023,12:00,6.84
25/09/2023,13:00,5.047
25/09/2023,14:00,6.675
25/09/2023,15:00,7.476
25/09/2023,16:00,6.675
25/09/2023,17:00,6.509
25/09/2023,18:00,11.745
25/09/2023,19:00,19.623
25/09/2023,20:00,16.274
25/09/2023,21:00,12.476
25/09/2023,22:00,18.868
25/09/2023,23:00,16.934
25/09/2023,24:00:00,14.859
26/09/2023,01:00,12.877
26/09/2023,02:00,9.623
26/09/2023,03:00,12.359
26/09/2023,04:00,11.84
26/09/2023,05:00,11.981
26/09/2023,06:00,12.524
26/09/2023,07:00,10.259
26/09/2023,08:00,11.344
26/09/2023,09:00,10.566
26/09/2023,10:00,10.094
26/09/2023,11:00,7.146
26/09/2023,12:00,4.882
26/09/2023,13:00,4.198
26/09/2023,14:00,5.33
26/09/2023,15:00,5.047
26/09/2023,16:00,4.811
26/09/2023,17:00,4.057
26/09/2023,18:00,41.745
26/09/2023,19:00,6.297
26/09/2023,20:00,6.109
26/09/2023,21:00,7.311
26/09/2023,22:00,6.132
26/09/2023,23:00,5.448
26/09/2023,24:00:00,5.802
27/09/2023,01:00,7.453
27/09/2023,02:00,5.708
27/09/2023,03:00,6.368
27/09/2023,04:00,5.873
27/09/2023,05:00,5.377
27/09/2023,06:00,7.995
27/09/2023,07:00,6.415
27/09/2023,08:00,8.042
27/09/2023,09:00,8.16
27/09/2023,10:00,7.524
27/09/2023,11:00,7.005
27/09/2023,12:00,6.439
27/09/2023,13:00,7.642
27/09/2023,14:00,7.759
27/09/2023,15:00,6.651
27/09/2023,16:00,6.368
27/09/2023,17:00,5.071
27/09/2023,18:00,4.41
27/09/2023,19:00,4.976
27/09/2023,20:00,11.085
27/09/2023,21:00,18.962
27/09/2023,22:00,8.09
27/09/2023,23:00,5.448
27/09/2023,24:00:00,2.075
28/09/2023,01:00,2.311
28/09/2023,02:00,1.722
28/09/2023,03:00,2.948
28/09/2023,04:00,3.915
28/09/2023,05:00,4.41
28/09/2023,06:00,4.41
28/09/2023,07:00,5.118
28/09/2023,08:00,6.061
28/09/2023,09:00,6.179
28/09/2023,10:00,6.344
28/09/2023,11:00,7.5
28/09/2023,12:00,8.042
28/09/2023,13:00,8.443
28/09/2023,14:00,9.387
28/09/2023,15:00,9.646
28/09/2023,16:00,12.83
28/09/2023,17:00,12.571
28/09/2023,18:00,10.708
28/09/2023,19:00,11.533
28/09/2023,20:00,10.991
28/09/2023,21:00,8.986
28/09/2023,22:00,7.948
28/09/2023,23:00,5.755
28/09/2023,24:00:00,8.09
29/09/2023,01:00,4.481
29/09/2023,02:00,3.892
29/09/2023,03:00,3.797
29/09/2023,04:00,4.292
29/09/2023,05:00,6.439
29/09/2023,06:00,7.948
29/09/2023,07:00,7.288
29/09/2023,08:00,7.453
29/09/2023,09:00,6.297
29/09/2023,10:00,5.613
29/09/2023,11:00,4.835
29/09/2023,12:00,4.458
29/09/2023,13:00,3.561
29/09/2023,14:00,3.255
29/09/2023,15:00,3.16
29/09/2023,16:00,3.609
29/09/2023,17:00,3.797
29/09/2023,18:00,4.528
29/09/2023,19:00,6.415
29/09/2023,20:00,7.547
29/09/2023,21:00,8.585
29/09/2023,22:00,6.274
29/09/2023,23:00,4.764
29/09/2023,24:00:00,4.057
30/09/2023,01:00,4.363
30/09/2023,02:00,4.316
30/09/2023,03:00,4.41
30/09/2023,04:00,4.41
30/09/2023,05:00,4.505
30/09/2023,06:00,4.953
30/09/2023,07:00,6.509
30/09/2023,08:00,6.863
30/09/2023,09:00,6.132
30/09/2023,10:00,4.41
30/09/2023,11:00,4.764
30/09/2023,12:00,4.67
30/09/2023,13:00,4.859
30/09/2023,14:00,5.495
30/09/2023,15:00,6.109
30/09/2023,16:00,5.401
30/09/2023,17:00,4.316
30/09/2023,18:00,4.434
30/09/2023,19:00,3.349
30/09/2023,20:00,2.524
30/09/2023,21:00,3.443
30/09/2023,22:00,4.646
30/09/2023,23:00,6.462
30/09/2023,24:00:00,7.642
01/10/2023,01:00,6.651
01/10/2023,02:00,4.175
01/10/2023,03:00,3.208
01/10/2023,04:00,2.712
01/10/2023,05:00,1.934
01/10/2023,06:00,1.533
01/10/2023,07:00,1.321
01/10/2023,08:00,1.061
01/10/2023,09:00,1.014
01/10/2023,10:00,0.896
01/10/2023,11:00,1.085
01/10/2023,12:00,2.005
01/10/2023,13:00,1.392
01/10/2023,14:00,0.943
01/10/2023,15:00,1.25
01/10/2023,16:00,1.392
01/10/2023,17:00,2.5
01/10/2023,18:00,2.311
01/10/2023,19:00,1.792
01/10/2023,20:00,3.278
01/10/2023,21:00,4.316
01/10/2023,22:00,5.542
01/10/2023,23:00,6.321
01/10/2023,24:00:00,7.311
02/10/2023,01:00,7.099
02/10/2023,02:00,7.217
02/10/2023,03:00,7.17
02/10/2023,04:00,7.759
02/10/2023,05:00,6.698
02/10/2023,06:00,7.665
02/10/2023,07:00,8.019
02/10/2023,08:00,8.75
02/10/2023,09:00,7.476
02/10/2023,10:00,7.359
02/10/2023,11:00,6.226
02/10/2023,12:00,6.085
02/10/2023,13:00,5.873
02/10/2023,14:00,7.406
02/10/2023,15:00,6.627
02/10/2023,16:00,5.094
02/10/2023,17:00,6.958
02/10/2023,18:00,7.311
02/10/2023,19:00,6.486
02/10/2023,20:00,4.505
02/10/2023,21:00,3.844
02/10/2023,22:00,4.245
02/10/2023,23:00,6.109
02/10/2023,24:00:00,6.321
03/10/2023,01:00,6.439
03/10/2023,02:00,4.269
03/10/2023,03:00,3.042
03/10/2023,04:00,3.325
03/10/2023,05:00,4.198
03/10/2023,06:00,5.118
03/10/2023,07:00,5.684
03/10/2023,08:00,4.859
03/10/2023,09:00,3.42
03/10/2023,10:00,3.632
03/10/2023,11:00,3.75
03/10/2023,12:00,4.316
03/10/2023,13:00,3.797
03/10/2023,14:00,3.231
03/10/2023,15:00,2.948
03/10/2023,16:00,3.349
03/10/2023,17:00,3.325
03/10/2023,18:00,3.726
03/10/2023,19:00,3.774
03/10/2023,20:00,4.434
03/10/2023,21:00,4.859
03/10/2023,22:00,5.448
03/10/2023,23:00,5.684
03/10/2023,24:00:00,5.896
04/10/2023,01:00,5.59
04/10/2023,02:00,5.59
04/10/2023,03:00,5.401
04/10/2023,04:00,4.976
04/10/2023,05:00,10.826
04/10/2023,06:00,3.609
04/10/2023,07:00,3.915
04/10/2023,08:00,4.953
04/10/2023,09:00,4.623
04/10/2023,10:00,5.354
04/10/2023,11:00,7.406
04/10/2023,12:00,7.288
04/10/2023,13:00,7.547
04/10/2023,14:00,9.009
04/10/2023,15:00,7.406
04/10/2023,16:00,6.156
04/10/2023,17:00,4.552
04/10/2023,18:00,4.34
04/10/2023,19:00,4.505
04/10/2023,20:00,4.292
04/10/2023,21:00,4.41
04/10/2023,22:00,4.67
04/10/2023,23:00,4.764
04/10/2023,24:00:00,4.859
05/10/2023,01:00,4.882
05/10/2023,02:00,4.835
05/10/2023,03:00,4.245
05/10/2023,04:00,4.151
05/10/2023,05:00,4.41
05/10/2023,06:00,4.127
05/10/2023,07:00,4.363
05/10/2023,08:00,4.316
05/10/2023,09:00,4.222
05/10/2023,10:00,4.151
05/10/2023,11:00,4.175
05/10/2023,12:00,3.939
05/10/2023,13:00,3.302
05/10/2023,14:00,3.042
05/10/2023,15:00,3.915
05/10/2023,16:00,4.292
05/10/2023,17:00,4.08
05/10/2023,18:00,4.292
05/10/2023,19:00,4.292
05/10/2023,20:00,4.08
05/10/2023,21:00,3.656
05/10/2023,22:00,2.948
05/10/2023,23:00,2.736
05/10/2023,24:00:00,2.123
06/10/2023,01:00,2.665
06/10/2023,02:00,2.005
06/10/2023,03:00,1.392
06/10/2023,04:00,1.557
06/10/2023,05:00,1.816
06/10/2023,06:00,1.604
06/10/2023,07:00,1.627
06/10/2023,08:00,1.769
06/10/2023,09:00,2.17
06/10/2023,10:00,2.642
06/10/2023,11:00,3.113
06/10/2023,12:00,3.396
06/10/2023,13:00,3.561
06/10/2023,14:00,2.995
06/10/2023,15:00,2.83
06/10/2023,16:00,2.359
06/10/2023,17:00,2.028
06/10/2023,18:00,1.863
06/10/2023,19:00,2.335
06/10/2023,20:00,3.208
06/10/2023,21:00,3.396
06/10/2023,22:00,2.571
06/10/2023,23:00,2.807
06/10/2023,24:00:00,1.321
07/10/2023,01:00,1.958
07/10/2023,02:00,2.83
07/10/2023,03:00,3.797
07/10/2023,04:00,4.175
07/10/2023,05:00,4.693
07/10/2023,06:00,5.495
07/10/2023,07:00,6.203
07/10/2023,08:00,7.193
07/10/2023,09:00,7.453
07/10/2023,10:00,8.514
07/10/2023,11:00,9.033
07/10/2023,12:00,9.34
07/10/2023,13:00,9.363
07/10/2023,14:00,9.363
07/10/2023,15:00,9.623
07/10/2023,16:00,10.142
07/10/2023,17:00,9.67
07/10/2023,18:00,9.717
07/10/2023,19:00,10.92
07/10/2023,20:00,13.75
07/10/2023,21:00,12.005
07/10/2023,22:00,12.406
07/10/2023,23:00,13.868
07/10/2023,24:00:00,14.08
08/10/2023,01:00,13.396
08/10/2023,02:00,11.297
08/10/2023,03:00,10
08/10/2023,04:00,9.859
08/10/2023,05:00,13.892
08/10/2023,06:00,14.764
08/10/2023,07:00,15.094
08/10/2023,08:00,15.236
08/10/2023,09:00,16.321
08/10/2023,10:00,11.509
08/10/2023,11:00,11.109
08/10/2023,12:00,12.311
08/10/2023,13:00,11.392
08/10/2023,14:00,11.274
08/10/2023,15:00,8.962
08/10/2023,16:00,5.377
08/10/2023,17:00,6.061
08/10/2023,18:00,7.217
08/10/2023,19:00,7.736
08/10/2023,20:00,11.344
08/10/2023,21:00,7.335
08/10/2023,22:00,5.826
08/10/2023,23:00,6.509
08/10/2023,24:00:00,6.769
09/10/2023,01:00,7.571
09/10/2023,02:00,6.816
09/10/2023,03:00,6.274
09/10/2023,04:00,6.462
09/10/2023,05:00,7.877
09/10/2023,06:00,10.377
09/10/2023,07:00,14.434
09/10/2023,08:00,17.618
09/10/2023,09:00,16.203
09/10/2023,10:00,10.212
09/10/2023,11:00,6.274
09/10/2023,12:00,5.755
09/10/2023,13:00,9.009
09/10/2023,14:00,8.255
09/10/2023,15:00,7.241
09/10/2023,16:00,6.557
09/10/2023,17:00,7.807
09/10/2023,18:00,16.109
09/10/2023,19:00,19.811
09/10/2023,20:00,20.708
09/10/2023,21:00,15.967
09/10/2023,22:00,15.448
09/10/2023,23:00,13.703
09/10/2023,24:00:00,13.113
10/10/2023,01:00,11.627
10/10/2023,02:00,11.651
10/10/2023,03:00,10.377
10/10/2023,04:00,9.387
10/10/2023,05:00,8.349
10/10/2023,06:00,8.396
10/10/2023,07:00,12.359
10/10/2023,08:00,14.646
10/10/2023,09:00,16.698
10/10/2023,10:00,10.943
10/10/2023,11:00,12.311
10/10/2023,12:00,12.594
10/10/2023,13:00,13.137
10/10/2023,14:00,13.302
10/10/2023,15:00,11.297
10/10/2023,16:00,9.693
10/10/2023,17:00,9.293
10/10/2023,18:00,8.231
10/10/2023,19:00,7.972
10/10/2023,20:00,8.491
10/10/2023,21:00,8.137
10/10/2023,22:00,5.92
10/10/2023,23:00,4.033
10/10/2023,24:00:00,2.618
11/10/2023,01:00,2.17
11/10/2023,02:00,2.311
11/10/2023,03:00,3.325
11/10/2023,04:00,3.278
11/10/2023,05:00,2.759
11/10/2023,06:00,3.137
11/10/2023,07:00,2.759
11/10/2023,08:00,3.915
11/10/2023,09:00,3.632
11/10/2023,10:00,2.854
11/10/2023,11:00,1.557
11/10/2023,12:00,1.297
11/10/2023,13:00,1.25
11/10/2023,14:00,1.462
11/10/2023,15:00,3.113
11/10/2023,16:00,2.406
11/10/2023,17:00,3.184
11/10/2023,18:00,9.528
11/10/2023,19:00,4.198
11/10/2023,20:00,5.566
11/10/2023,21:00,4.67
11/10/2023,22:00,4.764
11/10/2023,23:00,4.67
11/10/2023,24:00:00,4.693
12/10/2023,01:00,4.693
12/10/2023,02:00,3.962
12/10/2023,03:00,3.986
12/10/2023,04:00,4.057
12/10/2023,05:00,3.113
12/10/2023,06:00,4.434
12/10/2023,07:00,5.708
12/10/2023,08:00,8.326
12/10/2023,09:00,11.274
12/10/2023,10:00,7.972
12/10/2023,11:00,8.09
12/10/2023,12:00,5.849
12/10/2023,13:00,5.165
12/10/2023,14:00,5.024
12/10/2023,15:00,4.741
12/10/2023,16:00,4.481
12/10/2023,17:00,5.212
12/10/2023,18:00,6.792
12/10/2023,19:00,8.868
12/10/2023,20:00,10.802
12/10/2023,21:00,10.778
12/10/2023,22:00,11.368
12/10/2023,23:00,13.349
12/10/2023,24:00:00,15.283
13/10/2023,01:00,10.33
13/10/2023,02:00,5.118
13/10/2023,03:00,4.505
13/10/2023,04:00,4.151
13/10/2023,05:00,3.373
13/10/2023,06:00,2.972
13/10/2023,07:00,3.514
13/10/2023,08:00,6.533
13/10/2023,09:00,6.863
13/10/2023,10:00,4.387
13/10/2023,11:00,1.934
13/10/2023,12:00,0.967
13/10/2023,13:00,1.014
13/10/2023,14:00,1.344
13/10/2023,15:00,2.712
13/10/2023,16:00,4.175
13/10/2023,17:00,4.859
13/10/2023,18:00,5.425
13/10/2023,19:00,5.377
13/10/2023,20:00,5.259
13/10/2023,21:00,4.269
13/10/2023,22:00,3.703
13/10/2023,23:00,4.717
13/10/2023,24:00:00,6.038
14/10/2023,01:00,5.708
14/10/2023,02:00,6.132
14/10/2023,03:00,6.745
14/10/2023,04:00,5.118
14/10/2023,05:00,3.16
14/10/2023,06:00,3.113
14/10/2023,07:00,3.066
14/10/2023,08:00,2.618
14/10/2023,09:00,3.844
14/10/2023,10:00,4.764
14/10/2023,11:00,4.08
14/10/2023,12:00,4.387
14/10/2023,13:00,4.104
14/10/2023,14:00,3.16
14/10/2023,15:00,3.679
14/10/2023,16:00,2.335
14/10/2023,17:00,2.217
14/10/2023,18:00,2.429
14/10/2023,19:00,2.075
14/10/2023,20:00,2.618
14/10/2023,21:00,2.359
14/10/2023,22:00,2.948
14/10/2023,23:00,3.278
14/10/2023,24:00:00,3.467
15/10/2023,01:00,3.137
15/10/2023,02:00,3.09
15/10/2023,03:00,3.113
15/10/2023,04:00,3.042
15/10/2023,05:00,3.137
15/10/2023,06:00,2.901
15/10/2023,07:00,2.689
15/10/2023,08:00,2.712
15/10/2023,09:00,2.406
15/10/2023,10:00,2.17
15/10/2023,11:00,1.25
15/10/2023,12:00,1.415
15/10/2023,13:00,1.509
15/10/2023,14:00,1.627
15/10/2023,15:00,1.981
15/10/2023,16:00,2.241
15/10/2023,17:00,3.986
15/10/2023,18:00,12.311
15/10/2023,19:00,12.288
15/10/2023,20:00,5.165
15/10/2023,21:00,6.84
15/10/2023,22:00,9.222
15/10/2023,23:00,9.481
15/10/2023,24:00:00,10.236
16/10/2023,01:00,10.259
16/10/2023,02:00,9.646
16/10/2023,03:00,10.307
16/10/2023,04:00,8.585
16/10/2023,05:00,7.288
16/10/2023,06:00,7.382
16/10/2023,07:00,8.208
16/10/2023,08:00,13.184
16/10/2023,09:00,14.057
16/10/2023,10:00,11.604
16/10/2023,11:00,6.745
16/10/2023,12:00,4.41
16/10/2023,13:00,5.849
16/10/2023,14:00,4.458
16/10/2023,15:00,2.665
16/10/2023,16:00,4.127
16/10/2023,17:00,5.377
16/10/2023,18:00,7.241
16/10/2023,19:00,31.745
16/10/2023,20:00,22.193
16/10/2023,21:00,15.778
16/10/2023,22:00,16.863
16/10/2023,23:00,14.717
16/10/2023,24:00:00,12.948
17/10/2023,01:00,11.84
17/10/2023,02:00,12.736
17/10/2023,03:00,16.085
17/10/2023,04:00,14.033
17/10/2023,05:00,11.91
17/10/2023,06:00,10.755
17/10/2023,07:00,11.156
17/10/2023,08:00,18.326
17/10/2023,09:00,26.533
17/10/2023,10:00,30.165
17/10/2023,11:00,13.986
17/10/2023,12:00,3.703
17/10/2023,13:00,3.349
17/10/2023,14:00,3.302
17/10/2023,15:00,3.208
17/10/2023,16:00,3.184
17/10/2023,17:00,3.514
17/10/2023,18:00,3.373
17/10/2023,19:00,3.561
17/10/2023,20:00,3.656
17/10/2023,21:00,3.632
17/10/2023,22:00,4.481
17/10/2023,23:00,6.462
17/10/2023,24:00:00,4.033
18/10/2023,01:00,4.34
18/10/2023,02:00,4.599
18/10/2023,03:00,4.929
18/10/2023,04:00,5.873
18/10/2023,05:00,7.712
18/10/2023,06:00,6.533
18/10/2023,07:00,8.538
18/10/2023,08:00,10.566
18/10/2023,09:00,10.307
18/10/2023,10:00,6.745
18/10/2023,11:00,6.91
18/10/2023,12:00,7.217
18/10/2023,13:00,7.594
18/10/2023,14:00,7.854
18/10/2023,15:00,8.609
18/10/2023,16:00,8.443
18/10/2023,17:00,9.175
18/10/2023,18:00,9.976
18/10/2023,19:00,10.543
18/10/2023,20:00,10.826
18/10/2023,21:00,9.67
18/10/2023,22:00,7.665
18/10/2023,23:00,5.024
18/10/2023,24:00:00,2.288
19/10/2023,01:00,1.557
19/10/2023,02:00,1.038
19/10/2023,03:00,1.368
19/10/2023,04:00,1.226
19/10/2023,05:00,2.075
19/10/2023,06:00,3.255
19/10/2023,07:00,9.057
19/10/2023,08:00,5.118
19/10/2023,09:00,2.854
19/10/2023,10:00,4.08
19/10/2023,11:00,4.788
19/10/2023,12:00,6.203
19/10/2023,13:00,4.104
19/10/2023,14:00,4.387
19/10/2023,15:00,4.104
19/10/2023,16:00,4.222
19/10/2023,17:00,4.34
19/10/2023,18:00,4.764
19/10/2023,19:00,5.566
19/10/2023,20:00,5.943
19/10/2023,21:00,6.439
19/10/2023,22:00,6.368
19/10/2023,23:00,7.123
19/10/2023,24:00:00,6.439
20/10/2023,01:00,4.434
20/10/2023,02:00,3.632
20/10/2023,03:00,2.146
20/10/2023,04:00,1.745
20/10/2023,05:00,5.943
20/10/2023,06:00,3.939
20/10/2023,07:00,3.42
20/10/2023,08:00,3.939
20/10/2023,09:00,
20/10/2023,10:00,2.17
20/10/2023,11:00,1.91
20/10/2023,12:00,2.241
20/10/2023,13:00,1.91
20/10/2023,14:00,2.193
20/10/2023,15:00,2.335
20/10/2023,16:00,2.288
20/10/2023,17:00,2.571
20/10/2023,18:00,2.877
20/10/2023,19:00,2.099
20/10/2023,20:00,1.934
20/10/2023,21:00,1.392
20/10/2023,22:00,1.698
20/10/2023,23:00,2.83
20/10/2023,24:00:00,2.807
21/10/2023,01:00,2.571
21/10/2023,02:00,2.335
21/10/2023,03:00,2.571
21/10/2023,04:00,1.958
21/10/2023,05:00,1.462
21/10/2023,06:00,2.335
21/10/2023,07:00,1.509
21/10/2023,08:00,1.321
21/10/2023,09:00,1.604
21/10/2023,10:00,1.486
21/10/2023,11:00,1.132
21/10/2023,12:00,0.991
21/10/2023,13:00,1.014
21/10/2023,14:00,1.392
21/10/2023,15:00,1.486
21/10/2023,16:00,1.156
21/10/2023,17:00,1.84
21/10/2023,18:00,2.382
21/10/2023,19:00,3.467
21/10/2023,20:00,3.42
21/10/2023,21:00,2.995
21/10/2023,22:00,4.41
21/10/2023,23:00,5.708
21/10/2023,24:00:00,4.976
22/10/2023,01:00,5.684
22/10/2023,02:00,5.283
22/10/2023,03:00,3.113
22/10/2023,04:00,2.028
22/10/2023,05:00,1.792
22/10/2023,06:00,2.028
22/10/2023,07:00,2.406
22/10/2023,08:00,3.184
22/10/2023,09:00,2.972
22/10/2023,10:00,2.028
22/10/2023,11:00,1.509
22/10/2023,12:00,1.557
22/10/2023,13:00,1.816
22/10/2023,14:00,1.698
22/10/2023,15:00,1.769
22/10/2023,16:00,3.396
22/10/2023,17:00,6.981
22/10/2023,18:00,10.307
22/10/2023,19:00,5.495
22/10/2023,20:00,5.472
22/10/2023,21:00,6.321
22/10/2023,22:00,6.486
22/10/2023,23:00,7.028
22/10/2023,24:00:00,8.137
23/10/2023,01:00,8.774
23/10/2023,02:00,5.425
23/10/2023,03:00,3.774
23/10/2023,04:00,3.703
23/10/2023,05:00,4.34
23/10/2023,06:00,5.873
23/10/2023,07:00,7.382
23/10/2023,08:00,10.165
23/10/2023,09:00,11.179
23/10/2023,10:00,13.797
23/10/2023,11:00,15.425
23/10/2023,12:00,16.769
23/10/2023,13:00,13.16
23/10/2023,14:00,9.41
23/10/2023,15:00,11.84
23/10/2023,16:00,14.741
23/10/2023,17:00,16.109
23/10/2023,18:00,13.868
23/10/2023,19:00,6.934
23/10/2023,20:00,5.519
23/10/2023,21:00,6.698
23/10/2023,22:00,6.91
23/10/2023,23:00,6.745
23/10/2023,24:00:00,6.675
24/10/2023,01:00,8.538
24/10/2023,02:00,7.925
24/10/2023,03:00,8.09
24/10/2023,04:00,6.533
24/10/2023,05:00,6.344
24/10/2023,06:00,7.099
24/10/2023,07:00,9.057
24/10/2023,08:00,7.476
24/10/2023,09:00,6.509
24/10/2023,10:00,7.335
24/10/2023,11:00,3.726
24/10/2023,12:00,4.646
24/10/2023,13:00,3.797
24/10/2023,14:00,4.976
24/10/2023,15:00,3.514
24/10/2023,16:00,4.08
24/10/2023,17:00,4.198
24/10/2023,18:00,5.212
24/10/2023,19:00,7.028
24/10/2023,20:00,10.094
24/10/2023,21:00,8.915
24/10/2023,22:00,7.17
24/10/2023,23:00,6.203
24/10/2023,24:00:00,8.443
25/10/2023,01:00,7.925
25/10/2023,02:00,6.368
25/10/2023,03:00,6.533
25/10/2023,04:00,6.557
25/10/2023,05:00,4.741
25/10/2023,06:00,6.226
25/10/2023,07:00,9.387
25/10/2023,08:00,9.764
25/10/2023,09:00,10.755
25/10/2023,10:00,4.835
25/10/2023,11:00,1.509
25/10/2023,12:00,1.745
25/10/2023,13:00,1.344
25/10/2023,14:00,1.981
25/10/2023,15:00,3.75
25/10/2023,16:00,2.689
25/10/2023,17:00,3.821
25/10/2023,18:00,9.057
25/10/2023,19:00,10.943
25/10/2023,20:00,12.948
25/10/2023,21:00,11.368
25/10/2023,22:00,14.976
25/10/2023,23:00,11.368
25/10/2023,24:00:00,12.712
26/10/2023,01:00,11.863
26/10/2023,02:00,12.146
26/10/2023,03:00,12.311
26/10/2023,04:00,13.609
26/10/2023,05:00,14.033
26/10/2023,06:00,14.34
26/10/2023,07:00,13.302
26/10/2023,08:00,11.698
26/10/2023,09:00,10.283
26/10/2023,10:00,7.382
26/10/2023,11:00,4.835
26/10/2023,12:00,3.396
26/10/2023,13:00,4.033
26/10/2023,14:00,4.104
26/10/2023,15:00,4.363
26/10/2023,16:00,5.047
26/10/2023,17:00,5.967
26/10/2023,18:00,9.434
26/10/2023,19:00,13.844
26/10/2023,20:00,10.495
26/10/2023,21:00,10.377
26/10/2023,22:00,9.08
26/10/2023,23:00,10.684
26/10/2023,24:00:00,14.269
27/10/2023,01:00,13.679
27/10/2023,02:00,13.703
27/10/2023,03:00,13.184
27/10/2023,04:00,14.127
27/10/2023,05:00,14.741
27/10/2023,06:00,13.208
27/10/2023,07:00,10.613
27/10/2023,08:00,12.264
27/10/2023,09:00,16.25
27/10/2023,10:00,14.976
27/10/2023,11:00,14.646
27/10/2023,12:00,13.726
27/10/2023,13:00,13.726
27/10/2023,14:00,11.981
27/10/2023,15:00,9.269
27/10/2023,16:00,10.259
27/10/2023,17:00,5.59
27/10/2023,18:00,5.071
27/10/2023,19:00,8.986
27/10/2023,20:00,11.509
27/10/2023,21:00,12.429
27/10/2023,22:00,14.34
27/10/2023,23:00,11.769
27/10/2023,24:00:00,11.226
28/10/2023,01:00,11.156
28/10/2023,02:00,9.646
28/10/2023,03:00,7.476
28/10/2023,04:00,7.618
28/10/2023,05:00,5.566
28/10/2023,06:00,6.486
28/10/2023,07:00,7.406
28/10/2023,08:00,6.651
28/10/2023,09:00,6.958
28/10/2023,10:00,7.571
28/10/2023,11:00,8.939
28/10/2023,12:00,6.627
28/10/2023,13:00,6.745
28/10/2023,14:00,7.052
28/10/2023,15:00,6.109
28/10/2023,16:00,5.708
28/10/2023,17:00,5.542
28/10/2023,18:00,5.071
28/10/2023,19:00,6.203
28/10/2023,20:00,6.958
28/10/2023,21:00,6.439
28/10/2023,22:00,4.528
28/10/2023,23:00,3.325
28/10/2023,24:00:00,4.41
29/10/2023,01:00,5.873
29/10/2023,02:00,6.061
29/10/2023,03:00,5.519
29/10/2023,04:00,4.175
29/10/2023,05:00,2.524
29/10/2023,06:00,2.571
29/10/2023,07:00,3.019
29/10/2023,08:00,2.217
29/10/2023,09:00,2.665
29/10/2023,10:00,3.019
29/10/2023,11:00,3.325
29/10/2023,12:00,3.113
29/10/2023,13:00,3.184
29/10/2023,14:00,3.939
29/10/2023,15:00,3.986
29/10/2023,16:00,3.821
29/10/2023,17:00,6.769
29/10/2023,18:00,13.066
29/10/2023,19:00,7.759
29/10/2023,20:00,7.453
29/10/2023,21:00,8.679
29/10/2023,22:00,8.373
29/10/2023,23:00,10.212
29/10/2023,24:00:00,9.552
30/10/2023,01:00,8.585
30/10/2023,02:00,9.599
30/10/2023,03:00,7.83
30/10/2023,04:00,5.873
30/10/2023,05:00,4.788
30/10/2023,06:00,5.142
30/10/2023,07:00,5.943
30/10/2023,08:00,5.189
30/10/2023,09:00,6.368
30/10/2023,10:00,5.024
30/10/2023,11:00,5.094
30/10/2023,12:00,5.59
30/10/2023,13:00,5
30/10/2023,14:00,7.382
30/10/2023,15:00,7.429
30/10/2023,16:00,5.684
30/10/2023,17:00,4.363
30/10/2023,18:00,4.41
30/10/2023,19:00,2.995
30/10/2023,20:00,3.325
30/10/2023,21:00,4.387
30/10/2023,22:00,3.467
30/10/2023,23:00,4.08
30/10/2023,24:00:00,3.184
31/10/2023,01:00,2.972
31/10/2023,02:00,2.17
31/10/2023,03:00,1.651
31/10/2023,04:00,3.137
31/10/2023,05:00,3.349
31/10/2023,06:00,4.175
31/10/2023,07:00,3.066
31/10/2023,08:00,3.561
31/10/2023,09:00,4.929
31/10/2023,10:00,5.118
31/10/2023,11:00,8.774
31/10/2023,12:00,5.613
31/10/2023,13:00,4.835
31/10/2023,14:00,6.226
31/10/2023,15:00,6.769
31/10/2023,16:00,7.854
31/10/2023,17:00,7.028
31/10/2023,18:00,9.67
31/10/2023,19:00,7.665
31/10/2023,20:00,10.189
31/10/2023,21:00,11.816
31/10/2023,22:00,13.208
31/10/2023,23:00,10.967
31/10/2023,24:00:00,12.948
01/11/2023,01:00,11.085
01/11/2023,02:00,9.882
01/11/2023,03:00,7.901
01/11/2023,04:00,7.359
01/11/2023,05:00,3.585
01/11/2023,06:00,2.759
01/11/2023,07:00,4.033
01/11/2023,08:00,7.83
01/11/2023,09:00,6.651
01/11/2023,10:00,2.311
01/11/2023,11:00,3.113
01/11/2023,12:00,5.236
01/11/2023,13:00,4.646
01/11/2023,14:00,3.255
01/11/2023,15:00,2.995
01/11/2023,16:00,4.646
01/11/2023,17:00,5.472
01/11/2023,18:00,3.137
01/11/2023,19:00,3.726
01/11/2023,20:00,9.033
01/11/2023,21:00,7.453
01/11/2023,22:00,6.132
01/11/2023,23:00,4.528
01/11/2023,24:00:00,3.609
02/11/2023,01:00,3.962
02/11/2023,02:00,3.774
02/11/2023,03:00,2.17
02/11/2023,04:00,0.873
02/11/2023,05:00,1.509
02/11/2023,06:00,2.594
02/11/2023,07:00,3.278
02/11/2023,08:00,3.844
02/11/2023,09:00,3.915
02/11/2023,10:00,4.835
02/11/2023,11:00,5.708
02/11/2023,12:00,3.137
02/11/2023,13:00,2.736
02/11/2023,14:00,2.571
02/11/2023,15:00,3.514
02/11/2023,16:00,4.033
02/11/2023,17:00,2.264
02/11/2023,18:00,1.368
02/11/2023,19:00,1.58
02/11/2023,20:00,2.217
02/11/2023,21:00,1.958
02/11/2023,22:00,1.58
02/11/2023,23:00,1.58
02/11/2023,24:00:00,1.84
03/11/2023,01:00,2.052
03/11/2023,02:00,1.698
03/11/2023,03:00,1.439
03/11/2023,04:00,1.745
03/11/2023,05:00,1.509
03/11/2023,06:00,1.745
03/11/2023,07:00,2.5
03/11/2023,08:00,2.052
03/11/2023,09:00,2.476
03/11/2023,10:00,2.642
03/11/2023,11:00,2.972
03/11/2023,12:00,3.75
03/11/2023,13:00,2.736
03/11/2023,14:00,2.146
03/11/2023,15:00,2.311
03/11/2023,16:00,2.241
03/11/2023,17:00,2.594
03/11/2023,18:00,2.948
03/11/2023,19:00,4.245
03/11/2023,20:00,3.373
03/11/2023,21:00,5.165
03/11/2023,22:00,4.764
03/11/2023,23:00,3.868
03/11/2023,24:00:00,4.127
04/11/2023,01:00,3.561
04/11/2023,02:00,5.826
04/11/2023,03:00,7.665
04/11/2023,04:00,5
04/11/2023,05:00,6.91
04/11/2023,06:00,8.255
04/11/2023,07:00,8.609
04/11/2023,08:00,10.401
04/11/2023,09:00,9.434
04/11/2023,10:00,7.642
04/11/2023,11:00,6.58
04/11/2023,12:00,4.976
04/11/2023,13:00,4.458
04/11/2023,14:00,4.08
04/11/2023,15:00,3.632
04/11/2023,16:00,4.033
04/11/2023,17:00,3.325
04/11/2023,18:00,4.976
04/11/2023,19:00,10.307
04/11/2023,20:00,11.675
04/11/2023,21:00,15.755
04/11/2023,22:00,17.712
04/11/2023,23:00,17.288
04/11/2023,24:00:00,9.245
05/11/2023,01:00,5.708
05/11/2023,02:00,3.703
05/11/2023,03:00,3.986
05/11/2023,04:00,3.16
05/11/2023,05:00,2.925
05/11/2023,06:00,2.948
05/11/2023,07:00,2.594
05/11/2023,08:00,3.443
05/11/2023,09:00,3.137
05/11/2023,10:00,2.689
05/11/2023,11:00,2.712
05/11/2023,12:00,2.571
05/11/2023,13:00,2.759
05/11/2023,14:00,2.948
05/11/2023,15:00,1.981
05/11/2023,16:00,1.792
05/11/2023,17:00,2.5
05/11/2023,18:00,5.967
05/11/2023,19:00,10.142
05/11/2023,20:00,35.731
05/11/2023,21:00,56.25
05/11/2023,22:00,28.396
05/11/2023,23:00,21.25
05/11/2023,24:00:00,12.972
06/11/2023,01:00,9.009
06/11/2023,02:00,6.462
06/11/2023,03:00,6.203
06/11/2023,04:00,3.75
06/11/2023,05:00,3.797
06/11/2023,06:00,3.208
06/11/2023,07:00,3.514
06/11/2023,08:00,3.538
06/11/2023,09:00,4.528
06/11/2023,10:00,4.906
06/11/2023,11:00,5.024
06/11/2023,12:00,3.962
06/11/2023,13:00,4.057
06/11/2023,14:00,3.797
06/11/2023,15:00,2.877
06/11/2023,16:00,2.429
06/11/2023,17:00,2.075
06/11/2023,18:00,2.995
06/11/2023,19:00,3.75
06/11/2023,20:00,5.66
06/11/2023,21:00,8.42
06/11/2023,22:00,11.58
06/11/2023,23:00,5.448
06/11/2023,24:00:00,3.656
07/11/2023,01:00,3.443
07/11/2023,02:00,3.349
07/11/2023,03:00,6.651
07/11/2023,04:00,5.92
07/11/2023,05:00,2.901
07/11/2023,06:00,2.877
07/11/2023,07:00,2.146
07/11/2023,08:00,3.892
07/11/2023,09:00,5.448
07/11/2023,10:00,4.623
07/11/2023,11:00,4.292
07/11/2023,12:00,3.066
07/11/2023,13:00,2.547
07/11/2023,14:00,4.269
07/11/2023,15:00,3.231
07/11/2023,16:00,3.561
07/11/2023,17:00,3.302
07/11/2023,18:00,2.288
07/11/2023,19:00,3.066
07/11/2023,20:00,6.392
07/11/2023,21:00,5.755
07/11/2023,22:00,4.387
07/11/2023,23:00,4.859
07/11/2023,24:00:00,6.533
08/11/2023,01:00,4.575
08/11/2023,02:00,3.75
08/11/2023,03:00,3.396
08/11/2023,04:00,4.009
08/11/2023,05:00,5.896
08/11/2023,06:00,6.109
08/11/2023,07:00,4.269
08/11/2023,08:00,2.854
08/11/2023,09:00,3.066
08/11/2023,10:00,2.642
08/11/2023,11:00,2.783
08/11/2023,12:00,1.863
08/11/2023,13:00,3.585
08/11/2023,14:00,6.014
08/11/2023,15:00,7.736
08/11/2023,16:00,10.495
08/11/2023,17:00,13.609
08/11/2023,18:00,9.245
08/11/2023,19:00,9.222
08/11/2023,20:00,8.75
08/11/2023,21:00,8.962
08/11/2023,22:00,8.703
08/11/2023,23:00,8.184
08/11/2023,24:00:00,8.868
09/11/2023,01:00,10.613
09/11/2023,02:00,7.406
09/11/2023,03:00,6.297
09/11/2023,04:00,5.401
09/11/2023,05:00,4.552
09/11/2023,06:00,5.094
09/11/2023,07:00,5.472
09/11/2023,08:00,5.59
09/11/2023,09:00,4.505
09/11/2023,10:00,3.585
09/11/2023,11:00,3.16
09/11/2023,12:00,3.632
09/11/2023,13:00,4.269
09/11/2023,14:00,3.821
09/11/2023,15:00,3.609
09/11/2023,16:00,2.736
09/11/2023,17:00,2.948
09/11/2023,18:00,2.099
09/11/2023,19:00,2.547
09/11/2023,20:00,2.877
09/11/2023,21:00,3.019
09/11/2023,22:00,2.217
09/11/2023,23:00,2.382
09/11/2023,24:00:00,1.392
10/11/2023,01:00,1.958
10/11/2023,02:00,1.627
10/11/2023,03:00,1.226
10/11/2023,04:00,2.17
10/11/2023,05:00,2.665
10/11/2023,06:00,3.726
10/11/2023,07:00,5.59
10/11/2023,08:00,6.722
10/11/2023,09:00,9.646
10/11/2023,10:00,5.802
10/11/2023,11:00,5.118
10/11/2023,12:00,4.151
10/11/2023,13:00,2.854
10/11/2023,14:00,2.476
10/11/2023,15:00,2.642
10/11/2023,16:00,2.948
10/11/2023,17:00,3.609
10/11/2023,18:00,4.198
10/11/2023,19:00,5.448
10/11/2023,20:00,3.656
10/11/2023,21:00,3.325
10/11/2023,22:00,2.901
10/11/2023,23:00,2.571
10/11/2023,24:00:00,2.689
11/11/2023,01:00,4.175
11/11/2023,02:00,5.307
11/11/2023,03:00,4.575
11/11/2023,04:00,3.703
11/11/2023,05:00,3.797
11/11/2023,06:00,2.311
11/11/2023,07:00,2.264
11/11/2023,08:00,4.859
11/11/2023,09:00,4.175
11/11/2023,10:00,4.481
11/11/2023,11:00,2.618
11/11/2023,12:00,2.854
11/11/2023,13:00,2.406
11/11/2023,14:00,2.5
11/11/2023,15:00,2.783
11/11/2023,16:00,3.609
11/11/2023,17:00,5.448
11/11/2023,18:00,21.557
11/11/2023,19:00,17.17
11/11/2023,20:00,11.509
11/11/2023,21:00,16.132
11/11/2023,22:00,21.981
11/11/2023,23:00,28.231
11/11/2023,24:00:00,26.745
12/11/2023,01:00,25.684
12/11/2023,02:00,23.491
12/11/2023,03:00,20.684
12/11/2023,04:00,19.693
12/11/2023,05:00,18.939
12/11/2023,06:00,17.335
12/11/2023,07:00,16.533
12/11/2023,08:00,16.014
12/11/2023,09:00,15.778
12/11/2023,10:00,7.359
12/11/2023,11:00,7.594
12/11/2023,12:00,10.59
12/11/2023,13:00,7.288
12/11/2023,14:00,7.146
12/11/2023,15:00,7.311
12/11/2023,16:00,6.769
12/11/2023,17:00,7.076
12/11/2023,18:00,7.665
12/11/2023,19:00,8.844
12/11/2023,20:00,10.613
12/11/2023,21:00,13.066
12/11/2023,22:00,14.104
12/11/2023,23:00,13.396
12/11/2023,24:00:00,13.703
13/11/2023,01:00,12.925
13/11/2023,02:00,11.981
13/11/2023,03:00,13.326
13/11/2023,04:00,10.826
13/11/2023,05:00,8.396
13/11/2023,06:00,5.849
13/11/2023,07:00,3.915
13/11/2023,08:00,2.783
13/11/2023,09:00,1.84
13/11/2023,10:00,3.75
13/11/2023,11:00,5.307
13/11/2023,12:00,4.41
13/11/2023,13:00,4.599
13/11/2023,14:00,4.599
13/11/2023,15:00,5.519
13/11/2023,16:00,4.929
13/11/2023,17:00,4.033
13/11/2023,18:00,4.009
13/11/2023,19:00,4.269
13/11/2023,20:00,4.009
13/11/2023,21:00,3.609
13/11/2023,22:00,4.245
13/11/2023,23:00,4.505
13/11/2023,24:00:00,5.189
14/11/2023,01:00,6.533
14/11/2023,02:00,7.665
14/11/2023,03:00,8.019
14/11/2023,04:00,7.146
14/11/2023,05:00,5.873
14/11/2023,06:00,5.613
14/11/2023,07:00,5.849
14/11/2023,08:00,5.047
14/11/2023,09:00,4.34
14/11/2023,10:00,4.009
14/11/2023,11:00,2.618
14/11/2023,12:00,5.047
14/11/2023,13:00,6.722
14/11/2023,14:00,
14/11/2023,15:00,
14/11/2023,16:00,
14/11/2023,17:00,
14/11/2023,18:00,
14/11/2023,19:00,
14/11/2023,20:00,
14/11/2023,21:00,
14/11/2023,22:00,
14/11/2023,23:00,
14/11/2023,24:00:00,
15/11/2023,01:00,
15/11/2023,02:00,
15/11/2023,03:00,
15/11/2023,04:00,
15/11/2023,05:00,
15/11/2023,06:00,
15/11/2023,07:00,
15/11/2023,08:00,
15/11/2023,09:00,
15/11/2023,10:00,
15/11/2023,11:00,
15/11/2023,12:00,
15/11/2023,13:00,
15/11/2023,14:00,
15/11/2023,15:00,
15/11/2023,16:00,
15/11/2023,17:00,
15/11/2023,18:00,
15/11/2023,19:00,
15/11/2023,20:00,
15/11/2023,21:00,
15/11/2023,22:00,
15/11/2023,23:00,
15/11/2023,24:00:00,
16/11/2023,01:00,
16/11/2023,02:00,
16/11/2023,03:00,
16/11/2023,04:00,
16/11/2023,05:00,
16/11/2023,06:00,
16/11/2023,07:00,
16/11/2023,08:00,
16/11/2023,09:00,
16/11/2023,10:00,
16/11/2023,11:00,
16/11/2023,12:00,
16/11/2023,13:00,
16/11/2023,14:00,
16/11/2023,15:00,
16/11/2023,16:00,11.863
16/11/2023,17:00,13.561
16/11/2023,18:00,15.377
16/11/2023,19:00,15.283
16/11/2023,20:00,13.679
16/11/2023,21:00,17.524
16/11/2023,22:00,18.491
16/11/2023,23:00,19.67
16/11/2023,24:00:00,15.802
17/11/2023,01:00,9.009
17/11/2023,02:00,6.038
17/11/2023,03:00,4.599
17/11/2023,04:00,4.033
17/11/2023,05:00,2.642
17/11/2023,06:00,2.075
17/11/2023,07:00,4.906
17/11/2023,08:00,8.42
17/11/2023,09:00,10.967
17/11/2023,10:00,9.057
17/11/2023,11:00,7.123
17/11/2023,12:00,7.288
17/11/2023,13:00,7.429
17/11/2023,14:00,6.109
17/11/2023,15:00,6.863
17/11/2023,16:00,9.08
17/11/2023,17:00,8.042
17/11/2023,18:00,12.807
17/11/2023,19:00,14.67
17/11/2023,20:00,16.887
17/11/2023,21:00,16.014
17/11/2023,22:00,15.59
17/11/2023,23:00,19.127
17/11/2023,24:00:00,15.425
18/11/2023,01:00,10.094
18/11/2023,02:00,7.099
18/11/2023,03:00,4.67
18/11/2023,04:00,2.217
18/11/2023,05:00,1.179
18/11/2023,06:00,0.967
18/11/2023,07:00,2.736
18/11/2023,08:00,8.679
18/11/2023,09:00,4.222
18/11/2023,10:00,2.359
18/11/2023,11:00,2.995
18/11/2023,12:00,2.712
18/11/2023,13:00,1.958
18/11/2023,14:00,2.429
18/11/2023,15:00,3.797
18/11/2023,16:00,4.953
18/11/2023,17:00,7.571
18/11/2023,18:00,9.976
18/11/2023,19:00,9.929
18/11/2023,20:00,10.118
18/11/2023,21:00,10.024
18/11/2023,22:00,9.717
18/11/2023,23:00,9.222
18/11/2023,24:00:00,7.17
19/11/2023,01:00,9.033
19/11/2023,02:00,8.774
19/11/2023,03:00,8.726
19/11/2023,04:00,7.665
19/11/2023,05:00,7.476
19/11/2023,06:00,5.755
19/11/2023,07:00,5.849
19/11/2023,08:00,4.741
19/11/2023,09:00,4.929
19/11/2023,10:00,5.283
19/11/2023,11:00,2.83
19/11/2023,12:00,2.5
19/11/2023,13:00,2.288
19/11/2023,14:00,2.193
19/11/2023,15:00,2.17
19/11/2023,16:00,2.217
19/11/2023,17:00,2.217
19/11/2023,18:00,1.392
19/11/2023,19:00,1.297
19/11/2023,20:00,1.934
19/11/2023,21:00,2.642
19/11/2023,22:00,3.113
19/11/2023,23:00,3.443
19/11/2023,24:00:00,3.703
20/11/2023,01:00,4.34
20/11/2023,02:00,5.307
20/11/2023,03:00,5.708
20/11/2023,04:00,5.448
20/11/2023,05:00,6.109
20/11/2023,06:00,5.896
20/11/2023,07:00,5.778
20/11/2023,08:00,6.415
20/11/2023,09:00,7.972
20/11/2023,10:00,10.189
20/11/2023,11:00,5.637
20/11/2023,12:00,3.892
20/11/2023,13:00,1.84
20/11/2023,14:00,1.91
20/11/2023,15:00,1.698
20/11/2023,16:00,1.698
20/11/2023,17:00,2.005
20/11/2023,18:00,2.359
20/11/2023,19:00,3.16
20/11/2023,20:00,4.481
20/11/2023,21:00,4.741
20/11/2023,22:00,3.986
20/11/2023,23:00,2.005
20/11/2023,24:00:00,1.368
21/11/2023,01:00,1.25
21/11/2023,02:00,2.17
21/11/2023,03:00,2.665
21/11/2023,04:00,1.415
21/11/2023,05:00,1.958
21/11/2023,06:00,2.028
21/11/2023,07:00,1.58
21/11/2023,08:00,1.722
21/11/2023,09:00,2.759
21/11/2023,10:00,4.009
21/11/2023,11:00,3.986
21/11/2023,12:00,4.198
21/11/2023,13:00,3.844
21/11/2023,14:00,3.514
21/11/2023,15:00,2.948
21/11/2023,16:00,3.302
21/11/2023,17:00,5.189
21/11/2023,18:00,5.425
21/11/2023,19:00,9.127
21/11/2023,20:00,14.67
21/11/2023,21:00,9.929
21/11/2023,22:00,10.684
21/11/2023,23:00,9.505
21/11/2023,24:00:00,12.571
22/11/2023,01:00,9.67
22/11/2023,02:00,10.401
22/11/2023,03:00,9.34
22/11/2023,04:00,7.335
22/11/2023,05:00,4.458
22/11/2023,06:00,3.892
22/11/2023,07:00,3.443
22/11/2023,08:00,3.467
22/11/2023,09:00,3.349
22/11/2023,10:00,2.689
22/11/2023,11:00,2.5
22/11/2023,12:00,2.547
22/11/2023,13:00,5.047
22/11/2023,14:00,2.807
22/11/2023,15:00,2.359
22/11/2023,16:00,2.288
22/11/2023,17:00,2.264
22/11/2023,18:00,2.335
22/11/2023,19:00,2.217
22/11/2023,20:00,2.288
22/11/2023,21:00,2.288
22/11/2023,22:00,1.934
22/11/2023,23:00,2.854
22/11/2023,24:00:00,3.42
23/11/2023,01:00,2.948
23/11/2023,02:00,2.524
23/11/2023,03:00,2.17
23/11/2023,04:00,2.099
23/11/2023,05:00,2.642
23/11/2023,06:00,2.429
23/11/2023,07:00,3.113
23/11/2023,08:00,3.868
23/11/2023,09:00,4.245
23/11/2023,10:00,4.009
23/11/2023,11:00,3.514
23/11/2023,12:00,3.184
23/11/2023,13:00,2.217
23/11/2023,14:00,2.877
23/11/2023,15:00,2.972
23/11/2023,16:00,3.019
23/11/2023,17:00,2.241
23/11/2023,18:00,2.193
23/11/2023,19:00,7.052
23/11/2023,20:00,9.552
23/11/2023,21:00,10.802
23/11/2023,22:00,11.226
23/11/2023,23:00,11.698
23/11/2023,24:00:00,8.302
24/11/2023,01:00,7.854
24/11/2023,02:00,7.005
24/11/2023,03:00,6.651
24/11/2023,04:00,5.142
24/11/2023,05:00,4.788
24/11/2023,06:00,5.142
24/11/2023,07:00,5.142
24/11/2023,08:00,4.363
24/11/2023,09:00,3.514
24/11/2023,10:00,3.255
24/11/2023,11:00,3.255
24/11/2023,12:00,2.453
24/11/2023,13:00,2.618
24/11/2023,14:00,2.712
24/11/2023,15:00,3.255
24/11/2023,16:00,3.42
24/11/2023,17:00,3.467
24/11/2023,18:00,3.019
24/11/2023,19:00,3.75
24/11/2023,20:00,5.094
24/11/2023,21:00,5.448
24/11/2023,22:00,5.236
24/11/2023,23:00,5.165
24/11/2023,24:00:00,6.109
25/11/2023,01:00,5.425
25/11/2023,02:00,4.623
25/11/2023,03:00,4.127
25/11/2023,04:00,3.821
25/11/2023,05:00,3.561
25/11/2023,06:00,3.467
25/11/2023,07:00,3.467
25/11/2023,08:00,4.41
25/11/2023,09:00,4.057
25/11/2023,10:00,3.892
25/11/2023,11:00,2.618
25/11/2023,12:00,2.524
25/11/2023,13:00,2.642
25/11/2023,14:00,3.137
25/11/2023,15:00,3.774
25/11/2023,16:00,7.264
25/11/2023,17:00,11.368
25/11/2023,18:00,13.184
25/11/2023,19:00,13.42
25/11/2023,20:00,13.703
25/11/2023,21:00,16.958
25/11/2023,22:00,19.576
25/11/2023,23:00,19.387
25/11/2023,24:00:00,18.679
26/11/2023,01:00,16.651
26/11/2023,02:00,19.387
26/11/2023,03:00,18.208
26/11/2023,04:00,17.476
26/11/2023,05:00,18.514
26/11/2023,06:00,19.104
26/11/2023,07:00,18.16
26/11/2023,08:00,17.83
26/11/2023,09:00,17.807
26/11/2023,10:00,16.439
26/11/2023,11:00,15.802
26/11/2023,12:00,16.132
26/11/2023,13:00,16.58
26/11/2023,14:00,27.642
26/11/2023,15:00,19.505
26/11/2023,16:00,19.316
26/11/2023,17:00,18.208
26/11/2023,18:00,32.783
26/11/2023,19:00,25.377
26/11/2023,20:00,25.189
26/11/2023,21:00,28.514
26/11/2023,22:00,27.689
26/11/2023,23:00,26.84
26/11/2023,24:00:00,24.764
27/11/2023,01:00,23.278
27/11/2023,02:00,22.146
27/11/2023,03:00,21.675
27/11/2023,04:00,34.717
27/11/2023,05:00,29.717
27/11/2023,06:00,27.665
27/11/2023,07:00,21.203
27/11/2023,08:00,11.439
27/11/2023,09:00,13.443
27/11/2023,10:00,13.774
27/11/2023,11:00,5.024
27/11/2023,12:00,3.184
27/11/2023,13:00,3.42
27/11/2023,14:00,3.892
27/11/2023,15:00,5.283
27/11/2023,16:00,4.788
27/11/2023,17:00,4.033
27/11/2023,18:00,2.877
27/11/2023,19:00,4.057
27/11/2023,20:00,5.684
27/11/2023,21:00,4.764
27/11/2023,22:00,3.514
27/11/2023,23:00,3.632
27/11/2023,24:00:00,2.854
28/11/2023,01:00,2.429
28/11/2023,02:00,3.019
28/11/2023,03:00,2.995
28/11/2023,04:00,2.854
28/11/2023,05:00,2.877
28/11/2023,06:00,3.278
28/11/2023,07:00,3.939
28/11/2023,08:00,5.189
28/11/2023,09:00,6.745
28/11/2023,10:00,7.005
28/11/2023,11:00,4.882
28/11/2023,12:00,3.561
28/11/2023,13:00,3.278
28/11/2023,14:00,3.16
28/11/2023,15:00,3.255
28/11/2023,16:00,3.939
28/11/2023,17:00,3.726
28/11/2023,18:00,6.415
28/11/2023,19:00,6.179
28/11/2023,20:00,7.571
28/11/2023,21:00,7.594
28/11/2023,22:00,9.717
28/11/2023,23:00,10.896
28/11/2023,24:00:00,9.269
29/11/2023,01:00,6.84
29/11/2023,02:00,7.076
29/11/2023,03:00,7.524
29/11/2023,04:00,6.274
29/11/2023,05:00,7.571
29/11/2023,06:00,4.528
29/11/2023,07:00,5.118
29/11/2023,08:00,8.939
29/11/2023,09:00,13.443
29/11/2023,10:00,11.297
29/11/2023,11:00,7.618
29/11/2023,12:00,4.929
29/11/2023,13:00,5.849
29/11/2023,14:00,5.684
29/11/2023,15:00,6.344
29/11/2023,16:00,9.293
29/11/2023,17:00,8.302
29/11/2023,18:00,9.859
29/11/2023,19:00,12.005
29/11/2023,20:00,17.005
29/11/2023,21:00,16.769
29/11/2023,22:00,16.368
29/11/2023,23:00,13.396
29/11/2023,24:00:00,9.552
30/11/2023,01:00,7.618
30/11/2023,02:00,3.892
30/11/2023,03:00,4.222
30/11/2023,04:00,4.316
30/11/2023,05:00,3.231
30/11/2023,06:00,2.972
30/11/2023,07:00,2.712
30/11/2023,08:00,3.019
30/11/2023,09:00,4.009
30/11/2023,10:00,3.868
30/11/2023,11:00,4.882
30/11/2023,12:00,4.835
30/11/2023,13:00,4.245
30/11/2023,14:00,3.797
30/11/2023,15:00,4.127
30/11/2023,16:00,5
30/11/2023,17:00,6.321
30/11/2023,18:00,8.538
30/11/2023,19:00,7.311
30/11/2023,20:00,9.316
30/11/2023,21:00,8.679
30/11/2023,22:00,11.722
30/11/2023,23:00,11.958
30/11/2023,24:00:00,7.83
01/12/2023,01:00,5.896
01/12/2023,02:00,5.071
01/12/2023,03:00,5.189
01/12/2023,04:00,4.882
01/12/2023,05:00,4.528
01/12/2023,06:00,3.726
01/12/2023,07:00,3.821
01/12/2023,08:00,4.552
01/12/2023,09:00,12.972
01/12/2023,10:00,11.25
01/12/2023,11:00,9.033
01/12/2023,12:00,9.481
01/12/2023,13:00,8.302
01/12/2023,14:00,11.934
01/12/2023,15:00,11.509
01/12/2023,16:00,14.033
01/12/2023,17:00,16.533
01/12/2023,18:00,21.84
01/12/2023,19:00,35.283
01/12/2023,20:00,37.5
01/12/2023,21:00,53.656
01/12/2023,22:00,44.859
01/12/2023,23:00,36.085
01/12/2023,24:00:00,41.486
02/12/2023,01:00,41.981
02/12/2023,02:00,38.915
02/12/2023,03:00,28.326
02/12/2023,04:00,21.651
02/12/2023,05:00,23.184
02/12/2023,06:00,23.208
02/12/2023,07:00,24.175
02/12/2023,08:00,23.821
02/12/2023,09:00,22.689
02/12/2023,10:00,21.816
02/12/2023,11:00,22.594
02/12/2023,12:00,23.444
02/12/2023,13:00,18.278
02/12/2023,14:00,11.203
02/12/2023,15:00,14.245
02/12/2023,16:00,16.462
02/12/2023,17:00,12.099
02/12/2023,18:00,16.793
02/12/2023,19:00,23.137
02/12/2023,20:00,19.481
02/12/2023,21:00,21.415
02/12/2023,22:00,21.745
02/12/2023,23:00,18.491
02/12/2023,24:00:00,18.043
03/12/2023,01:00,20.307
03/12/2023,02:00,17.665
03/12/2023,03:00,16.203
03/12/2023,04:00,15.26
03/12/2023,05:00,13.821
03/12/2023,06:00,10.142
03/12/2023,07:00,8.632
03/12/2023,08:00,10.708
03/12/2023,09:00,15.401
03/12/2023,10:00,11.297
03/12/2023,11:00,8.514
03/12/2023,12:00,9.104
03/12/2023,13:00,9.717
03/12/2023,14:00,16.038
03/12/2023,15:00,17.005
03/12/2023,16:00,14.104
03/12/2023,17:00,15.472
03/12/2023,18:00,13.443
03/12/2023,19:00,14.363
03/12/2023,20:00,12.83
03/12/2023,21:00,10.92
03/12/2023,22:00,9.788
03/12/2023,23:00,10.071
03/12/2023,24:00:00,11.58
04/12/2023,01:00,9.67
04/12/2023,02:00,8.514
04/12/2023,03:00,8.726
04/12/2023,04:00,7.264
04/12/2023,05:00,5.802
04/12/2023,06:00,6.061
04/12/2023,07:00,5.377
04/12/2023,08:00,8.585
04/12/2023,09:00,6.58
04/12/2023,10:00,5.896
04/12/2023,11:00,6.109
04/12/2023,12:00,9.057
04/12/2023,13:00,8.443
04/12/2023,14:00,7.618
04/12/2023,15:00,7.217
04/12/2023,16:00,8.278
04/12/2023,17:00,10.259
04/12/2023,18:00,10.33
04/12/2023,19:00,11.604
04/12/2023,20:00,12.783
04/12/2023,21:00,11.651
04/12/2023,22:00,9.67
04/12/2023,23:00,8.208
04/12/2023,24:00:00,7.406
05/12/2023,01:00,8.066
05/12/2023,02:00,7.948
05/12/2023,03:00,7.123
05/12/2023,04:00,6.486
05/12/2023,05:00,6.226
05/12/2023,06:00,4.269
05/12/2023,07:00,3.986
05/12/2023,08:00,7.712
05/12/2023,09:00,7.311
05/12/2023,10:00,5.401
05/12/2023,11:00,4.458
05/12/2023,12:00,3.561
05/12/2023,13:00,3.467
05/12/2023,14:00,3.538
05/12/2023,15:00,8.443
05/12/2023,16:00,10.873
05/12/2023,17:00,6.627
05/12/2023,18:00,6.651
05/12/2023,19:00,11.132
05/12/2023,20:00,9.882
05/12/2023,21:00,7.736
05/12/2023,22:00,7.689
05/12/2023,23:00,8.16
05/12/2023,24:00:00,8.042
06/12/2023,01:00,9.104
06/12/2023,02:00,11.014
06/12/2023,03:00,9.646
06/12/2023,04:00,9.057
06/12/2023,05:00,8.844
06/12/2023,06:00,6.958
06/12/2023,07:00,6.698
06/12/2023,08:00,8.632
06/12/2023,09:00,14.245
06/12/2023,10:00,16.274
06/12/2023,11:00,17.241
06/12/2023,12:00,21.061
06/12/2023,13:00,20
06/12/2023,14:00,11.745
06/12/2023,15:00,11.887
06/12/2023,16:00,13.656
06/12/2023,17:00,13.821
06/12/2023,18:00,13.726
06/12/2023,19:00,21.84
06/12/2023,20:00,18.797
06/12/2023,21:00,24.104
06/12/2023,22:00,14.835
06/12/2023,23:00,12.028
06/12/2023,24:00:00,10.519
07/12/2023,01:00,9.693
07/12/2023,02:00,8.42
07/12/2023,03:00,9.788
07/12/2023,04:00,10.401
07/12/2023,05:00,9.552
07/12/2023,06:00,9.528
07/12/2023,07:00,10.118
07/12/2023,08:00,9.127
07/12/2023,09:00,7.146
07/12/2023,10:00,5.637
07/12/2023,11:00,6.604
07/12/2023,12:00,8.255
07/12/2023,13:00,8.962
07/12/2023,14:00,8.278
07/12/2023,15:00,7.123
07/12/2023,16:00,6.509
07/12/2023,17:00,5.896
07/12/2023,18:00,6.038
07/12/2023,19:00,5.236
07/12/2023,20:00,4.929
07/12/2023,21:00,4.245
07/12/2023,22:00,4.976
07/12/2023,23:00,9.434
07/12/2023,24:00:00,12.665
08/12/2023,01:00,14.811
08/12/2023,02:00,10.118
08/12/2023,03:00,9.646
08/12/2023,04:00,9.906
08/12/2023,05:00,9.953
08/12/2023,06:00,9.269
08/12/2023,07:00,9.434
08/12/2023,08:00,9.316
08/12/2023,09:00,9.363
08/12/2023,10:00,9.929
08/12/2023,11:00,9.953
08/12/2023,12:00,7.972
08/12/2023,13:00,7.359
08/12/2023,14:00,7.995
08/12/2023,15:00,7.359
08/12/2023,16:00,5.189
08/12/2023,17:00,5.755
08/12/2023,18:00,6.179
08/12/2023,19:00,8.184
08/12/2023,20:00,9.458
08/12/2023,21:00,9.316
08/12/2023,22:00,8.538
08/12/2023,23:00,7.689
08/12/2023,24:00:00,7.359
09/12/2023,01:00,6.274
09/12/2023,02:00,6.84
09/12/2023,03:00,7.311
09/12/2023,04:00,7.382
09/12/2023,05:00,7.925
09/12/2023,06:00,7.264
09/12/2023,07:00,5.236
09/12/2023,08:00,3.349
09/12/2023,09:00,1.698
09/12/2023,10:00,0.967
09/12/2023,11:00,1.132
09/12/2023,12:00,1.604
09/12/2023,13:00,1.722
09/12/2023,14:00,3.042
09/12/2023,15:00,5.684
09/12/2023,16:00,3.514
09/12/2023,17:00,7.17
09/12/2023,18:00,7.028
09/12/2023,19:00,4.976
09/12/2023,20:00,2.642
09/12/2023,21:00,2.382
09/12/2023,22:00,2.854
09/12/2023,23:00,4.41
09/12/2023,24:00:00,6.226
10/12/2023,01:00,5.613
10/12/2023,02:00,9.293
10/12/2023,03:00,10.236
10/12/2023,04:00,9.623
10/12/2023,05:00,8.467
10/12/2023,06:00,8.019
10/12/2023,07:00,7.217
10/12/2023,08:00,6.415
10/12/2023,09:00,5.495
10/12/2023,10:00,5.472
10/12/2023,11:00,5.731
10/12/2023,12:00,6.061
10/12/2023,13:00,7.571
10/12/2023,14:00,7.83
10/12/2023,15:00,6.25
10/12/2023,16:00,4.057
10/12/2023,17:00,5.826
10/12/2023,18:00,9.552
10/12/2023,19:00,10.071
10/12/2023,20:00,7.028
10/12/2023,21:00,8.42
10/12/2023,22:00,7.335
10/12/2023,23:00,5.495
10/12/2023,24:00:00,2.948
11/12/2023,01:00,1.792
11/12/2023,02:00,1.698
11/12/2023,03:00,1.014
11/12/2023,04:00,0.802
11/12/2023,05:00,2.264
11/12/2023,06:00,3.231
11/12/2023,07:00,2.594
11/12/2023,08:00,3.042
11/12/2023,09:00,3.915
11/12/2023,10:00,3.325
11/12/2023,11:00,4.552
11/12/2023,12:00,3.774
11/12/2023,13:00,3.396
11/12/2023,14:00,1.84
11/12/2023,15:00,2.807
11/12/2023,16:00,3.137
11/12/2023,17:00,4.623
11/12/2023,18:00,6.604
11/12/2023,19:00,11.179
11/12/2023,20:00,12.264
11/12/2023,21:00,8.16
11/12/2023,22:00,14.198
11/12/2023,23:00,14.646
11/12/2023,24:00:00,12.335
12/12/2023,01:00,11.274
12/12/2023,02:00,10.495
12/12/2023,03:00,11.132
12/12/2023,04:00,8.42
12/12/2023,05:00,7.052
12/12/2023,06:00,10.189
12/12/2023,07:00,12.382
12/12/2023,08:00,11.627
12/12/2023,09:00,14.505
12/12/2023,10:00,14.222
12/12/2023,11:00,10.212
12/12/2023,12:00,10.236
12/12/2023,13:00,11.462
12/12/2023,14:00,8.75
12/12/2023,15:00,6.627
12/12/2023,16:00,9.387
12/12/2023,17:00,8.939
12/12/2023,18:00,14.175
12/12/2023,19:00,13.467
12/12/2023,20:00,11.274
12/12/2023,21:00,11.651
12/12/2023,22:00,11.392
12/12/2023,23:00,12.736
12/12/2023,24:00:00,14.835
13/12/2023,01:00,9.104
13/12/2023,02:00,4.387
13/12/2023,03:00,1.415
13/12/2023,04:00,1.91
13/12/2023,05:00,1.91
13/12/2023,06:00,1.038
13/12/2023,07:00,1.132
13/12/2023,08:00,1.84
13/12/2023,09:00,2.193
13/12/2023,10:00,2.571
13/12/2023,11:00,2.759
13/12/2023,12:00,2.948
13/12/2023,13:00,2.689
13/12/2023,14:00,2.83
13/12/2023,15:00,2.995
13/12/2023,16:00,3.09
13/12/2023,17:00,3.986
13/12/2023,18:00,4.741
13/12/2023,19:00,7.359
13/12/2023,20:00,7.5
13/12/2023,21:00,7.359
13/12/2023,22:00,7.146
13/12/2023,23:00,8.113
13/12/2023,24:00:00,9.599
14/12/2023,01:00,6.816
14/12/2023,02:00,6.368
14/12/2023,03:00,7.783
14/12/2023,04:00,7.665
14/12/2023,05:00,7.17
14/12/2023,06:00,5.755
14/12/2023,07:00,12.052
14/12/2023,08:00,11.014
14/12/2023,09:00,4.788
14/12/2023,10:00,4.222
14/12/2023,11:00,4.434
14/12/2023,12:00,4.552
14/12/2023,13:00,6.203
14/12/2023,14:00,7.854
14/12/2023,15:00,11.486
14/12/2023,16:00,11.887
14/12/2023,17:00,12.594
14/12/2023,18:00,12.453
14/12/2023,19:00,11.84
14/12/2023,20:00,11.061
14/12/2023,21:00,9.458
14/12/2023,22:00,8.467
14/12/2023,23:00,10.236
14/12/2023,24:00:00,10.873
15/12/2023,01:00,11.085
15/12/2023,02:00,9.788
15/12/2023,03:00,9.552
15/12/2023,04:00,7.406
15/12/2023,05:00,6.934
15/12/2023,06:00,6.934
15/12/2023,07:00,9.458
15/12/2023,08:00,9.576
15/12/2023,09:00,9.151
15/12/2023,10:00,9.057
15/12/2023,11:00,10.731
15/12/2023,12:00,11.627
15/12/2023,13:00,10.448
15/12/2023,14:00,7.17
15/12/2023,15:00,8.797
15/12/2023,16:00,8.939
15/12/2023,17:00,8.137
15/12/2023,18:00,8.113
15/12/2023,19:00,8.656
15/12/2023,20:00,9.693
15/12/2023,21:00,10.495
15/12/2023,22:00,9.175
15/12/2023,23:00,5.024
15/12/2023,24:00:00,4.717
16/12/2023,01:00,3.561
16/12/2023,02:00,5.495
16/12/2023,03:00,1.769
16/12/2023,04:00,1.297
16/12/2023,05:00,0.637
16/12/2023,06:00,0.472
16/12/2023,07:00,0.495
16/12/2023,08:00,0.802
16/12/2023,09:00,1.156
16/12/2023,10:00,2.075
16/12/2023,11:00,1.25
16/12/2023,12:00,1.392
16/12/2023,13:00,1.25
16/12/2023,14:00,1.698
16/12/2023,15:00,1.84
16/12/2023,16:00,1.557
16/12/2023,17:00,2.005
16/12/2023,18:00,1.958
16/12/2023,19:00,1.627
16/12/2023,20:00,1.604
16/12/2023,21:00,1.675
16/12/2023,22:00,1.368
16/12/2023,23:00,1.415
16/12/2023,24:00:00,1.085
17/12/2023,01:00,1.156
17/12/2023,02:00,0.849
17/12/2023,03:00,0.66
17/12/2023,04:00,0.684
17/12/2023,05:00,1.109
17/12/2023,06:00,1.863
17/12/2023,07:00,2.854
17/12/2023,08:00,3.349
17/12/2023,09:00,4.151
17/12/2023,10:00,4.835
17/12/2023,11:00,5.094
17/12/2023,12:00,5.071
17/12/2023,13:00,5.283
17/12/2023,14:00,4.458
17/12/2023,15:00,2.972
17/12/2023,16:00,2.453
17/12/2023,17:00,2.689
17/12/2023,18:00,3.656
17/12/2023,19:00,4.552
17/12/2023,20:00,5.212
17/12/2023,21:00,5.425
17/12/2023,22:00,5.401
17/12/2023,23:00,5.354
17/12/2023,24:00:00,4.835
18/12/2023,01:00,4.458
18/12/2023,02:00,4.127
18/12/2023,03:00,4.599
18/12/2023,04:00,4.788
18/12/2023,05:00,4.387
18/12/2023,06:00,3.09
18/12/2023,07:00,2.241
18/12/2023,08:00,1.958
18/12/2023,09:00,1.415
18/12/2023,10:00,1.344
18/12/2023,11:00,1.274
18/12/2023,12:00,1.25
18/12/2023,13:00,1.156
18/12/2023,14:00,2.052
18/12/2023,15:00,1.675
18/12/2023,16:00,1.769
18/12/2023,17:00,1.627
18/12/2023,18:00,2.594
18/12/2023,19:00,1.462
18/12/2023,20:00,1.392
18/12/2023,21:00,1.462
18/12/2023,22:00,1.439
18/12/2023,23:00,3.042
18/12/2023,24:00:00,1.226
19/12/2023,01:00,1.604
19/12/2023,02:00,1.816
19/12/2023,03:00,1.203
19/12/2023,04:00,0.778
19/12/2023,05:00,0.849
19/12/2023,06:00,1.415
19/12/2023,07:00,1.84
19/12/2023,08:00,2.17
19/12/2023,09:00,3.09
19/12/2023,10:00,1.321
19/12/2023,11:00,1.509
19/12/2023,12:00,2.476
19/12/2023,13:00,4.717
19/12/2023,14:00,5.024
19/12/2023,15:00,5.071
19/12/2023,16:00,5.307
19/12/2023,17:00,5.189
19/12/2023,18:00,6.627
19/12/2023,19:00,7.264
19/12/2023,20:00,6.958
19/12/2023,21:00,6.557
19/12/2023,22:00,5.92
19/12/2023,23:00,6.179
19/12/2023,24:00:00,6.769
20/12/2023,01:00,6.038
20/12/2023,02:00,5.967
20/12/2023,03:00,6.226
20/12/2023,04:00,4.764
20/12/2023,05:00,4.104
20/12/2023,06:00,3.16
20/12/2023,07:00,3.986
20/12/2023,08:00,3.939
20/12/2023,09:00,4.175
20/12/2023,10:00,3.255
20/12/2023,11:00,2.665
20/12/2023,12:00,1.698
20/12/2023,13:00,2.995
20/12/2023,14:00,2.193
20/12/2023,15:00,1.392
20/12/2023,16:00,1.91
20/12/2023,17:00,1.651
20/12/2023,18:00,1.061
20/12/2023,19:00,1.769
20/12/2023,20:00,1.25
20/12/2023,21:00,1.368
20/12/2023,22:00,1.203
20/12/2023,23:00,0.967
20/12/2023,24:00:00,1.085
21/12/2023,01:00,0.873
21/12/2023,02:00,2.264
21/12/2023,03:00,1.321
21/12/2023,04:00,1.156
21/12/2023,05:00,0.66
21/12/2023,06:00,0.472
21/12/2023,07:00,0.92
21/12/2023,08:00,1.675
21/12/2023,09:00,1.887
21/12/2023,10:00,3.42
21/12/2023,11:00,5.024
21/12/2023,12:00,5.283
21/12/2023,13:00,4.953
21/12/2023,14:00,4.646
21/12/2023,15:00,4.717
21/12/2023,16:00,7.547
21/12/2023,17:00,6.344
21/12/2023,18:00,6.816
21/12/2023,19:00,7.429
21/12/2023,20:00,6.557
21/12/2023,21:00,3.986
21/12/2023,22:00,3.019
21/12/2023,23:00,3.538
21/12/2023,24:00:00,10.047
22/12/2023,01:00,11.486
22/12/2023,02:00,6.958
22/12/2023,03:00,2.099
22/12/2023,04:00,0.849
22/12/2023,05:00,0.566
22/12/2023,06:00,1.014
22/12/2023,07:00,0.991
22/12/2023,08:00,1.297
22/12/2023,09:00,1.958
22/12/2023,10:00,2.571
22/12/2023,11:00,2.854
22/12/2023,12:00,2.665
22/12/2023,13:00,3.019
22/12/2023,14:00,3.443
22/12/2023,15:00,3.302
22/12/2023,16:00,3.467
22/12/2023,17:00,3.491
22/12/2023,18:00,3.042
22/12/2023,19:00,2.759
22/12/2023,20:00,1.958
22/12/2023,21:00,3.42
22/12/2023,22:00,3.467
22/12/2023,23:00,3.703
22/12/2023,24:00:00,3.915
23/12/2023,01:00,4.575
23/12/2023,02:00,3.561
23/12/2023,03:00,3.302
23/12/2023,04:00,2.759
23/12/2023,05:00,2.476
23/12/2023,06:00,1.887
23/12/2023,07:00,1.934
23/12/2023,08:00,0.991
23/12/2023,09:00,1.132
23/12/2023,10:00,0.967
23/12/2023,11:00,0.849
23/12/2023,12:00,0.637
23/12/2023,13:00,1.439
23/12/2023,14:00,2.264
23/12/2023,15:00,1.769
23/12/2023,16:00,1.179
23/12/2023,17:00,2.005
23/12/2023,18:00,1.486
23/12/2023,19:00,1.91
23/12/2023,20:00,1.769
23/12/2023,21:00,1.722
23/12/2023,22:00,1.698
23/12/2023,23:00,0.991
23/12/2023,24:00:00,0.637
24/12/2023,01:00,0.448
24/12/2023,02:00,0.354
24/12/2023,03:00,0.425
24/12/2023,04:00,0.566
24/12/2023,05:00,1.25
24/12/2023,06:00,1.085
24/12/2023,07:00,1.109
24/12/2023,08:00,0.943
24/12/2023,09:00,1.203
24/12/2023,10:00,0.755
24/12/2023,11:00,0.684
24/12/2023,12:00,0.967
24/12/2023,13:00,1.014
24/12/2023,14:00,0.66
24/12/2023,15:00,0.802
24/12/2023,16:00,1.958
24/12/2023,17:00,2.099
24/12/2023,18:00,1.769
24/12/2023,19:00,2.311
24/12/2023,20:00,2.476
24/12/2023,21:00,2.005
24/12/2023,22:00,3.16
24/12/2023,23:00,2.5
24/12/2023,24:00:00,1.604
25/12/2023,01:00,2.028
25/12/2023,02:00,2.972
25/12/2023,03:00,3.373
25/12/2023,04:00,2.571
25/12/2023,05:00,2.359
25/12/2023,06:00,3.208
25/12/2023,07:00,3.373
25/12/2023,08:00,3.208
25/12/2023,09:00,3.514
25/12/2023,10:00,3.75
25/12/2023,11:00,3.632
25/12/2023,12:00,3.892
25/12/2023,13:00,4.222
25/12/2023,14:00,4.08
25/12/2023,15:00,4.363
25/12/2023,16:00,4.104
25/12/2023,17:00,3.325
25/12/2023,18:00,2.099
25/12/2023,19:00,2.075
25/12/2023,20:00,2.288
25/12/2023,21:00,2.594
25/12/2023,22:00,2.028
25/12/2023,23:00,3.703
25/12/2023,24:00:00,3.821
26/12/2023,01:00,4.34
26/12/2023,02:00,4.292
26/12/2023,03:00,3.939
26/12/2023,04:00,4.528
26/12/2023,05:00,4.057
26/12/2023,06:00,3.467
26/12/2023,07:00,2.759
26/12/2023,08:00,2.854
26/12/2023,09:00,2.712
26/12/2023,10:00,2.217
26/12/2023,11:00,1.769
26/12/2023,12:00,1.627
26/12/2023,13:00,2.406
26/12/2023,14:00,3.538
26/12/2023,15:00,3.656
26/12/2023,16:00,4.811
26/12/2023,17:00,6.179
26/12/2023,18:00,9.269
26/12/2023,19:00,15.212
26/12/2023,20:00,15.354
26/12/2023,21:00,16.863
26/12/2023,22:00,17.429
26/12/2023,23:00,17.5
26/12/2023,24:00:00,15.448
27/12/2023,01:00,12.241
27/12/2023,02:00,7.972
27/12/2023,03:00,5.165
27/12/2023,04:00,5.519
27/12/2023,05:00,5.802
27/12/2023,06:00,4.175
27/12/2023,07:00,2.335
27/12/2023,08:00,1.651
27/12/2023,09:00,1.25
27/12/2023,10:00,1.557
27/12/2023,11:00,2.005
27/12/2023,12:00,2.241
27/12/2023,13:00,1.934
27/12/2023,14:00,1.863
27/12/2023,15:00,1.84
27/12/2023,16:00,1.557
27/12/2023,17:00,0.802
27/12/2023,18:00,2.099
27/12/2023,19:00,2.972
27/12/2023,20:00,3.09
27/12/2023,21:00,1.887
27/12/2023,22:00,4.198
27/12/2023,23:00,5.472
27/12/2023,24:00:00,5
28/12/2023,01:00,6.462
28/12/2023,02:00,8.75
28/12/2023,03:00,8.962
28/12/2023,04:00,9.222
28/12/2023,05:00,6.91
28/12/2023,06:00,7.972
28/12/2023,07:00,9.222
28/12/2023,08:00,9.882
28/12/2023,09:00,3.892
28/12/2023,10:00,3.42
28/12/2023,11:00,4.717
28/12/2023,12:00,4.67
28/12/2023,13:00,3.491
28/12/2023,14:00,2.052
28/12/2023,15:00,5.165
28/12/2023,16:00,6.109
28/12/2023,17:00,5.991
28/12/2023,18:00,8.09
28/12/2023,19:00,8.75
28/12/2023,20:00,8.915
28/12/2023,21:00,7.783
28/12/2023,22:00,5.401
28/12/2023,23:00,4.929
28/12/2023,24:00:00,7.264
29/12/2023,01:00,7.193
29/12/2023,02:00,5.967
29/12/2023,03:00,5.731
29/12/2023,04:00,5.802
29/12/2023,05:00,6.486
29/12/2023,06:00,7.005
29/12/2023,07:00,7.335
29/12/2023,08:00,7.382
29/12/2023,09:00,7.005
29/12/2023,10:00,7.005
29/12/2023,11:00,6.651
29/12/2023,12:00,6.769
29/12/2023,13:00,6.226
29/12/2023,14:00,6.038
29/12/2023,15:00,6.132
29/12/2023,16:00,2.689
29/12/2023,17:00,3.255
29/12/2023,18:00,8.326
29/12/2023,19:00,3.09
29/12/2023,20:00,2.972
29/12/2023,21:00,3.443
29/12/2023,22:00,3.491
29/12/2023,23:00,3.561
29/12/2023,24:00:00,3.137
30/12/2023,01:00,3.066
30/12/2023,02:00,3.184
30/12/2023,03:00,3.278
30/12/2023,04:00,3.16
30/12/2023,05:00,3.373
30/12/2023,06:00,3.42
30/12/2023,07:00,3.42
30/12/2023,08:00,3.208
30/12/2023,09:00,3.09
30/12/2023,10:00,3.774
30/12/2023,11:00,4.599
30/12/2023,12:00,6.84
30/12/2023,13:00,6.392
30/12/2023,14:00,3.844
30/12/2023,15:00,4.198
30/12/2023,16:00,5.448
30/12/2023,17:00,5.071
30/12/2023,18:00,4.245
30/12/2023,19:00,3.443
30/12/2023,20:00,2.17
30/12/2023,21:00,1.439
30/12/2023,22:00,1.792
30/12/2023,23:00,1.816
30/12/2023,24:00:00,1.84
31/12/2023,01:00,2.028
31/12/2023,02:00,1.392
31/12/2023,03:00,1.061
31/12/2023,04:00,0.991
31/12/2023,05:00,1.604
31/12/2023,06:00,2.217
31/12/2023,07:00,2.665
31/12/2023,08:00,2.406
31/12/2023,09:00,2.146
31/12/2023,10:00,2.476
31/12/2023,11:00,3.656
31/12/2023,12:00,3.184
31/12/2023,13:00,2.83
31/12/2023,14:00,2.052
31/12/2023,15:00,1.722
31/12/2023,16:00,2.028
31/12/2023,17:00,2.217
31/12/2023,18:00,3.396
31/12/2023,19:00,3.137
31/12/2023,20:00,2.948
31/12/2023,21:00,2.288
31/12/2023,22:00,1.344
31/12/2023,23:00,1.344
31/12/2023,24:00:00,1.604
01/01/2024,01:00,4.057
01/01/2024,02:00,1.179
01/01/2024,03:00,1.462
01/01/2024,04:00,2.83
01/01/2024,05:00,3.16
01/01/2024,06:00,3.42
01/01/2024,07:00,2.854
01/01/2024,08:00,2.995
01/01/2024,09:00,2.689
01/01/2024,10:00,3.16
01/01/2024,11:00,4.41
01/01/2024,12:00,4.198
01/01/2024,13:00,4.269
01/01/2024,14:00,4.929
01/01/2024,15:00,5.142
01/01/2024,16:00,6.085
01/01/2024,17:00,7.146
01/01/2024,18:00,8.09
01/01/2024,19:00,7.547
01/01/2024,20:00,4.458
01/01/2024,21:00,2.382
01/01/2024,22:00,1.25
01/01/2024,23:00,1.203
01/01/2024,24:00:00,1.203
02/01/2024,01:00,1.321
02/01/2024,02:00,2.335
02/01/2024,03:00,3.302
02/01/2024,04:00,4.764
02/01/2024,05:00,4.788
02/01/2024,06:00,4.269
02/01/2024,07:00,4.505
02/01/2024,08:00,5.896
02/01/2024,09:00,5.943
02/01/2024,10:00,7.052
02/01/2024,11:00,8.774
02/01/2024,12:00,8.609
02/01/2024,13:00,7.547
02/01/2024,14:00,5.094
02/01/2024,15:00,3.986
02/01/2024,16:00,2.547
02/01/2024,17:00,4.151
02/01/2024,18:00,2.759
02/01/2024,19:00,1.651
02/01/2024,20:00,2.901
02/01/2024,21:00,3.278
02/01/2024,22:00,2.759
02/01/2024,23:00,2.288
02/01/2024,24:00:00,1.226
03/01/2024,01:00,2.288
03/01/2024,02:00,2.288
03/01/2024,03:00,1.958
03/01/2024,04:00,2.335
03/01/2024,05:00,2.5
03/01/2024,06:00,4.175
03/01/2024,07:00,5
03/01/2024,08:00,4.906
03/01/2024,09:00,5.425
03/01/2024,10:00,7.311
03/01/2024,11:00,6.934
03/01/2024,12:00,5.943
03/01/2024,13:00,5.802
03/01/2024,14:00,6.698
03/01/2024,15:00,5.024
03/01/2024,16:00,3.066
03/01/2024,17:00,4.788
03/01/2024,18:00,6.061
03/01/2024,19:00,5.425
03/01/2024,20:00,4.033
03/01/2024,21:00,2.642
03/01/2024,22:00,2.429
03/01/2024,23:00,2.311
03/01/2024,24:00:00,1.769
04/01/2024,01:00,2.311
04/01/2024,02:00,3.16
04/01/2024,03:00,3.302
04/01/2024,04:00,2.948
04/01/2024,05:00,2.17
04/01/2024,06:00,1.651
04/01/2024,07:00,2.877
04/01/2024,08:00,2.995
04/01/2024,09:00,3.962
04/01/2024,10:00,6.981
04/01/2024,11:00,4.458
04/01/2024,12:00,5.755
04/01/2024,13:00,6.297
04/01/2024,14:00,6.981
04/01/2024,15:00,8.821
04/01/2024,16:00,11.698
04/01/2024,17:00,19.293
04/01/2024,18:00,16.274
04/01/2024,19:00,21.51
04/01/2024,20:00,24.151
04/01/2024,21:00,22.925
04/01/2024,22:00,27.335
04/01/2024,23:00,28.632
04/01/2024,24:00:00,23.632
05/01/2024,01:00,18.609
05/01/2024,02:00,16.392
05/01/2024,03:00,8.726
05/01/2024,04:00,6.061
05/01/2024,05:00,6.439
05/01/2024,06:00,4.387
05/01/2024,07:00,4.151
05/01/2024,08:00,4.387
05/01/2024,09:00,5.118
05/01/2024,10:00,7.028
05/01/2024,11:00,5
05/01/2024,12:00,8.491
05/01/2024,13:00,4.458
05/01/2024,14:00,4.646
05/01/2024,15:00,5.684
05/01/2024,16:00,6.462
05/01/2024,17:00,7.995
05/01/2024,18:00,11.274
05/01/2024,19:00,16.863
05/01/2024,20:00,21.486
05/01/2024,21:00,20.613
05/01/2024,22:00,21.651
05/01/2024,23:00,14.434
05/01/2024,24:00:00,17.807
06/01/2024,01:00,15
06/01/2024,02:00,11.84
06/01/2024,03:00,6.179
06/01/2024,04:00,5.566
06/01/2024,05:00,2.359
06/01/2024,06:00,2.453
06/01/2024,07:00,3.467
06/01/2024,08:00,3.42
06/01/2024,09:00,3.632
06/01/2024,10:00,5.094
06/01/2024,11:00,5.826
06/01/2024,12:00,4.009
06/01/2024,13:00,3.561
06/01/2024,14:00,3.986
06/01/2024,15:00,4.859
06/01/2024,16:00,5.708
06/01/2024,17:00,11.132
06/01/2024,18:00,13.986
06/01/2024,19:00,12.193
06/01/2024,20:00,12.642
06/01/2024,21:00,7.123
06/01/2024,22:00,6.934
06/01/2024,23:00,9.528
06/01/2024,24:00:00,9.08
07/01/2024,01:00,8.349
07/01/2024,02:00,5.943
07/01/2024,03:00,4.741
07/01/2024,04:00,6.25
07/01/2024,05:00,6.675
07/01/2024,06:00,4.953
07/01/2024,07:00,4.363
07/01/2024,08:00,4.434
07/01/2024,09:00,4.033
07/01/2024,10:00,4.434
07/01/2024,11:00,4.222
07/01/2024,12:00,4.104
07/01/2024,13:00,3.184
07/01/2024,14:00,3.656
07/01/2024,15:00,3.373
07/01/2024,16:00,4.009
07/01/2024,17:00,5.495
07/01/2024,18:00,7.217
07/01/2024,19:00,7.264
07/01/2024,20:00,13.208
07/01/2024,21:00,8.184
07/01/2024,22:00,5.778
07/01/2024,23:00,6.604
07/01/2024,24:00:00,6.816
08/01/2024,01:00,8.231
08/01/2024,02:00,10.283
08/01/2024,03:00,10.826
08/01/2024,04:00,9.953
08/01/2024,05:00,10.991
08/01/2024,06:00,9.127
08/01/2024,07:00,5.425
08/01/2024,08:00,4.245
08/01/2024,09:00,6.533
08/01/2024,10:00,5.991
08/01/2024,11:00,6.179
08/01/2024,12:00,6.415
08/01/2024,13:00,6.156
08/01/2024,14:00,6.675
08/01/2024,15:00,7.028
08/01/2024,16:00,6.745
08/01/2024,17:00,6.958
08/01/2024,18:00,6.344
08/01/2024,19:00,6.958
08/01/2024,20:00,6.038
08/01/2024,21:00,6.014
08/01/2024,22:00,6.038
08/01/2024,23:00,6.392
08/01/2024,24:00:00,6.297
09/01/2024,01:00,5.448
09/01/2024,02:00,5.519
09/01/2024,03:00,5.637
09/01/2024,04:00,5.613
09/01/2024,05:00,5.66
09/01/2024,06:00,6.439
09/01/2024,07:00,6.792
09/01/2024,08:00,7.972
09/01/2024,09:00,8.726
09/01/2024,10:00,8.797
09/01/2024,11:00,8.75
09/01/2024,12:00,7.877
09/01/2024,13:00,7.146
09/01/2024,14:00,7.076
09/01/2024,15:00,6.462
09/01/2024,16:00,6.769
09/01/2024,17:00,6.722
09/01/2024,18:00,7.712
09/01/2024,19:00,7.665
09/01/2024,20:00,6.533
09/01/2024,21:00,4.976
09/01/2024,22:00,5.637
09/01/2024,23:00,4.741
09/01/2024,24:00:00,3.609
10/01/2024,01:00,5.236
10/01/2024,02:00,7.241
10/01/2024,03:00,4.033
10/01/2024,04:00,3.349
10/01/2024,05:00,3.443
10/01/2024,06:00,3.75
10/01/2024,07:00,3.278
10/01/2024,08:00,4.741
10/01/2024,09:00,5.542
10/01/2024,10:00,7.5
10/01/2024,11:00,5.165
10/01/2024,12:00,7.076
10/01/2024,13:00,6.061
10/01/2024,14:00,6.156
10/01/2024,15:00,5.59
10/01/2024,16:00,4.34
10/01/2024,17:00,2.618
10/01/2024,18:00,3.491
10/01/2024,19:00,3.278
10/01/2024,20:00,2.948
10/01/2024,21:00,2.618
10/01/2024,22:00,2.712
10/01/2024,23:00,3.844
10/01/2024,24:00:00,3.042
11/01/2024,01:00,3.538
11/01/2024,02:00,3.726
11/01/2024,03:00,3.09
11/01/2024,04:00,3.184
11/01/2024,05:00,3.137
11/01/2024,06:00,3.137
11/01/2024,07:00,3.396
11/01/2024,08:00,3.703
11/01/2024,09:00,4.198
11/01/2024,10:00,4.906
11/01/2024,11:00,5.684
11/01/2024,12:00,5.495
11/01/2024,13:00,6.557
11/01/2024,14:00,6.085
11/01/2024,15:00,6.84
11/01/2024,16:00,5.967
11/01/2024,17:00,5.519
11/01/2024,18:00,5.778
11/01/2024,19:00,5.165
11/01/2024,20:00,5.826
11/01/2024,21:00,5
11/01/2024,22:00,4.811
11/01/2024,23:00,4.906
11/01/2024,24:00:00,3.726
12/01/2024,01:00,4.222
12/01/2024,02:00,3.844
12/01/2024,03:00,3.443
12/01/2024,04:00,3.703
12/01/2024,05:00,3.892
12/01/2024,06:00,4.057
12/01/2024,07:00,3.491
12/01/2024,08:00,3.585
12/01/2024,09:00,3.632
12/01/2024,10:00,2.5
12/01/2024,11:00,3.962
12/01/2024,12:00,6.297
12/01/2024,13:00,8.514
12/01/2024,14:00,10.543
12/01/2024,15:00,9.104
12/01/2024,16:00,10.283
12/01/2024,17:00,9.34
12/01/2024,18:00,10.943
12/01/2024,19:00,14.976
12/01/2024,20:00,16.486
12/01/2024,21:00,18.514
12/01/2024,22:00,23.42
12/01/2024,23:00,26.533
12/01/2024,24:00:00,28.915
13/01/2024,01:00,26.321
13/01/2024,02:00,24.977
13/01/2024,03:00,24.717
13/01/2024,04:00,11.179
13/01/2024,05:00,1.722
13/01/2024,06:00,1.156
13/01/2024,07:00,1.226
13/01/2024,08:00,2.524
13/01/2024,09:00,4.859
13/01/2024,10:00,6.698
13/01/2024,11:00,3.844
13/01/2024,12:00,3.821
13/01/2024,13:00,4.363
13/01/2024,14:00,4.245
13/01/2024,15:00,3.939
13/01/2024,16:00,3.939
13/01/2024,17:00,6.58
13/01/2024,18:00,6.392
13/01/2024,19:00,5.142
13/01/2024,20:00,5.755
13/01/2024,21:00,5
13/01/2024,22:00,4.835
13/01/2024,23:00,4.363
13/01/2024,24:00:00,4.057
14/01/2024,01:00,3.373
14/01/2024,02:00,3.443
14/01/2024,03:00,3.373
14/01/2024,04:00,2.972
14/01/2024,05:00,2.736
14/01/2024,06:00,2.524
14/01/2024,07:00,2.901
14/01/2024,08:00,2.877
14/01/2024,09:00,3.137
14/01/2024,10:00,2.972
14/01/2024,11:00,2.995
14/01/2024,12:00,3.184
14/01/2024,13:00,2.925
14/01/2024,14:00,2.665
14/01/2024,15:00,2.877
14/01/2024,16:00,2.783
14/01/2024,17:00,2.854
14/01/2024,18:00,3.231
14/01/2024,19:00,3.774
14/01/2024,20:00,3.184
14/01/2024,21:00,3.231
14/01/2024,22:00,3.325
14/01/2024,23:00,2.783
14/01/2024,24:00:00,2.241
15/01/2024,01:00,1.981
15/01/2024,02:00,1.745
15/01/2024,03:00,1.675
15/01/2024,04:00,1.604
15/01/2024,05:00,1.486
15/01/2024,06:00,2.028
15/01/2024,07:00,2.406
15/01/2024,08:00,2.476
15/01/2024,09:00,2.571
15/01/2024,10:00,3.208
15/01/2024,11:00,4.434
15/01/2024,12:00,3.962
15/01/2024,13:00,3.844
15/01/2024,14:00,4.245
15/01/2024,15:00,3.797
15/01/2024,16:00,3.868
15/01/2024,17:00,5.354
15/01/2024,18:00,7.571
15/01/2024,19:00,7.052
15/01/2024,20:00,6.84
15/01/2024,21:00,6.887
15/01/2024,22:00,6.981
15/01/2024,23:00,9.222
15/01/2024,24:00:00,6.274
16/01/2024,01:00,4.882
16/01/2024,02:00,4.528
16/01/2024,03:00,5.401
16/01/2024,04:00,6.462
16/01/2024,05:00,7.005
16/01/2024,06:00,8.609
16/01/2024,07:00,5.943
16/01/2024,08:00,8.278
16/01/2024,09:00,8.208
16/01/2024,10:00,10.024
16/01/2024,11:00,7.901
16/01/2024,12:00,8.302
16/01/2024,13:00,6.958
16/01/2024,14:00,5.92
16/01/2024,15:00,5.684
16/01/2024,16:00,5.495
16/01/2024,17:00,4.906
16/01/2024,18:00,4.458
16/01/2024,19:00,4.41
16/01/2024,20:00,4.528
16/01/2024,21:00,4.222
16/01/2024,22:00,4.929
16/01/2024,23:00,4.34
16/01/2024,24:00:00,4.41
17/01/2024,01:00,4.458
17/01/2024,02:00,5.826
17/01/2024,03:00,5.566
17/01/2024,04:00,5
17/01/2024,05:00,3.42
17/01/2024,06:00,3.585
17/01/2024,07:00,4.693
17/01/2024,08:00,4.08
17/01/2024,09:00,4.717
17/01/2024,10:00,7.028
17/01/2024,11:00,4.245
17/01/2024,12:00,3.538
17/01/2024,13:00,4.057
17/01/2024,14:00,4.222
17/01/2024,15:00,9.623
17/01/2024,16:00,8.09
17/01/2024,17:00,12.925
17/01/2024,18:00,13.184
17/01/2024,19:00,11.226
17/01/2024,20:00,12.453
17/01/2024,21:00,15.071
17/01/2024,22:00,6.557
17/01/2024,23:00,6.274
17/01/2024,24:00:00,5.66
18/01/2024,01:00,6.722
18/01/2024,02:00,7.642
18/01/2024,03:00,3.75
18/01/2024,04:00,4.741
18/01/2024,05:00,3.939
18/01/2024,06:00,4.198
18/01/2024,07:00,4.929
18/01/2024,08:00,4.929
18/01/2024,09:00,6.675
18/01/2024,10:00,8.561
18/01/2024,11:00,6.91
18/01/2024,12:00,5.071
18/01/2024,13:00,4.693
18/01/2024,14:00,4.764
18/01/2024,15:00,4.41
18/01/2024,16:00,5.59
18/01/2024,17:00,10.731
18/01/2024,18:00,5.66
18/01/2024,19:00,4.481
18/01/2024,20:00,5.142
18/01/2024,21:00,6.91
18/01/2024,22:00,5.259
18/01/2024,23:00,4.363
18/01/2024,24:00:00,6.698
19/01/2024,01:00,8.302
19/01/2024,02:00,6.321
19/01/2024,03:00,2.948
19/01/2024,04:00,3.585
19/01/2024,05:00,3.939
19/01/2024,06:00,6.274
19/01/2024,07:00,5.873
19/01/2024,08:00,5.283
19/01/2024,09:00,5.307
19/01/2024,10:00,7.877
19/01/2024,11:00,6.061
19/01/2024,12:00,7.217
19/01/2024,13:00,6.84
19/01/2024,14:00,5.259
19/01/2024,15:00,4.953
19/01/2024,16:00,4.953
19/01/2024,17:00,4.41
19/01/2024,18:00,4.528
19/01/2024,19:00,5.024
19/01/2024,20:00,5.094
19/01/2024,21:00,4.269
19/01/2024,22:00,3.726
19/01/2024,23:00,3.821
19/01/2024,24:00:00,4.175
20/01/2024,01:00,3.821
20/01/2024,02:00,4.41
20/01/2024,03:00,4.764
20/01/2024,04:00,5.094
20/01/2024,05:00,4.387
20/01/2024,06:00,3.656
20/01/2024,07:00,3.16
20/01/2024,08:00,3.16
20/01/2024,09:00,3.821
20/01/2024,10:00,3.231
20/01/2024,11:00,3.514
20/01/2024,12:00,4.222
20/01/2024,13:00,5.472
20/01/2024,14:00,5.66
20/01/2024,15:00,5.542
20/01/2024,16:00,6.085
20/01/2024,17:00,6.84
20/01/2024,18:00,7.689
20/01/2024,19:00,8.396
20/01/2024,20:00,9.127
20/01/2024,21:00,9.434
20/01/2024,22:00,7.524
20/01/2024,23:00,5.33
20/01/2024,24:00:00,5.731
21/01/2024,01:00,6.509
21/01/2024,02:00,6.745
21/01/2024,03:00,6.486
21/01/2024,04:00,3.679
21/01/2024,05:00,1.627
21/01/2024,06:00,1.816
21/01/2024,07:00,2.288
21/01/2024,08:00,2.83
21/01/2024,09:00,3.75
21/01/2024,10:00,5
21/01/2024,11:00,5.802
21/01/2024,12:00,6.981
21/01/2024,13:00,7.217
21/01/2024,14:00,8.75
21/01/2024,15:00,7.406
21/01/2024,16:00,7.925
21/01/2024,17:00,8.75
21/01/2024,18:00,7.382
21/01/2024,19:00,3.797
21/01/2024,20:00,3.113
21/01/2024,21:00,2.783
21/01/2024,22:00,2.123
21/01/2024,23:00,1.132
21/01/2024,24:00:00,2.052
22/01/2024,01:00,4.929
22/01/2024,02:00,6.156
22/01/2024,03:00,8.326
22/01/2024,04:00,7.665
22/01/2024,05:00,6.25
22/01/2024,06:00,7.005
22/01/2024,07:00,7.028
22/01/2024,08:00,6.58
22/01/2024,09:00,7.005
22/01/2024,10:00,6.981
22/01/2024,11:00,
22/01/2024,12:00,
22/01/2024,13:00,6.91
22/01/2024,14:00,6.557
22/01/2024,15:00,6.73
22/01/2024,16:00,6.627
22/01/2024,17:00,6.557
22/01/2024,18:00,6.038
22/01/2024,19:00,5.991
22/01/2024,20:00,5.401
22/01/2024,21:00,6.675
22/01/2024,22:00,8.326
22/01/2024,23:00,9.458
22/01/2024,24:00:00,9.458
23/01/2024,01:00,9.576
23/01/2024,02:00,10.826
23/01/2024,03:00,10.967
23/01/2024,04:00,11.109
23/01/2024,05:00,10.967
23/01/2024,06:00,10.566
23/01/2024,07:00,10.425
23/01/2024,08:00,10.259
23/01/2024,09:00,12.854
23/01/2024,10:00,15.26
23/01/2024,11:00,13.443
23/01/2024,12:00,6.297
23/01/2024,13:00,7.429
23/01/2024,14:00,3.278
23/01/2024,15:00,1.792
23/01/2024,16:00,2.123
23/01/2024,17:00,1.203
23/01/2024,18:00,0.92
23/01/2024,19:00,1.014
23/01/2024,20:00,0.92
23/01/2024,21:00,2.17
23/01/2024,22:00,5.495
23/01/2024,23:00,10.33
23/01/2024,24:00:00,12.618
24/01/2024,01:00,11.132
24/01/2024,02:00,11.934
24/01/2024,03:00,10.896
24/01/2024,04:00,8.892
24/01/2024,05:00,8.844
24/01/2024,06:00,9.08
24/01/2024,07:00,10.071
24/01/2024,08:00,10
24/01/2024,09:00,10.212
24/01/2024,10:00,9.741
24/01/2024,11:00,9.693
24/01/2024,12:00,11.392
24/01/2024,13:00,12.311
24/01/2024,14:00,11.651
24/01/2024,15:00,12.052
24/01/2024,16:00,12.547
24/01/2024,17:00,11.793
24/01/2024,18:00,12.099
24/01/2024,19:00,11.627
24/01/2024,20:00,11.887
24/01/2024,21:00,12.5
24/01/2024,22:00,13.208
24/01/2024,23:00,15.142
24/01/2024,24:00:00,13.278
25/01/2024,01:00,13.514
25/01/2024,02:00,14.057
25/01/2024,03:00,14.505
25/01/2024,04:00,13.632
25/01/2024,05:00,13.797
25/01/2024,06:00,13.679
25/01/2024,07:00,15.826
25/01/2024,08:00,15.802
25/01/2024,09:00,12.642
25/01/2024,10:00,11.533
25/01/2024,11:00,10.723
25/01/2024,12:00,
25/01/2024,13:00,
25/01/2024,14:00,5.377
25/01/2024,15:00,3.656
25/01/2024,16:00,3.396
25/01/2024,17:00,3.16
25/01/2024,18:00,3.726
25/01/2024,19:00,4.033
25/01/2024,20:00,2.995
25/01/2024,21:00,2.406
25/01/2024,22:00,5.59
25/01/2024,23:00,4.575
25/01/2024,24:00:00,1.91
26/01/2024,01:00,0.66
26/01/2024,02:00,0.66
26/01/2024,03:00,1.109
26/01/2024,04:00,1.557
26/01/2024,05:00,2.807
26/01/2024,06:00,3.774
26/01/2024,07:00,5.142
26/01/2024,08:00,5.448
26/01/2024,09:00,5.613
26/01/2024,10:00,6.061
26/01/2024,11:00,6.722
26/01/2024,12:00,7.146
26/01/2024,13:00,7.311
26/01/2024,14:00,6.321
26/01/2024,15:00,6.038
26/01/2024,16:00,6.698
26/01/2024,17:00,7.406
26/01/2024,18:00,9.245
26/01/2024,19:00,7.642
26/01/2024,20:00,7.406
26/01/2024,21:00,7.453
26/01/2024,22:00,10.307
26/01/2024,23:00,9.363
26/01/2024,24:00:00,8.75
27/01/2024,01:00,6.722
27/01/2024,02:00,6.462
27/01/2024,03:00,6.415
27/01/2024,04:00,6.274
27/01/2024,05:00,5.519
27/01/2024,06:00,5.448
27/01/2024,07:00,5.637
27/01/2024,08:00,7.146
27/01/2024,09:00,7.335
27/01/2024,10:00,6.132
27/01/2024,11:00,6.58
27/01/2024,12:00,7.005
27/01/2024,13:00,6.934
27/01/2024,14:00,6.981
27/01/2024,15:00,6.604
27/01/2024,16:00,6.085
27/01/2024,17:00,7.17
27/01/2024,18:00,8.538
27/01/2024,19:00,11.203
27/01/2024,20:00,11.651
27/01/2024,21:00,9.576
27/01/2024,22:00,8.326
27/01/2024,23:00,8.113
27/01/2024,24:00:00,8.255
28/01/2024,01:00,6.745
28/01/2024,02:00,6.863
28/01/2024,03:00,7.146
28/01/2024,04:00,6.533
28/01/2024,05:00,5.92
28/01/2024,06:00,6.769
28/01/2024,07:00,7.995
28/01/2024,08:00,7.264
28/01/2024,09:00,7.335
28/01/2024,10:00,7.028
28/01/2024,11:00,6.58
28/01/2024,12:00,7.524
28/01/2024,13:00,9.104
28/01/2024,14:00,11.934
28/01/2024,15:00,10.543
28/01/2024,16:00,9.151
28/01/2024,17:00,8.443
28/01/2024,18:00,12.571
28/01/2024,19:00,9.528
28/01/2024,20:00,11.226
28/01/2024,21:00,11.604
28/01/2024,22:00,11.934
28/01/2024,23:00,12.429
28/01/2024,24:00:00,12.217
29/01/2024,01:00,13.538
29/01/2024,02:00,13.986
29/01/2024,03:00,14.741
29/01/2024,04:00,16.51
29/01/2024,05:00,18.986
29/01/2024,06:00,18.137
29/01/2024,07:00,24.458
29/01/2024,08:00,24.363
29/01/2024,09:00,23.774
29/01/2024,10:00,21.25
29/01/2024,11:00,24.599
29/01/2024,12:00,20.33
29/01/2024,13:00,23.939
29/01/2024,14:00,23.892
29/01/2024,15:00,26.58
29/01/2024,16:00,23.444
29/01/2024,17:00,17.099
29/01/2024,18:00,13.278
29/01/2024,19:00,12.476
29/01/2024,20:00,14.717
29/01/2024,21:00,17.311
29/01/2024,22:00,19.882
29/01/2024,23:00,20.59
29/01/2024,24:00:00,18.774
30/01/2024,01:00,22.925
30/01/2024,02:00,17.854
30/01/2024,03:00,11.58
30/01/2024,04:00,3.962
30/01/2024,05:00,0.92
30/01/2024,06:00,1.25
30/01/2024,07:00,1.462
30/01/2024,08:00,1.675
30/01/2024,09:00,3.962
30/01/2024,10:00,2.547
30/01/2024,11:00,2.382
30/01/2024,12:00,2.193
30/01/2024,13:00,1.792
30/01/2024,14:00,1.627
30/01/2024,15:00,2.075
30/01/2024,16:00,3.066
30/01/2024,17:00,4.316
30/01/2024,18:00,4.599
30/01/2024,19:00,6.392
30/01/2024,20:00,9.67
30/01/2024,21:00,10.991
30/01/2024,22:00,11.297
30/01/2024,23:00,13.231
30/01/2024,24:00:00,10.566
31/01/2024,01:00,8.656
31/01/2024,02:00,7.83
31/01/2024,03:00,7.453
31/01/2024,04:00,8.679
31/01/2024,05:00,4.835
31/01/2024,06:00,3.42
31/01/2024,07:00,3.774
31/01/2024,08:00,3.797
31/01/2024,09:00,4.646
31/01/2024,10:00,4.953
31/01/2024,11:00,5.212
31/01/2024,12:00,5.967
31/01/2024,13:00,6.038
31/01/2024,14:00,5.731
31/01/2024,15:00,4.528
31/01/2024,16:00,3.679
31/01/2024,17:00,2.406
31/01/2024,18:00,2.028
31/01/2024,19:00,1.627
31/01/2024,20:00,1.25
31/01/2024,21:00,3.844
31/01/2024,22:00,7.83
31/01/2024,23:00,8.09
31/01/2024,24:00:00,9.293
01/02/2024,01:00,9.717
01/02/2024,02:00,9.764
01/02/2024,03:00,9.693
01/02/2024,04:00,9.717
01/02/2024,05:00,9.316
01/02/2024,06:00,8.892
01/02/2024,07:00,8.514
01/02/2024,08:00,8.585
01/02/2024,09:00,8.656
01/02/2024,10:00,8.892
01/02/2024,11:00,7.972
01/02/2024,12:00,8.585
01/02/2024,13:00,8.208
01/02/2024,14:00,7.783
01/02/2024,15:00,7.594
01/02/2024,16:00,7.995
01/02/2024,17:00,8.491
01/02/2024,18:00,8.679
01/02/2024,19:00,8.302
01/02/2024,20:00,7.854
01/02/2024,21:00,7.571
01/02/2024,22:00,8.137
01/02/2024,23:00,7.901
01/02/2024,24:00:00,6.203
02/02/2024,01:00,4.033
02/02/2024,02:00,3.16
02/02/2024,03:00,2.901
02/02/2024,04:00,2.311
02/02/2024,05:00,1.58
02/02/2024,06:00,0.731
02/02/2024,07:00,1.156
02/02/2024,08:00,2.807
02/02/2024,09:00,4.481
02/02/2024,10:00,2.146
02/02/2024,11:00,1.085
02/02/2024,12:00,1.297
02/02/2024,13:00,2.123
02/02/2024,14:00,3.042
02/02/2024,15:00,2.5
02/02/2024,16:00,3.16
02/02/2024,17:00,2.5
02/02/2024,18:00,2.689
02/02/2024,19:00,2.689
02/02/2024,20:00,3.396
02/02/2024,21:00,4.08
02/02/2024,22:00,4.292
02/02/2024,23:00,2.736
02/02/2024,24:00:00,1.722
03/02/2024,01:00,1.863
03/02/2024,02:00,2.311
03/02/2024,03:00,2.901
03/02/2024,04:00,3.066
03/02/2024,05:00,2.712
03/02/2024,06:00,2.5
03/02/2024,07:00,1.863
03/02/2024,08:00,1.25
03/02/2024,09:00,2.075
03/02/2024,10:00,1.651
03/02/2024,11:00,1.722
03/02/2024,12:00,1.415
03/02/2024,13:00,1.745
03/02/2024,14:00,2.736
03/02/2024,15:00,2.618
03/02/2024,16:00,1.816
03/02/2024,17:00,1.509
03/02/2024,18:00,2.052
03/02/2024,19:00,5.92
03/02/2024,20:00,6.226
03/02/2024,21:00,6.462
03/02/2024,22:00,6.58
03/02/2024,23:00,6.156
03/02/2024,24:00:00,6.297
04/02/2024,01:00,5.189
04/02/2024,02:00,3.302
04/02/2024,03:00,2.382
04/02/2024,04:00,2.028
04/02/2024,05:00,1.58
04/02/2024,06:00,1.509
04/02/2024,07:00,1.085
04/02/2024,08:00,1.014
04/02/2024,09:00,0.637
04/02/2024,10:00,0.849
04/02/2024,11:00,1.816
04/02/2024,12:00,2.406
04/02/2024,13:00,2.075
04/02/2024,14:00,1.698
04/02/2024,15:00,1.981
04/02/2024,16:00,2.712
04/02/2024,17:00,4.882
04/02/2024,18:00,8.09
04/02/2024,19:00,11.769
04/02/2024,20:00,13.821
04/02/2024,21:00,15.354
04/02/2024,22:00,15.755
04/02/2024,23:00,15.802
04/02/2024,24:00:00,15.142
05/02/2024,01:00,14.552
05/02/2024,02:00,13.939
05/02/2024,03:00,13.019
05/02/2024,04:00,11.91
05/02/2024,05:00,9.481
05/02/2024,06:00,7.689
05/02/2024,07:00,6.486
05/02/2024,08:00,7.146
05/02/2024,09:00,9.363
05/02/2024,10:00,6.321
05/02/2024,11:00,2.665
05/02/2024,12:00,2.547
05/02/2024,13:00,5.259
05/02/2024,14:00,6.58
05/02/2024,15:00,7.995
05/02/2024,16:00,7.783
05/02/2024,17:00,7.311
05/02/2024,18:00,8.514
05/02/2024,19:00,8.373
05/02/2024,20:00,6.981
05/02/2024,21:00,5.425
05/02/2024,22:00,3.491
05/02/2024,23:00,3.868
05/02/2024,24:00:00,3.019
06/02/2024,01:00,1.792
06/02/2024,02:00,1.816
06/02/2024,03:00,1.745
06/02/2024,04:00,1.486
06/02/2024,05:00,1.415
06/02/2024,06:00,1.415
06/02/2024,07:00,1.344
06/02/2024,08:00,2.028
06/02/2024,09:00,1.675
06/02/2024,10:00,2.854
06/02/2024,11:00,4.505
06/02/2024,12:00,5.542
06/02/2024,13:00,6.604
06/02/2024,14:00,1.651
06/02/2024,15:00,1.038
06/02/2024,16:00,2.217
06/02/2024,17:00,4.363
06/02/2024,18:00,6.038
06/02/2024,19:00,6.863
06/02/2024,20:00,7.335
06/02/2024,21:00,7.618
06/02/2024,22:00,7.759
06/02/2024,23:00,7.217
06/02/2024,24:00:00,6.085
07/02/2024,01:00,4.646
07/02/2024,02:00,4.292
07/02/2024,03:00,3.797
07/02/2024,04:00,3.726
07/02/2024,05:00,3.396
07/02/2024,06:00,4.717
07/02/2024,07:00,4.835
07/02/2024,08:00,7.453
07/02/2024,09:00,11.014
07/02/2024,10:00,9.387
07/02/2024,11:00,14.198
07/02/2024,12:00,9.458
07/02/2024,13:00,6.604
07/02/2024,14:00,5.92
07/02/2024,15:00,6.509
07/02/2024,16:00,6.132
07/02/2024,17:00,6.816
07/02/2024,18:00,8.019
07/02/2024,19:00,12.193
07/02/2024,20:00,15.071
07/02/2024,21:00,15.896
07/02/2024,22:00,15.708
07/02/2024,23:00,17.972
07/02/2024,24:00:00,24.41
08/02/2024,01:00,26.014
08/02/2024,02:00,23.962
08/02/2024,03:00,23.396
08/02/2024,04:00,23.326
08/02/2024,05:00,22.571
08/02/2024,06:00,19.34
08/02/2024,07:00,13.16
08/02/2024,08:00,10.991
08/02/2024,09:00,6.981
08/02/2024,10:00,2.925
08/02/2024,11:00,1.557
08/02/2024,12:00,2.736
08/02/2024,13:00,2.123
08/02/2024,14:00,2.429
08/02/2024,15:00,2.5
08/02/2024,16:00,2.877
08/02/2024,17:00,3.443
08/02/2024,18:00,3.042
08/02/2024,19:00,2.335
08/02/2024,20:00,1.722
08/02/2024,21:00,1.415
08/02/2024,22:00,1.509
08/02/2024,23:00,1.627
08/02/2024,24:00:00,1.792
09/02/2024,01:00,2.217
09/02/2024,02:00,4.151
09/02/2024,03:00,2.571
09/02/2024,04:00,1.981
09/02/2024,05:00,2.052
09/02/2024,06:00,2.547
09/02/2024,07:00,2.311
09/02/2024,08:00,3.208
09/02/2024,09:00,4.08
09/02/2024,10:00,4.835
09/02/2024,11:00,5.259
09/02/2024,12:00,5.59
09/02/2024,13:00,5.495
09/02/2024,14:00,4.693
09/02/2024,15:00,5.024
09/02/2024,16:00,5
09/02/2024,17:00,6.769
09/02/2024,18:00,8.609
09/02/2024,19:00,9.41
09/02/2024,20:00,11.368
09/02/2024,21:00,18.491
09/02/2024,22:00,20.849
09/02/2024,23:00,22.099
09/02/2024,24:00:00,26.061
10/02/2024,01:00,23.255
10/02/2024,02:00,22.17
10/02/2024,03:00,16.533
10/02/2024,04:00,16.887
10/02/2024,05:00,17.076
10/02/2024,06:00,7.594
10/02/2024,07:00,6.887
10/02/2024,08:00,6.557
10/02/2024,09:00,7.901
10/02/2024,10:00,9.693
10/02/2024,11:00,13.066
10/02/2024,12:00,13.208
10/02/2024,13:00,10.071
10/02/2024,14:00,12.311
10/02/2024,15:00,14.151
10/02/2024,16:00,12.5
10/02/2024,17:00,12.264
10/02/2024,18:00,10.472
10/02/2024,19:00,11.533
10/02/2024,20:00,12.028
10/02/2024,21:00,11.934
10/02/2024,22:00,11.038
10/02/2024,23:00,11.509
10/02/2024,24:00:00,10.047
11/02/2024,01:00,10.495
11/02/2024,02:00,9.151
11/02/2024,03:00,9.316
11/02/2024,04:00,9.576
11/02/2024,05:00,9.623
11/02/2024,06:00,8.184
11/02/2024,07:00,9.34
11/02/2024,08:00,9.528
11/02/2024,09:00,8.208
11/02/2024,10:00,5.519
11/02/2024,11:00,6.203
11/02/2024,12:00,7.83
11/02/2024,13:00,8.137
11/02/2024,14:00,10.236
11/02/2024,15:00,10.212
11/02/2024,16:00,7.264
11/02/2024,17:00,3.538
11/02/2024,18:00,3.632
11/02/2024,19:00,3.208
11/02/2024,20:00,3.797
11/02/2024,21:00,4.175
11/02/2024,22:00,4.104
11/02/2024,23:00,5.307
11/02/2024,24:00:00,5.283
12/02/2024,01:00,4.646
12/02/2024,02:00,5
12/02/2024,03:00,3.42
12/02/2024,04:00,3.726
12/02/2024,05:00,4.198
12/02/2024,06:00,1.816
12/02/2024,07:00,3.892
12/02/2024,08:00,4.057
12/02/2024,09:00,4.104
12/02/2024,10:00,4.528
12/02/2024,11:00,4.528
12/02/2024,12:00,5.519
12/02/2024,13:00,5.637
12/02/2024,14:00,5.024
12/02/2024,15:00,4.505
12/02/2024,16:00,4.127
12/02/2024,17:00,3.703
12/02/2024,18:00,3.373
12/02/2024,19:00,3.231
12/02/2024,20:00,2.759
12/02/2024,21:00,2.476
12/02/2024,22:00,2.476
12/02/2024,23:00,2.524
12/02/2024,24:00:00,2.547
13/02/2024,01:00,2.618
13/02/2024,02:00,2.689
13/02/2024,03:00,2.665
13/02/2024,04:00,2.288
13/02/2024,05:00,2.807
13/02/2024,06:00,3.184
13/02/2024,07:00,3.113
13/02/2024,08:00,3.443
13/02/2024,09:00,5.66
13/02/2024,10:00,3.561
13/02/2024,11:00,8.349
13/02/2024,12:00,6.085
13/02/2024,13:00,3.325
13/02/2024,14:00,2.925
13/02/2024,15:00,8.609
13/02/2024,16:00,5.991
13/02/2024,17:00,6.675
13/02/2024,18:00,8.184
13/02/2024,19:00,10.189
13/02/2024,20:00,9.929
13/02/2024,21:00,12.901
13/02/2024,22:00,15.354
13/02/2024,23:00,14.67
13/02/2024,24:00:00,15.66
14/02/2024,01:00,15.401
14/02/2024,02:00,10.165
14/02/2024,03:00,4.434
14/02/2024,04:00,3.09
14/02/2024,05:00,2.099
14/02/2024,06:00,1.958
14/02/2024,07:00,2.854
14/02/2024,08:00,2.382
14/02/2024,09:00,2.547
14/02/2024,10:00,4.057
14/02/2024,11:00,4.175
14/02/2024,12:00,11.109
14/02/2024,13:00,2.146
14/02/2024,14:00,1.958
14/02/2024,15:00,3.467
14/02/2024,16:00,4.693
14/02/2024,17:00,4.434
14/02/2024,18:00,5.425
14/02/2024,19:00,5.849
14/02/2024,20:00,4.292
14/02/2024,21:00,2.807
14/02/2024,22:00,1.392
14/02/2024,23:00,2.075
14/02/2024,24:00:00,4.104
15/02/2024,01:00,8.302
15/02/2024,02:00,11.934
15/02/2024,03:00,6.84
15/02/2024,04:00,4.646
15/02/2024,05:00,4.481
15/02/2024,06:00,5.731
15/02/2024,07:00,6.368
15/02/2024,08:00,4.292
15/02/2024,09:00,4.41
15/02/2024,10:00,3.774
15/02/2024,11:00,3.915
15/02/2024,12:00,3.939
15/02/2024,13:00,4.34
15/02/2024,14:00,4.764
15/02/2024,15:00,8.726
15/02/2024,16:00,15.708
15/02/2024,17:00,8.844
15/02/2024,18:00,11.91
15/02/2024,19:00,16.297
15/02/2024,20:00,7.146
15/02/2024,21:00,6.91
15/02/2024,22:00,5.448
15/02/2024,23:00,4.552
15/02/2024,24:00:00,4.198
16/02/2024,01:00,2.594
16/02/2024,02:00,2.335
16/02/2024,03:00,3.844
16/02/2024,04:00,5.118
16/02/2024,05:00,5.189
16/02/2024,06:00,5.024
16/02/2024,07:00,2.359
16/02/2024,08:00,3.42
16/02/2024,09:00,4.387
16/02/2024,10:00,4.245
16/02/2024,11:00,4.363
16/02/2024,12:00,3.75
16/02/2024,13:00,3.868
16/02/2024,14:00,2.642
16/02/2024,15:00,1.226
16/02/2024,16:00,1.109
16/02/2024,17:00,1.203
16/02/2024,18:00,2.052
16/02/2024,19:00,2.311
16/02/2024,20:00,2.453
16/02/2024,21:00,3.538
16/02/2024,22:00,3.278
16/02/2024,23:00,3.962
16/02/2024,24:00:00,3.797
17/02/2024,01:00,5.212
17/02/2024,02:00,3.844
17/02/2024,03:00,2.571
17/02/2024,04:00,3.113
17/02/2024,05:00,3.278
17/02/2024,06:00,4.222
17/02/2024,07:00,5.425
17/02/2024,08:00,9.552
17/02/2024,09:00,11.604
17/02/2024,10:00,3.514
17/02/2024,11:00,6.109
17/02/2024,12:00,5.047
17/02/2024,13:00,6.156
17/02/2024,14:00,4.788
17/02/2024,15:00,4.222
17/02/2024,16:00,2.359
17/02/2024,17:00,1.698
17/02/2024,18:00,2.948
17/02/2024,19:00,2.689
17/02/2024,20:00,1.604
17/02/2024,21:00,1.651
17/02/2024,22:00,1.557
17/02/2024,23:00,0.943
17/02/2024,24:00:00,0.59
18/02/2024,01:00,0.684
18/02/2024,02:00,1.179
18/02/2024,03:00,0.991
18/02/2024,04:00,1.392
18/02/2024,05:00,1.533
18/02/2024,06:00,1.981
18/02/2024,07:00,1.792
18/02/2024,08:00,1.604
18/02/2024,09:00,1.981
18/02/2024,10:00,2.571
18/02/2024,11:00,3.868
18/02/2024,12:00,4.882
18/02/2024,13:00,6.085
18/02/2024,14:00,5.873
18/02/2024,15:00,4.434
18/02/2024,16:00,5.236
18/02/2024,17:00,5.849
18/02/2024,18:00,5.307
18/02/2024,19:00,6.344
18/02/2024,20:00,7.099
18/02/2024,21:00,5.755
18/02/2024,22:00,6.675
18/02/2024,23:00,5.283
18/02/2024,24:00:00,4.693
19/02/2024,01:00,4.575
19/02/2024,02:00,6.368
19/02/2024,03:00,5.283
19/02/2024,04:00,5.212
19/02/2024,05:00,4.127
19/02/2024,06:00,4.245
19/02/2024,07:00,4.104
19/02/2024,08:00,4.104
19/02/2024,09:00,6.462
19/02/2024,10:00,7.948
19/02/2024,11:00,8.726
19/02/2024,12:00,8.797
19/02/2024,13:00,9.623
19/02/2024,14:00,9.623
19/02/2024,15:00,11.627
19/02/2024,16:00,12.854
19/02/2024,17:00,12.5
19/02/2024,18:00,12.783
19/02/2024,19:00,12.406
19/02/2024,20:00,14.08
19/02/2024,21:00,12.288
19/02/2024,22:00,12.123
19/02/2024,23:00,11.274
19/02/2024,24:00:00,11.132
20/02/2024,01:00,9.67
20/02/2024,02:00,9.552
20/02/2024,03:00,10.637
20/02/2024,04:00,9.764
20/02/2024,05:00,9.222
20/02/2024,06:00,9.458
20/02/2024,07:00,10.802
20/02/2024,08:00,10.448
20/02/2024,09:00,7.712
20/02/2024,10:00,5.024
20/02/2024,11:00,3.443
20/02/2024,12:00,2.524
20/02/2024,13:00,2.783
20/02/2024,14:00,3.16
20/02/2024,15:00,2.618
20/02/2024,16:00,4.269
20/02/2024,17:00,3.255
20/02/2024,18:00,2.948
20/02/2024,19:00,2.877
20/02/2024,20:00,3.066
20/02/2024,21:00,4.151
20/02/2024,22:00,4.528
20/02/2024,23:00,4.882
20/02/2024,24:00:00,5.448
21/02/2024,01:00,6.085
21/02/2024,02:00,5.613
21/02/2024,03:00,7.193
21/02/2024,04:00,8.962
21/02/2024,05:00,10.094
21/02/2024,06:00,6.557
21/02/2024,07:00,4.222
21/02/2024,08:00,3.467
21/02/2024,09:00,6.038
21/02/2024,10:00,5.873
21/02/2024,11:00,6.792
21/02/2024,12:00,6.392
21/02/2024,13:00,8.632
21/02/2024,14:00,1.321
21/02/2024,15:00,1.887
21/02/2024,16:00,2.099
21/02/2024,17:00,2.382
21/02/2024,18:00,2.052
21/02/2024,19:00,2.807
21/02/2024,20:00,4.505
21/02/2024,21:00,4.269
21/02/2024,22:00,5.189
21/02/2024,23:00,4.741
21/02/2024,24:00:00,4.363
22/02/2024,01:00,4.717
22/02/2024,02:00,5.047
22/02/2024,03:00,7.264
22/02/2024,04:00,7.783
22/02/2024,05:00,8.255
22/02/2024,06:00,8.066
22/02/2024,07:00,2.335
22/02/2024,08:00,3.868
22/02/2024,09:00,3.042
22/02/2024,10:00,3.703
22/02/2024,11:00,3.585
22/02/2024,12:00,3.208
22/02/2024,13:00,3.184
22/02/2024,14:00,1.557
22/02/2024,15:00,2.406
22/02/2024,16:00,2.429
22/02/2024,17:00,2.712
22/02/2024,18:00,3.208
22/02/2024,19:00,3.113
22/02/2024,20:00,3.302
22/02/2024,21:00,3.609
22/02/2024,22:00,2.925
22/02/2024,23:00,3.066
22/02/2024,24:00:00,2.547
23/02/2024,01:00,2.665
23/02/2024,02:00,2.83
23/02/2024,03:00,2.689
23/02/2024,04:00,2.17
23/02/2024,05:00,2.689
23/02/2024,06:00,2.123
23/02/2024,07:00,2.854
23/02/2024,08:00,3.16
23/02/2024,09:00,4.033
23/02/2024,10:00,3.703
23/02/2024,11:00,3.726
23/02/2024,12:00,3.868
23/02/2024,13:00,2.995
23/02/2024,14:00,2.689
23/02/2024,15:00,2.807
23/02/2024,16:00,2.925
23/02/2024,17:00,2.594
23/02/2024,18:00,2.901
23/02/2024,19:00,3.844
23/02/2024,20:00,4.882
23/02/2024,21:00,7.241
23/02/2024,22:00,7.547
23/02/2024,23:00,9.151
23/02/2024,24:00:00,8.349
24/02/2024,01:00,9.481
24/02/2024,02:00,10.873
24/02/2024,03:00,11.014
24/02/2024,04:00,11.934
24/02/2024,05:00,11.91
24/02/2024,06:00,12.807
24/02/2024,07:00,14.528
24/02/2024,08:00,15.684
24/02/2024,09:00,15.094
24/02/2024,10:00,20.236
24/02/2024,11:00,17.359
24/02/2024,12:00,8.892
24/02/2024,13:00,2.712
24/02/2024,14:00,2.193
24/02/2024,15:00,2.524
24/02/2024,16:00,3.255
24/02/2024,17:00,3.561
24/02/2024,18:00,4.575
24/02/2024,19:00,9.269
24/02/2024,20:00,14.387
24/02/2024,21:00,18.043
24/02/2024,22:00,22.477
24/02/2024,23:00,15.307
24/02/2024,24:00:00,12.948
25/02/2024,01:00,14.151
25/02/2024,02:00,16.368
25/02/2024,03:00,17.453
25/02/2024,04:00,17.288
25/02/2024,05:00,15.991
25/02/2024,06:00,15.047
25/02/2024,07:00,14.245
25/02/2024,08:00,15.472
25/02/2024,09:00,12.217
25/02/2024,10:00,16.58
25/02/2024,11:00,24.104
25/02/2024,12:00,13.915
25/02/2024,13:00,8.09
25/02/2024,14:00,6.675
25/02/2024,15:00,6.604
25/02/2024,16:00,4.104
25/02/2024,17:00,3.962
25/02/2024,18:00,4.198
25/02/2024,19:00,7.335
25/02/2024,20:00,8.42
25/02/2024,21:00,8.373
25/02/2024,22:00,7.217
25/02/2024,23:00,8.326
25/02/2024,24:00:00,7.193
26/02/2024,01:00,5.991
26/02/2024,02:00,4.528
26/02/2024,03:00,4.08
26/02/2024,04:00,3.821
26/02/2024,05:00,3.42
26/02/2024,06:00,3.962
26/02/2024,07:00,3.797
26/02/2024,08:00,4.764
26/02/2024,09:00,4.198
26/02/2024,10:00,3.16
26/02/2024,11:00,2.099
26/02/2024,12:00,2.759
26/02/2024,13:00,2.712
26/02/2024,14:00,2.547
26/02/2024,15:00,2.759
26/02/2024,16:00,2.665
26/02/2024,17:00,2.193
26/02/2024,18:00,2.571
26/02/2024,19:00,3.349
26/02/2024,20:00,3.75
26/02/2024,21:00,4.693
26/02/2024,22:00,5.755
26/02/2024,23:00,6.486
26/02/2024,24:00:00,6.415
27/02/2024,01:00,9.576
27/02/2024,02:00,9.741
27/02/2024,03:00,6.84
27/02/2024,04:00,6.344
27/02/2024,05:00,7.052
27/02/2024,06:00,7.193
27/02/2024,07:00,8.632
27/02/2024,08:00,13.137
27/02/2024,09:00,8.042
27/02/2024,10:00,7.83
27/02/2024,11:00,10.142
27/02/2024,12:00,7.123
27/02/2024,13:00,8.609
27/02/2024,14:00,7.264
27/02/2024,15:00,5.024
27/02/2024,16:00,4.34
27/02/2024,17:00,4.717
27/02/2024,18:00,5.731
27/02/2024,19:00,6.792
27/02/2024,20:00,8.585
27/02/2024,21:00,10.448
27/02/2024,22:00,11.344
27/02/2024,23:00,11.91
27/02/2024,24:00:00,15.613
28/02/2024,01:00,14.387
28/02/2024,02:00,15.165
28/02/2024,03:00,13.797
28/02/2024,04:00,18.491
28/02/2024,05:00,13.939
28/02/2024,06:00,13.231
28/02/2024,07:00,11.745
28/02/2024,08:00,12.925
28/02/2024,09:00,14.222
28/02/2024,10:00,15.401
28/02/2024,11:00,13.939
28/02/2024,12:00,15.967
28/02/2024,13:00,11.769
28/02/2024,14:00,10.495
28/02/2024,15:00,8.16
28/02/2024,16:00,7.311
28/02/2024,17:00,7.288
28/02/2024,18:00,6.722
28/02/2024,19:00,2.901
28/02/2024,20:00,5.142
28/02/2024,21:00,8.278
28/02/2024,22:00,4.505
28/02/2024,23:00,4.009
28/02/2024,24:00:00,2.288
29/02/2024,01:00,1.344
29/02/2024,02:00,0.943
29/02/2024,03:00,0.873
29/02/2024,04:00,1.887
29/02/2024,05:00,2.712
29/02/2024,06:00,5.425
29/02/2024,07:00,6.392
29/02/2024,08:00,6.863
29/02/2024,09:00,7.288
29/02/2024,10:00,6.863
29/02/2024,11:00,7.854
29/02/2024,12:00,8.962
29/02/2024,13:00,9.458
29/02/2024,14:00,7.83
29/02/2024,15:00,8.609
29/02/2024,16:00,9.175
29/02/2024,17:00,6.462
29/02/2024,18:00,6.179
29/02/2024,19:00,7.099
29/02/2024,20:00,7.948
29/02/2024,21:00,8.561
29/02/2024,22:00,7.712
29/02/2024,23:00,6.156
29/02/2024,24:00:00,9.34
01/03/2024,01:00,6.816
01/03/2024,02:00,4.788
01/03/2024,03:00,5.519
01/03/2024,04:00,5.542
01/03/2024,05:00,6.344
01/03/2024,06:00,6.038
01/03/2024,07:00,5.448
01/03/2024,08:00,4.599
01/03/2024,09:00,4.67
01/03/2024,10:00,4.976
01/03/2024,11:00,2.406
01/03/2024,12:00,2.359
01/03/2024,13:00,4.882
01/03/2024,14:00,3.585
01/03/2024,15:00,3.396
01/03/2024,16:00,2.382
01/03/2024,17:00,3.585
01/03/2024,18:00,2.075
01/03/2024,19:00,2.123
01/03/2024,20:00,3.797
01/03/2024,21:00,7.076
01/03/2024,22:00,7.948
01/03/2024,23:00,11.793
01/03/2024,24:00:00,15.967
02/03/2024,01:00,14.953
02/03/2024,02:00,9.929
02/03/2024,03:00,10.024
02/03/2024,04:00,10.354
02/03/2024,05:00,10.236
02/03/2024,06:00,11.533
02/03/2024,07:00,12.241
02/03/2024,08:00,11.887
02/03/2024,09:00,8.986
02/03/2024,10:00,6.179
02/03/2024,11:00,5.472
02/03/2024,12:00,5.024
02/03/2024,13:00,4.033
02/03/2024,14:00,1.745
02/03/2024,15:00,0.849
02/03/2024,16:00,1.344
02/03/2024,17:00,1.179
02/03/2024,18:00,1.179
02/03/2024,19:00,1.109
02/03/2024,20:00,2.807
02/03/2024,21:00,4.34
02/03/2024,22:00,6.344
02/03/2024,23:00,9.976
02/03/2024,24:00:00,8.278
03/03/2024,01:00,10.189
03/03/2024,02:00,12.571
03/03/2024,03:00,12.618
03/03/2024,04:00,12.948
03/03/2024,05:00,12.5
03/03/2024,06:00,8.797
03/03/2024,07:00,9.552
03/03/2024,08:00,8.679
03/03/2024,09:00,11.203
03/03/2024,10:00,10.849
03/03/2024,11:00,10.684
03/03/2024,12:00,9.175
03/03/2024,13:00,6.462
03/03/2024,14:00,6.014
03/03/2024,15:00,6.109
03/03/2024,16:00,7.594
03/03/2024,17:00,7.854
03/03/2024,18:00,7.406
03/03/2024,19:00,10.684
03/03/2024,20:00,23.585
03/03/2024,21:00,19.08
03/03/2024,22:00,17.736
03/03/2024,23:00,17.547
03/03/2024,24:00:00,17.901
04/03/2024,01:00,19.057
04/03/2024,02:00,16.557
04/03/2024,03:00,12.642
04/03/2024,04:00,16.698
04/03/2024,05:00,19.08
04/03/2024,06:00,18.797
04/03/2024,07:00,18.137
04/03/2024,08:00,23.797
04/03/2024,09:00,31.227
04/03/2024,10:00,29.458
04/03/2024,11:00,18.703
04/03/2024,12:00,8.208
04/03/2024,13:00,4.552
04/03/2024,14:00,3.137
04/03/2024,15:00,3.632
04/03/2024,16:00,3.821
04/03/2024,17:00,3.892
04/03/2024,18:00,4.67
04/03/2024,19:00,5.283
04/03/2024,20:00,4.175
04/03/2024,21:00,3.561
04/03/2024,22:00,3.609
04/03/2024,23:00,4.434
04/03/2024,24:00:00,4.552
05/03/2024,01:00,4.222
05/03/2024,02:00,4.08
05/03/2024,03:00,3.16
05/03/2024,04:00,3.986
05/03/2024,05:00,4.222
05/03/2024,06:00,4.575
05/03/2024,07:00,5.519
05/03/2024,08:00,6.439
05/03/2024,09:00,8.514
05/03/2024,10:00,12.359
05/03/2024,11:00,11.274
05/03/2024,12:00,9.08
05/03/2024,13:00,9.599
05/03/2024,14:00,11.415
05/03/2024,15:00,9.906
05/03/2024,16:00,8.42
05/03/2024,17:00,6.934
05/03/2024,18:00,5.66
05/03/2024,19:00,5.708
05/03/2024,20:00,7.288
05/03/2024,21:00,13.632
05/03/2024,22:00,22.736
05/03/2024,23:00,24.576
05/03/2024,24:00:00,23.184
06/03/2024,01:00,23.396
06/03/2024,02:00,23.09
06/03/2024,03:00,17.264
06/03/2024,04:00,16.156
06/03/2024,05:00,15.967
06/03/2024,06:00,16.698
06/03/2024,07:00,17.972
06/03/2024,08:00,27.406
06/03/2024,09:00,39.953
06/03/2024,10:00,33.396
06/03/2024,11:00,32.854
06/03/2024,12:00,26.462
06/03/2024,13:00,24.151
06/03/2024,14:00,19.293
06/03/2024,15:00,17.288
06/03/2024,16:00,19.623
06/03/2024,17:00,17.076
06/03/2024,18:00,17.288
06/03/2024,19:00,19.599
06/03/2024,20:00,20.189
06/03/2024,21:00,23.16
06/03/2024,22:00,27.477
06/03/2024,23:00,26.816
06/03/2024,24:00:00,28.915
07/03/2024,01:00,28.585
07/03/2024,02:00,26.627
07/03/2024,03:00,29.623
07/03/2024,04:00,26.769
07/03/2024,05:00,22.571
07/03/2024,06:00,22.524
07/03/2024,07:00,22.571
07/03/2024,08:00,18.396
07/03/2024,09:00,16.179
07/03/2024,10:00,16.934
07/03/2024,11:00,18.962
07/03/2024,12:00,28.09
07/03/2024,13:00,34.646
07/03/2024,14:00,23.019
07/03/2024,15:00,23.491
07/03/2024,16:00,26.91
07/03/2024,17:00,24.67
07/03/2024,18:00,23.16
07/03/2024,19:00,20.189
07/03/2024,20:00,19.528
07/03/2024,21:00,17.028
07/03/2024,22:00,14.104
07/03/2024,23:00,13.892
07/03/2024,24:00:00,15.26
08/03/2024,01:00,17.193
08/03/2024,02:00,20.047
08/03/2024,03:00,18.609
08/03/2024,04:00,21.651
08/03/2024,05:00,22.241
08/03/2024,06:00,23.632
08/03/2024,07:00,28.868
08/03/2024,08:00,27.264
08/03/2024,09:00,27.547
08/03/2024,10:00,24.528
08/03/2024,11:00,23.868
08/03/2024,12:00,23.986
08/03/2024,13:00,24.694
08/03/2024,14:00,24.717
08/03/2024,15:00,24.694
08/03/2024,16:00,23.373
08/03/2024,17:00,25.425
08/03/2024,18:00,27.099
08/03/2024,19:00,28.444
08/03/2024,20:00,26.651
08/03/2024,21:00,27.028
08/03/2024,22:00,29.34
08/03/2024,23:00,30.118
08/03/2024,24:00:00,31.745
09/03/2024,01:00,32.594
09/03/2024,02:00,31.462
09/03/2024,03:00,31.014
09/03/2024,04:00,31.439
09/03/2024,05:00,31.58
09/03/2024,06:00,32.406
09/03/2024,07:00,35.307
09/03/2024,08:00,37.878
09/03/2024,09:00,38.278
09/03/2024,10:00,38.231
09/03/2024,11:00,36.604
09/03/2024,12:00,35.378
09/03/2024,13:00,28.231
09/03/2024,14:00,25.991
09/03/2024,15:00,25.543
09/03/2024,16:00,33.373
09/03/2024,17:00,35.613
09/03/2024,18:00,39.859
09/03/2024,19:00,35.378
09/03/2024,20:00,37.311
09/03/2024,21:00,39.08
09/03/2024,22:00,40.472
09/03/2024,23:00,38.302
09/03/2024,24:00:00,36.061
10/03/2024,01:00,32.594
10/03/2024,02:00,30.991
10/03/2024,03:00,30.543
10/03/2024,04:00,29.505
10/03/2024,05:00,28.915
10/03/2024,06:00,25.071
10/03/2024,07:00,18.208
10/03/2024,08:00,18.514
10/03/2024,09:00,21.887
10/03/2024,10:00,23.255
10/03/2024,11:00,28.137
10/03/2024,12:00,31.533
10/03/2024,13:00,27.406
10/03/2024,14:00,25.543
10/03/2024,15:00,25.849
10/03/2024,16:00,29.387
10/03/2024,17:00,37.547
10/03/2024,18:00,41.486
10/03/2024,19:00,43.467
10/03/2024,20:00,39.859
10/03/2024,21:00,33.066
10/03/2024,22:00,34.528
10/03/2024,23:00,32.217
10/03/2024,24:00:00,30.024
11/03/2024,01:00,29.599
11/03/2024,02:00,27.736
11/03/2024,03:00,27.288
11/03/2024,04:00,27.359
11/03/2024,05:00,26.698
11/03/2024,06:00,27.83
11/03/2024,07:00,26.014
11/03/2024,08:00,25.354
11/03/2024,09:00,24.929
11/03/2024,10:00,23.609
11/03/2024,11:00,22.783
11/03/2024,12:00,21.793
11/03/2024,13:00,21.274
11/03/2024,14:00,21.462
11/03/2024,15:00,20.778
11/03/2024,16:00,20.849
11/03/2024,17:00,21.014
11/03/2024,18:00,22.429
11/03/2024,19:00,22.264
11/03/2024,20:00,23.868
11/03/2024,21:00,25.307
11/03/2024,22:00,25.165
11/03/2024,23:00,26.722
11/03/2024,24:00:00,25.283
12/03/2024,01:00,23.892
12/03/2024,02:00,21.84
12/03/2024,03:00,25.944
12/03/2024,04:00,28.679
12/03/2024,05:00,27.547
12/03/2024,06:00,24.151
12/03/2024,07:00,24.104
12/03/2024,08:00,16.439
12/03/2024,09:00,13.797
12/03/2024,10:00,11.793
12/03/2024,11:00,7.665
12/03/2024,12:00,6.627
12/03/2024,13:00,5.66
12/03/2024,14:00,3.16
12/03/2024,15:00,3.208
12/03/2024,16:00,1.863
12/03/2024,17:00,2.5
12/03/2024,18:00,1.462
12/03/2024,19:00,1.392
12/03/2024,20:00,2.052
12/03/2024,21:00,1.533
12/03/2024,22:00,1.344
12/03/2024,23:00,0.802
12/03/2024,24:00:00,0.731
13/03/2024,01:00,0.92
13/03/2024,02:00,0.92
13/03/2024,03:00,3.113
13/03/2024,04:00,0.92
13/03/2024,05:00,0.943
13/03/2024,06:00,1.179
13/03/2024,07:00,1.061
13/03/2024,08:00,1.25
13/03/2024,09:00,1.769
13/03/2024,10:00,2.429
13/03/2024,11:00,2.359
13/03/2024,12:00,1.91
13/03/2024,13:00,1.368
13/03/2024,14:00,1.085
13/03/2024,15:00,1.533
13/03/2024,16:00,1.085
13/03/2024,17:00,1.014
13/03/2024,18:00,1.038
13/03/2024,19:00,1.156
13/03/2024,20:00,1.509
13/03/2024,21:00,1.698
13/03/2024,22:00,2.028
13/03/2024,23:00,2.689
13/03/2024,24:00:00,2.972
14/03/2024,01:00,3.821
14/03/2024,02:00,4.222
14/03/2024,03:00,4.41
14/03/2024,04:00,4.67
14/03/2024,05:00,5.047
14/03/2024,06:00,5.354
14/03/2024,07:00,5
14/03/2024,08:00,4.953
14/03/2024,09:00,4.788
14/03/2024,10:00,5.165
14/03/2024,11:00,6.321
14/03/2024,12:00,6.25
14/03/2024,13:00,6.415
14/03/2024,14:00,6.863
14/03/2024,15:00,8.184
14/03/2024,16:00,4.41
14/03/2024,17:00,6.627
14/03/2024,18:00,8.679
14/03/2024,19:00,6.344
14/03/2024,20:00,4.646
14/03/2024,21:00,3.679
14/03/2024,22:00,1.84
14/03/2024,23:00,1.109
14/03/2024,24:00:00,1.439
15/03/2024,01:00,1.486
15/03/2024,02:00,3.113
15/03/2024,03:00,4.269
15/03/2024,04:00,5.708
15/03/2024,05:00,5.142
15/03/2024,06:00,3.231
15/03/2024,07:00,4.505
15/03/2024,08:00,6.061
15/03/2024,09:00,6.368
15/03/2024,10:00,6.887
15/03/2024,11:00,5.755
15/03/2024,12:00,4.528
15/03/2024,13:00,4.387
15/03/2024,14:00,2.288
15/03/2024,15:00,2.193
15/03/2024,16:00,2.311
15/03/2024,17:00,2.429
15/03/2024,18:00,2.901
15/03/2024,19:00,2.524
15/03/2024,20:00,2.925
15/03/2024,21:00,3.019
15/03/2024,22:00,3.585
15/03/2024,23:00,3.396
15/03/2024,24:00:00,3.373
16/03/2024,01:00,2.736
16/03/2024,02:00,3.443
16/03/2024,03:00,4.151
16/03/2024,04:00,3.396
16/03/2024,05:00,2.123
16/03/2024,06:00,6.179
16/03/2024,07:00,14.269
16/03/2024,08:00,4.953
16/03/2024,09:00,5.212
16/03/2024,10:00,3.939
16/03/2024,11:00,1.792
16/03/2024,12:00,2.217
16/03/2024,13:00,3.302
16/03/2024,14:00,4.057
16/03/2024,15:00,3.349
16/03/2024,16:00,4.528
16/03/2024,17:00,6.132
16/03/2024,18:00,4.599
16/03/2024,19:00,4.033
16/03/2024,20:00,4.127
16/03/2024,21:00,5.118
16/03/2024,22:00,6.25
16/03/2024,23:00,8.09
16/03/2024,24:00:00,10.826
17/03/2024,01:00,12.288
17/03/2024,02:00,13.443
17/03/2024,03:00,12.099
17/03/2024,04:00,11.745
17/03/2024,05:00,8.679
17/03/2024,06:00,8.302
17/03/2024,07:00,5.33
17/03/2024,08:00,2.311
17/03/2024,09:00,1.84
17/03/2024,10:00,2.17
17/03/2024,11:00,2.075
17/03/2024,12:00,1.297
17/03/2024,13:00,0.755
17/03/2024,14:00,0.778
17/03/2024,15:00,0.802
17/03/2024,16:00,1.132
17/03/2024,17:00,2.005
17/03/2024,18:00,1.84
17/03/2024,19:00,2.382
17/03/2024,20:00,4.009
17/03/2024,21:00,4.057
17/03/2024,22:00,4.222
17/03/2024,23:00,5.307
17/03/2024,24:00:00,5.896
18/03/2024,01:00,5.472
18/03/2024,02:00,5.189
18/03/2024,03:00,5.236
18/03/2024,04:00,4.976
18/03/2024,05:00,5.401
18/03/2024,06:00,5.637
18/03/2024,07:00,6.321
18/03/2024,08:00,5.92
18/03/2024,09:00,6.156
18/03/2024,10:00,5.283
18/03/2024,11:00,3.491
18/03/2024,12:00,3.915
18/03/2024,13:00,3.16
18/03/2024,14:00,3.278
18/03/2024,15:00,3.16
18/03/2024,16:00,2.618
18/03/2024,17:00,3.066
18/03/2024,18:00,3.184
18/03/2024,19:00,4.08
18/03/2024,20:00,5.755
18/03/2024,21:00,6.203
18/03/2024,22:00,5.684
18/03/2024,23:00,6.203
18/03/2024,24:00:00,5.896
19/03/2024,01:00,5.165
19/03/2024,02:00,5
19/03/2024,03:00,4.552
19/03/2024,04:00,3.208
19/03/2024,05:00,3.113
19/03/2024,06:00,3.113
19/03/2024,07:00,2.594
19/03/2024,08:00,2.547
19/03/2024,09:00,4.151
19/03/2024,10:00,4.34
19/03/2024,11:00,4.764
19/03/2024,12:00,4.623
19/03/2024,13:00,3.113
19/03/2024,14:00,3.231
19/03/2024,15:00,3.302
19/03/2024,16:00,3.821
19/03/2024,17:00,2.83
19/03/2024,18:00,3.42
19/03/2024,19:00,5.755
19/03/2024,20:00,13.396
19/03/2024,21:00,20.566
19/03/2024,22:00,9.009
19/03/2024,23:00,13.396
19/03/2024,24:00:00,16.84
20/03/2024,01:00,18.326
20/03/2024,02:00,13.184
20/03/2024,03:00,11.415
20/03/2024,04:00,12.052
20/03/2024,05:00,14.859
20/03/2024,06:00,15.873
20/03/2024,07:00,15.519
20/03/2024,08:00,15.66
20/03/2024,09:00,13.892
20/03/2024,10:00,11.509
20/03/2024,11:00,13.09
20/03/2024,12:00,13.42
20/03/2024,13:00,12.547
20/03/2024,14:00,9.387
20/03/2024,15:00,9.033
20/03/2024,16:00,6.179
20/03/2024,17:00,3.868
20/03/2024,18:00,4.599
20/03/2024,19:00,8.349
20/03/2024,20:00,12.241
20/03/2024,21:00,13.609
20/03/2024,22:00,14.599
20/03/2024,23:00,13.774
20/03/2024,24:00:00,12.335
21/03/2024,01:00,13.939
21/03/2024,02:00,12.877
21/03/2024,03:00,15.33
21/03/2024,04:00,17.17
21/03/2024,05:00,18.396
21/03/2024,06:00,15.307
21/03/2024,07:00,20.094
21/03/2024,08:00,15.943
21/03/2024,09:00,11.038
21/03/2024,10:00,7.948
21/03/2024,11:00,6.769
21/03/2024,12:00,5.094
21/03/2024,13:00,6.769
21/03/2024,14:00,6.321
21/03/2024,15:00,7.311
21/03/2024,16:00,6.91
21/03/2024,17:00,6.109
21/03/2024,18:00,5.802
21/03/2024,19:00,5.236
21/03/2024,20:00,5.708
21/03/2024,21:00,6.085
21/03/2024,22:00,6.863
21/03/2024,23:00,5.189
21/03/2024,24:00:00,4.316
22/03/2024,01:00,2.783
22/03/2024,02:00,2.406
22/03/2024,03:00,0.519
22/03/2024,04:00,1.698
22/03/2024,05:00,5.708
22/03/2024,06:00,9.08
22/03/2024,07:00,11.392
22/03/2024,08:00,10.849
22/03/2024,09:00,10.071
22/03/2024,10:00,8.302
22/03/2024,11:00,6.415
22/03/2024,12:00,6.486
22/03/2024,13:00,6.132
22/03/2024,14:00,6.085
22/03/2024,15:00,5.708
22/03/2024,16:00,6.297
22/03/2024,17:00,6.274
22/03/2024,18:00,6.25
22/03/2024,19:00,4.717
22/03/2024,20:00,4.198
22/03/2024,21:00,4.41
22/03/2024,22:00,5.071
22/03/2024,23:00,4.08
22/03/2024,24:00:00,4.764
23/03/2024,01:00,5
23/03/2024,02:00,5.425
23/03/2024,03:00,5.259
23/03/2024,04:00,5.024
23/03/2024,05:00,4.693
23/03/2024,06:00,4.906
23/03/2024,07:00,4.882
23/03/2024,08:00,4.387
23/03/2024,09:00,4.505
23/03/2024,10:00,4.151
23/03/2024,11:00,3.821
23/03/2024,12:00,3.467
23/03/2024,13:00,3.75
23/03/2024,14:00,4.245
23/03/2024,15:00,4.505
23/03/2024,16:00,4.458
23/03/2024,17:00,4.953
23/03/2024,18:00,5.212
23/03/2024,19:00,5.094
23/03/2024,20:00,5.637
23/03/2024,21:00,4.575
23/03/2024,22:00,5.708
23/03/2024,23:00,5.283
23/03/2024,24:00:00,4.552
24/03/2024,01:00,5.991
24/03/2024,02:00,6.321
24/03/2024,03:00,6.887
24/03/2024,04:00,6.627
24/03/2024,05:00,5.59
24/03/2024,06:00,4.811
24/03/2024,07:00,5.024
24/03/2024,08:00,4.811
24/03/2024,09:00,4.599
24/03/2024,10:00,3.892
24/03/2024,11:00,3.491
24/03/2024,12:00,3.184
24/03/2024,13:00,2.995
24/03/2024,14:00,2.925
24/03/2024,15:00,2.877
24/03/2024,16:00,2.948
24/03/2024,17:00,3.278
24/03/2024,18:00,3.325
24/03/2024,19:00,5.094
24/03/2024,20:00,7.547
24/03/2024,21:00,8.231
24/03/2024,22:00,7.877
24/03/2024,23:00,10.755
24/03/2024,24:00:00,14.269
25/03/2024,01:00,16.651
25/03/2024,02:00,11.58
25/03/2024,03:00,12.005
25/03/2024,04:00,12.571
25/03/2024,05:00,12.146
25/03/2024,06:00,8.797
25/03/2024,07:00,7.028
25/03/2024,08:00,6.792
25/03/2024,09:00,6.58
25/03/2024,10:00,6.533
25/03/2024,11:00,6.274
25/03/2024,12:00,5.354
25/03/2024,13:00,5.66
25/03/2024,14:00,5.259
25/03/2024,15:00,4.458
25/03/2024,16:00,4.717
25/03/2024,17:00,4.292
25/03/2024,18:00,5.896
25/03/2024,19:00,7.854
25/03/2024,20:00,9.741
25/03/2024,21:00,9.528
25/03/2024,22:00,10.165
25/03/2024,23:00,8.939
25/03/2024,24:00:00,7.83
26/03/2024,01:00,9.127
26/03/2024,02:00,10.543
26/03/2024,03:00,12.311
26/03/2024,04:00,12.925
26/03/2024,05:00,13.326
26/03/2024,06:00,14.929
26/03/2024,07:00,15.212
26/03/2024,08:00,16.203
26/03/2024,09:00,18.396
26/03/2024,10:00,19.929
26/03/2024,11:00,19.505
26/03/2024,12:00,17.099
26/03/2024,13:00,12.311
26/03/2024,14:00,10.943
26/03/2024,15:00,9.387
26/03/2024,16:00,8.09
26/03/2024,17:00,9.693
26/03/2024,18:00,10.991
26/03/2024,19:00,11.887
26/03/2024,20:00,14.552
26/03/2024,21:00,14.859
26/03/2024,22:00,16.958
26/03/2024,23:00,17.335
26/03/2024,24:00:00,20.708
27/03/2024,01:00,23.444
27/03/2024,02:00,20.094
27/03/2024,03:00,16.344
27/03/2024,04:00,15.307
27/03/2024,05:00,6.509
27/03/2024,06:00,2.264
27/03/2024,07:00,2.594
27/03/2024,08:00,4.717
27/03/2024,09:00,6.25
27/03/2024,10:00,6.675
27/03/2024,11:00,5.307
27/03/2024,12:00,5.283
27/03/2024,13:00,3.231
27/03/2024,14:00,2.288
27/03/2024,15:00,3.042
27/03/2024,16:00,4.575
27/03/2024,17:00,6.769
27/03/2024,18:00,3.726
27/03/2024,19:00,2.075
27/03/2024,20:00,2.476
27/03/2024,21:00,3.349
27/03/2024,22:00,3.774
27/03/2024,23:00,4.269
27/03/2024,24:00:00,4.222
28/03/2024,01:00,3.892
28/03/2024,02:00,3.703
28/03/2024,03:00,3.915
28/03/2024,04:00,5
28/03/2024,05:00,6.085
28/03/2024,06:00,6.109
28/03/2024,07:00,3.042
28/03/2024,08:00,1.981
28/03/2024,09:00,1.84
28/03/2024,10:00,3.325
28/03/2024,11:00,4.08
28/03/2024,12:00,2.759
28/03/2024,13:00,2.759
28/03/2024,14:00,3.349
28/03/2024,15:00,1.627
28/03/2024,16:00,1.014
28/03/2024,17:00,1.58
28/03/2024,18:00,2.028
28/03/2024,19:00,3.302
28/03/2024,20:00,3.868
28/03/2024,21:00,2.642
28/03/2024,22:00,2.382
28/03/2024,23:00,1.297
28/03/2024,24:00:00,1.085
29/03/2024,01:00,1.557
29/03/2024,02:00,1.816
29/03/2024,03:00,2.429
29/03/2024,04:00,2.476
29/03/2024,05:00,2.736
29/03/2024,06:00,2.712
29/03/2024,07:00,3.561
29/03/2024,08:00,4.811
29/03/2024,09:00,4.906
29/03/2024,10:00,2.807
29/03/2024,11:00,2.665
29/03/2024,12:00,1.816
29/03/2024,13:00,2.052
29/03/2024,14:00,1.769
29/03/2024,15:00,2.807
29/03/2024,16:00,3.278
29/03/2024,17:00,1.392
29/03/2024,18:00,1.792
29/03/2024,19:00,1.557
29/03/2024,20:00,1.769
29/03/2024,21:00,2.17
29/03/2024,22:00,2.642
29/03/2024,23:00,3.467
29/03/2024,24:00:00,2.642
30/03/2024,01:00,2.689
30/03/2024,02:00,2.5
30/03/2024,03:00,3.255
30/03/2024,04:00,3.821
30/03/2024,05:00,4.387
30/03/2024,06:00,5.118
30/03/2024,07:00,5.637
30/03/2024,08:00,5.943
30/03/2024,09:00,6.557
30/03/2024,10:00,5.094
30/03/2024,11:00,3.821
30/03/2024,12:00,3.208
30/03/2024,13:00,3.16
30/03/2024,14:00,2.83
30/03/2024,15:00,2.571
30/03/2024,16:00,2.5
30/03/2024,17:00,2.783
30/03/2024,18:00,2.854
30/03/2024,19:00,3.16
30/03/2024,20:00,5.047
30/03/2024,21:00,11.509
30/03/2024,22:00,10.236
30/03/2024,23:00,14.599
30/03/2024,24:00:00,16.675
31/03/2024,01:00,17.925
31/03/2024,02:00,16.061
31/03/2024,03:00,18.066
31/03/2024,04:00,15.708
31/03/2024,05:00,14.41
31/03/2024,06:00,12.83
31/03/2024,07:00,12.193
31/03/2024,08:00,12.948
31/03/2024,09:00,14.976
31/03/2024,10:00,12.005
31/03/2024,11:00,8.585
31/03/2024,12:00,7.854
31/03/2024,13:00,3.42
31/03/2024,14:00,2.854
31/03/2024,15:00,3.325
31/03/2024,16:00,3.844
31/03/2024,17:00,4.929
31/03/2024,18:00,6.745
31/03/2024,19:00,8.797
31/03/2024,20:00,4.741
31/03/2024,21:00,4.882
31/03/2024,22:00,4.269
31/03/2024,23:00,3.821
31/03/2024,24:00:00,4.222
01/04/2024,01:00,4.623
01/04/2024,02:00,4.08
01/04/2024,03:00,5.519
01/04/2024,04:00,2.901
01/04/2024,05:00,1.722
01/04/2024,06:00,0.896
01/04/2024,07:00,1.321
01/04/2024,08:00,2.241
01/04/2024,09:00,2.642
01/04/2024,10:00,2.241
01/04/2024,11:00,2.146
01/04/2024,12:00,3.184
01/04/2024,13:00,3.656
01/04/2024,14:00,5.991
01/04/2024,15:00,5.094
01/04/2024,16:00,4.788
01/04/2024,17:00,2.5
01/04/2024,18:00,1.934
01/04/2024,19:00,3.349
01/04/2024,20:00,2.854
01/04/2024,21:00,4.175
01/04/2024,22:00,7.524
01/04/2024,23:00,4.929
01/04/2024,24:00:00,7.429
02/04/2024,01:00,8.326
02/04/2024,02:00,7.995
02/04/2024,03:00,9.245
02/04/2024,04:00,10.189
02/04/2024,05:00,10.519
02/04/2024,06:00,16.58
02/04/2024,07:00,13.915
02/04/2024,08:00,14.953
02/04/2024,09:00,14.245
02/04/2024,10:00,8.42
02/04/2024,11:00,5.236
02/04/2024,12:00,4.316
02/04/2024,13:00,3.514
02/04/2024,14:00,6.792
02/04/2024,15:00,3.797
02/04/2024,16:00,2.807
02/04/2024,17:00,4.528
02/04/2024,18:00,5.118
02/04/2024,19:00,7.453
02/04/2024,20:00,2.17
02/04/2024,21:00,4.575
02/04/2024,22:00,6.203
02/04/2024,23:00,2.642
02/04/2024,24:00:00,1.981
03/04/2024,01:00,1.934
03/04/2024,02:00,2.264
03/04/2024,03:00,3.113
03/04/2024,04:00,4.835
03/04/2024,05:00,5.142
03/04/2024,06:00,4.764
03/04/2024,07:00,5.118
03/04/2024,08:00,6.816
03/04/2024,09:00,5
03/04/2024,10:00,4.198
03/04/2024,11:00,2.429
03/04/2024,12:00,1.887
03/04/2024,13:00,1.415
03/04/2024,14:00,1.109
03/04/2024,15:00,1.509
03/04/2024,16:00,1.887
03/04/2024,17:00,1.84
03/04/2024,18:00,1.651
03/04/2024,19:00,2.099
03/04/2024,20:00,2.524
03/04/2024,21:00,3.679
03/04/2024,22:00,4.906
03/04/2024,23:00,4.693
03/04/2024,24:00:00,4.764
04/04/2024,01:00,4.623
04/04/2024,02:00,4.292
04/04/2024,03:00,5.142
04/04/2024,04:00,4.67
04/04/2024,05:00,4.929
04/04/2024,06:00,6.816
04/04/2024,07:00,5.495
04/04/2024,08:00,7.429
04/04/2024,09:00,5.142
04/04/2024,10:00,3.821
04/04/2024,11:00,4.41
04/04/2024,12:00,3.844
04/04/2024,13:00,4.363
04/04/2024,14:00,7.17
04/04/2024,15:00,6.509
04/04/2024,16:00,6.297
04/04/2024,17:00,7.264
04/04/2024,18:00,8.561
04/04/2024,19:00,8.868
04/04/2024,20:00,10.873
04/04/2024,21:00,6.745
04/04/2024,22:00,5.943
04/04/2024,23:00,6.722
04/04/2024,24:00:00,8.538
05/04/2024,01:00,7.146
05/04/2024,02:00,8.491
05/04/2024,03:00,4.741
05/04/2024,04:00,5.519
05/04/2024,05:00,3.16
05/04/2024,06:00,2.877
05/04/2024,07:00,3.656
05/04/2024,08:00,2.995
05/04/2024,09:00,3.561
05/04/2024,10:00,4.481
05/04/2024,11:00,5.142
05/04/2024,12:00,4.741
05/04/2024,13:00,4.788
05/04/2024,14:00,5.637
05/04/2024,15:00,7.476
05/04/2024,16:00,7.052
05/04/2024,17:00,7.476
05/04/2024,18:00,7.877
05/04/2024,19:00,8.208
05/04/2024,20:00,9.363
05/04/2024,21:00,8.561
05/04/2024,22:00,9.363
05/04/2024,23:00,16.014
05/04/2024,24:00:00,12.618
06/04/2024,01:00,5.849
06/04/2024,02:00,6.651
06/04/2024,03:00,5.307
06/04/2024,04:00,5.094
06/04/2024,05:00,4.34
06/04/2024,06:00,3.844
06/04/2024,07:00,3.868
06/04/2024,08:00,4.552
06/04/2024,09:00,11.392
06/04/2024,10:00,9.127
06/04/2024,11:00,12.429
06/04/2024,12:00,6.698
06/04/2024,13:00,5.354
06/04/2024,14:00,4.835
06/04/2024,15:00,4.976
06/04/2024,16:00,4.929
06/04/2024,17:00,5.731
06/04/2024,18:00,6.297
06/04/2024,19:00,12.453
06/04/2024,20:00,16.179
06/04/2024,21:00,17.642
06/04/2024,22:00,1.627
06/04/2024,23:00,0.92
06/04/2024,24:00:00,2.075
07/04/2024,01:00,3.396
07/04/2024,02:00,2.406
07/04/2024,03:00,2.665
07/04/2024,04:00,4.127
07/04/2024,05:00,7.193
07/04/2024,06:00,10.755
07/04/2024,07:00,10.071
07/04/2024,08:00,6.321
07/04/2024,09:00,3.137
07/04/2024,10:00,5.59
07/04/2024,11:00,4.292
07/04/2024,12:00,4.882
07/04/2024,13:00,4.387
07/04/2024,14:00,3.774
07/04/2024,15:00,2.382
07/04/2024,16:00,2.901
07/04/2024,17:00,2.877
07/04/2024,18:00,1.981
07/04/2024,19:00,1.415
07/04/2024,20:00,1.675
07/04/2024,21:00,2.995
07/04/2024,22:00,4.505
07/04/2024,23:00,6.91
07/04/2024,24:00:00,4.033
08/04/2024,01:00,2.5
08/04/2024,02:00,3.066
08/04/2024,03:00,3.632
08/04/2024,04:00,1.627
08/04/2024,05:00,2.665
08/04/2024,06:00,4.953
08/04/2024,07:00,9.41
08/04/2024,08:00,6.816
08/04/2024,09:00,7.547
08/04/2024,10:00,9.033
08/04/2024,11:00,10.613
08/04/2024,12:00,9.859
08/04/2024,13:00,8.609
08/04/2024,14:00,9.764
08/04/2024,15:00,6.958
08/04/2024,16:00,5.165
08/04/2024,17:00,5.778
08/04/2024,18:00,5.637
08/04/2024,19:00,6.627
08/04/2024,20:00,5.637
08/04/2024,21:00,6.486
08/04/2024,22:00,6.675
08/04/2024,23:00,12.948
08/04/2024,24:00:00,19.363
09/04/2024,01:00,4.906
09/04/2024,02:00,5
09/04/2024,03:00,9.198
09/04/2024,04:00,6.392
09/04/2024,05:00,12.476
09/04/2024,06:00,6.627
09/04/2024,07:00,5.943
09/04/2024,08:00,7.689
09/04/2024,09:00,6.344
09/04/2024,10:00,2.877
09/04/2024,11:00,0.755
09/04/2024,12:00,0.802
09/04/2024,13:00,1.392
09/04/2024,14:00,2.075
09/04/2024,15:00,1.627
09/04/2024,16:00,3.019
09/04/2024,17:00,3.868
09/04/2024,18:00,5.024
09/04/2024,19:00,5.307
09/04/2024,20:00,5.33
09/04/2024,21:00,5.142
09/04/2024,22:00,4.953
09/04/2024,23:00,5.236
09/04/2024,24:00:00,6.274
10/04/2024,01:00,7.005
10/04/2024,02:00,4.646
10/04/2024,03:00,5.189
10/04/2024,04:00,5.047
10/04/2024,05:00,5.448
10/04/2024,06:00,5.307
10/04/2024,07:00,6.25
10/04/2024,08:00,4.717
10/04/2024,09:00,8.042
10/04/2024,10:00,4.882
10/04/2024,11:00,7.264
10/04/2024,12:00,9.033
10/04/2024,13:00,9.033
10/04/2024,14:00,13.679
10/04/2024,15:00,2.052
10/04/2024,16:00,2.005
10/04/2024,17:00,2.028
10/04/2024,18:00,1.368
10/04/2024,19:00,1.274
10/04/2024,20:00,1.274
10/04/2024,21:00,1.061
10/04/2024,22:00,0.637
10/04/2024,23:00,0.519
10/04/2024,24:00:00,0.542
11/04/2024,01:00,0.354
11/04/2024,02:00,0.495
11/04/2024,03:00,0.566
11/04/2024,04:00,0.778
11/04/2024,05:00,1.132
11/04/2024,06:00,1.675
11/04/2024,07:00,2.901
11/04/2024,08:00,3.09
11/04/2024,09:00,3.632
11/04/2024,10:00,3.821
11/04/2024,11:00,4.222
11/04/2024,12:00,4.151
11/04/2024,13:00,3.821
11/04/2024,14:00,5.047
11/04/2024,15:00,4.292
11/04/2024,16:00,3.302
11/04/2024,17:00,2.5
11/04/2024,18:00,2.712
11/04/2024,19:00,1.675
11/04/2024,20:00,1.816
11/04/2024,21:00,2.146
11/04/2024,22:00,0.873
11/04/2024,23:00,1.179
11/04/2024,24:00:00,2.217
12/04/2024,01:00,2.241
12/04/2024,02:00,2.217
12/04/2024,03:00,1.627
12/04/2024,04:00,0.849
12/04/2024,05:00,0.755
12/04/2024,06:00,1.25
12/04/2024,07:00,1.675
12/04/2024,08:00,3.278
12/04/2024,09:00,4.41
12/04/2024,10:00,4.599
12/04/2024,11:00,5.307
12/04/2024,12:00,5.495
12/04/2024,13:00,5.401
12/04/2024,14:00,5.142
12/04/2024,15:00,6.038
12/04/2024,16:00,5.566
12/04/2024,17:00,4.953
12/04/2024,18:00,4.033
12/04/2024,19:00,3.467
12/04/2024,20:00,3.632
12/04/2024,21:00,3.821
12/04/2024,22:00,3.726
12/04/2024,23:00,3.726
12/04/2024,24:00:00,4.104
13/04/2024,01:00,4.906
13/04/2024,02:00,5.118
13/04/2024,03:00,4.222
13/04/2024,04:00,4.151
13/04/2024,05:00,4.434
13/04/2024,06:00,4.835
13/04/2024,07:00,4.788
13/04/2024,08:00,3.797
13/04/2024,09:00,3.561
13/04/2024,10:00,3.113
13/04/2024,11:00,3.349
13/04/2024,12:00,4.08
13/04/2024,13:00,4.033
13/04/2024,14:00,3.443
13/04/2024,15:00,2.146
13/04/2024,16:00,1.627
13/04/2024,17:00,1.297
13/04/2024,18:00,1.627
13/04/2024,19:00,3.302
13/04/2024,20:00,4.764
13/04/2024,21:00,5.236
13/04/2024,22:00,5.354
13/04/2024,23:00,5.024
13/04/2024,24:00:00,4.552
14/04/2024,01:00,4.41
14/04/2024,02:00,4.34
14/04/2024,03:00,4.198
14/04/2024,04:00,4.67
14/04/2024,05:00,4.741
14/04/2024,06:00,5.071
14/04/2024,07:00,5.637
14/04/2024,08:00,5.59
14/04/2024,09:00,5.991
14/04/2024,10:00,5.873
14/04/2024,11:00,5.637
14/04/2024,12:00,5.354
14/04/2024,13:00,3.703
14/04/2024,14:00,3.75
14/04/2024,15:00,3.231
14/04/2024,16:00,2.759
14/04/2024,17:00,2.524
14/04/2024,18:00,2.618
14/04/2024,19:00,2.665
14/04/2024,20:00,2.783
14/04/2024,21:00,2.618
14/04/2024,22:00,3.16
14/04/2024,23:00,3.09
14/04/2024,24:00:00,2.877
15/04/2024,01:00,2.948
15/04/2024,02:00,2.594
15/04/2024,03:00,2.075
15/04/2024,04:00,2.311
15/04/2024,05:00,2.594
15/04/2024,06:00,3.797
15/04/2024,07:00,1.958
15/04/2024,08:00,2.406
15/04/2024,09:00,2.453
15/04/2024,10:00,2.382
15/04/2024,11:00,3.561
15/04/2024,12:00,3.042
15/04/2024,13:00,2.665
15/04/2024,14:00,4.175
15/04/2024,15:00,6.226
15/04/2024,16:00,6.203
15/04/2024,17:00,5.307
15/04/2024,18:00,5.377
15/04/2024,19:00,4.575
15/04/2024,20:00,2.665
15/04/2024,21:00,2.382
15/04/2024,22:00,2.736
15/04/2024,23:00,2.736
15/04/2024,24:00:00,2.359
16/04/2024,01:00,2.123
16/04/2024,02:00,1.344
16/04/2024,03:00,1.675
16/04/2024,04:00,1.368
16/04/2024,05:00,1.226
16/04/2024,06:00,1.627
16/04/2024,07:00,1.934
16/04/2024,08:00,2.146
16/04/2024,09:00,1.745
16/04/2024,10:00,1.934
16/04/2024,11:00,1.934
16/04/2024,12:00,2.146
16/04/2024,13:00,2.618
16/04/2024,14:00,3.325
16/04/2024,15:00,3.561
16/04/2024,16:00,4.127
16/04/2024,17:00,3.443
16/04/2024,18:00,3.208
16/04/2024,19:00,3.609
16/04/2024,20:00,4.458
16/04/2024,21:00,4.976
16/04/2024,22:00,5.59
16/04/2024,23:00,4.906
16/04/2024,24:00:00,4.057
17/04/2024,01:00,3.491
17/04/2024,02:00,3.726
17/04/2024,03:00,4.104
17/04/2024,04:00,4.434
17/04/2024,05:00,4.198
17/04/2024,06:00,3.396
17/04/2024,07:00,3.349
17/04/2024,08:00,2.594
17/04/2024,09:00,2.099
17/04/2024,10:00,1.627
17/04/2024,11:00,1.722
17/04/2024,12:00,1.887
17/04/2024,13:00,1.722
17/04/2024,14:00,2.571
17/04/2024,15:00,2.783
17/04/2024,16:00,2.689
17/04/2024,17:00,3.16
17/04/2024,18:00,2.948
17/04/2024,19:00,3.302
17/04/2024,20:00,3.396
17/04/2024,21:00,3.679
17/04/2024,22:00,4.741
17/04/2024,23:00,4.906
17/04/2024,24:00:00,5.071
18/04/2024,01:00,4.835
18/04/2024,02:00,5.189
18/04/2024,03:00,5.519
18/04/2024,04:00,5.92
18/04/2024,05:00,6.297
18/04/2024,06:00,9.34
18/04/2024,07:00,8.184
18/04/2024,08:00,5.165
18/04/2024,09:00,3.726
18/04/2024,10:00,3.09
18/04/2024,11:00,2.925
18/04/2024,12:00,2.972
18/04/2024,13:00,3.679
18/04/2024,14:00,4.528
18/04/2024,15:00,4.764
18/04/2024,16:00,3.679
18/04/2024,17:00,3.019
18/04/2024,18:00,2.5
18/04/2024,19:00,2.5
18/04/2024,20:00,2.736
18/04/2024,21:00,1.651
18/04/2024,22:00,1.25
18/04/2024,23:00,1.958
18/04/2024,24:00:00,3.09
19/04/2024,01:00,2.217
19/04/2024,02:00,1.368
19/04/2024,03:00,1.745
19/04/2024,04:00,2.335
19/04/2024,05:00,2.146
19/04/2024,06:00,1.58
19/04/2024,07:00,2.382
19/04/2024,08:00,2.288
19/04/2024,09:00,2.429
19/04/2024,10:00,2.854
19/04/2024,11:00,2.075
19/04/2024,12:00,2.807
19/04/2024,13:00,2.689
19/04/2024,14:00,3.844
19/04/2024,15:00,4.057
19/04/2024,16:00,4.575
19/04/2024,17:00,4.269
19/04/2024,18:00,4.316
19/04/2024,19:00,4.906
19/04/2024,20:00,4.528
19/04/2024,21:00,5.377
19/04/2024,22:00,7.382
19/04/2024,23:00,10.543
19/04/2024,24:00:00,8.349
20/04/2024,01:00,7.759
20/04/2024,02:00,6.392
20/04/2024,03:00,5.613
20/04/2024,04:00,8.019
20/04/2024,05:00,7.665
20/04/2024,06:00,5
20/04/2024,07:00,5.967
20/04/2024,08:00,5.189
20/04/2024,09:00,4.528
20/04/2024,10:00,4.033
20/04/2024,11:00,3.514
20/04/2024,12:00,3.113
20/04/2024,13:00,3.113
20/04/2024,14:00,3.184
20/04/2024,15:00,3.585
20/04/2024,16:00,3.75
20/04/2024,17:00,4.646
20/04/2024,18:00,4.292
20/04/2024,19:00,4.623
20/04/2024,20:00,6.109
20/04/2024,21:00,11.132
20/04/2024,22:00,9.623
20/04/2024,23:00,10.519
20/04/2024,24:00:00,5.377
21/04/2024,01:00,4.882
21/04/2024,02:00,5.165
21/04/2024,03:00,5.165
21/04/2024,04:00,6.486
21/04/2024,05:00,6.132
21/04/2024,06:00,5.472
21/04/2024,07:00,5.024
21/04/2024,08:00,4.528
21/04/2024,09:00,4.434
21/04/2024,10:00,4.953
21/04/2024,11:00,5.189
21/04/2024,12:00,5.66
21/04/2024,13:00,5.236
21/04/2024,14:00,4.764
21/04/2024,15:00,4.41
21/04/2024,16:00,4.788
21/04/2024,17:00,4.788
21/04/2024,18:00,4.693
21/04/2024,19:00,5.024
21/04/2024,20:00,5.495
21/04/2024,21:00,5.967
21/04/2024,22:00,7.382
21/04/2024,23:00,8.042
21/04/2024,24:00:00,6.203
22/04/2024,01:00,6.038
22/04/2024,02:00,4.245
22/04/2024,03:00,3.915
22/04/2024,04:00,4.387
22/04/2024,05:00,5.826
22/04/2024,06:00,5.613
22/04/2024,07:00,8.632
22/04/2024,08:00,8.561
22/04/2024,09:00,8.868
22/04/2024,10:00,9.646
22/04/2024,11:00,10.401
22/04/2024,12:00,9.788
22/04/2024,13:00,7.17
22/04/2024,14:00,6.745
22/04/2024,15:00,6.392
22/04/2024,16:00,6.769
22/04/2024,17:00,7.948
22/04/2024,18:00,8.326
22/04/2024,19:00,8.703
22/04/2024,20:00,10.896
22/04/2024,21:00,11.698
22/04/2024,22:00,13.09
22/04/2024,23:00,8.302
22/04/2024,24:00:00,3.491
23/04/2024,01:00,4.481
23/04/2024,02:00,4.387
23/04/2024,03:00,5.354
23/04/2024,04:00,5.708
23/04/2024,05:00,6.58
23/04/2024,06:00,6.769
23/04/2024,07:00,6.675
23/04/2024,08:00,6.816
23/04/2024,09:00,6.274
23/04/2024,10:00,5.401
23/04/2024,11:00,7.524
23/04/2024,12:00,8.349
23/04/2024,13:00,6.132
23/04/2024,14:00,6.038
23/04/2024,15:00,5.377
23/04/2024,16:00,4.882
23/04/2024,17:00,5.991
23/04/2024,18:00,5.566
23/04/2024,19:00,5.873
23/04/2024,20:00,6.415
23/04/2024,21:00,7.406
23/04/2024,22:00,8.09
23/04/2024,23:00,7.476
23/04/2024,24:00:00,7.17
24/04/2024,01:00,7.099
24/04/2024,02:00,7.642
24/04/2024,03:00,7.807
24/04/2024,04:00,6.675
24/04/2024,05:00,5.991
24/04/2024,06:00,5.377
24/04/2024,07:00,6.014
24/04/2024,08:00,6.392
24/04/2024,09:00,5.212
24/04/2024,10:00,5.448
24/04/2024,11:00,5.873
24/04/2024,12:00,5.024
24/04/2024,13:00,5.047
24/04/2024,14:00,5.33
24/04/2024,15:00,5.943
24/04/2024,16:00,4.575
24/04/2024,17:00,5.024
24/04/2024,18:00,5.259
24/04/2024,19:00,5.708
24/04/2024,20:00,6.486
24/04/2024,21:00,10.377
24/04/2024,22:00,12.83
24/04/2024,23:00,12.123
24/04/2024,24:00:00,9.599
25/04/2024,01:00,7.618
25/04/2024,02:00,6.91
25/04/2024,03:00,7.925
25/04/2024,04:00,8.326
25/04/2024,05:00,8.797
25/04/2024,06:00,8.75
25/04/2024,07:00,8.443
25/04/2024,08:00,7.429
25/04/2024,09:00,7.335
25/04/2024,10:00,
25/04/2024,11:00,5.157
25/04/2024,12:00,4.198
25/04/2024,13:00,3.585
25/04/2024,14:00,4.67
25/04/2024,15:00,3.703
25/04/2024,16:00,3.467
25/04/2024,17:00,5.354
25/04/2024,18:00,3.349
25/04/2024,19:00,3.278
25/04/2024,20:00,3.278
25/04/2024,21:00,5.354
25/04/2024,22:00,4.835
25/04/2024,23:00,7.123
25/04/2024,24:00:00,7.264
26/04/2024,01:00,6.156
26/04/2024,02:00,5.495
26/04/2024,03:00,5
26/04/2024,04:00,6.014
26/04/2024,05:00,4.929
26/04/2024,06:00,6.085
26/04/2024,07:00,4.929
26/04/2024,08:00,5.142
26/04/2024,09:00,4.976
26/04/2024,10:00,5.495
26/04/2024,11:00,4.693
26/04/2024,12:00,4.764
26/04/2024,13:00,4.127
26/04/2024,14:00,4.127
26/04/2024,15:00,3.019
26/04/2024,16:00,4.316
26/04/2024,17:00,2.83
26/04/2024,18:00,4.009
26/04/2024,19:00,5.024
26/04/2024,20:00,5.472
26/04/2024,21:00,5.377
26/04/2024,22:00,6.934
26/04/2024,23:00,6.038
26/04/2024,24:00:00,7.123
27/04/2024,01:00,8.821
27/04/2024,02:00,9.623
27/04/2024,03:00,7.712
27/04/2024,04:00,7.759
27/04/2024,05:00,7.453
27/04/2024,06:00,6.321
27/04/2024,07:00,6.58
27/04/2024,08:00,7.476
27/04/2024,09:00,9.033
27/04/2024,10:00,8.915
27/04/2024,11:00,7.925
27/04/2024,12:00,8.326
27/04/2024,13:00,7.193
27/04/2024,14:00,6.934
27/04/2024,15:00,5.731
27/04/2024,16:00,4.41
27/04/2024,17:00,4.34
27/04/2024,18:00,4.906
27/04/2024,19:00,6.745
27/04/2024,20:00,5.991
27/04/2024,21:00,4.316
27/04/2024,22:00,6.392
27/04/2024,23:00,4.646
27/04/2024,24:00:00,5.873
28/04/2024,01:00,7.571
28/04/2024,02:00,6.156
28/04/2024,03:00,5.165
28/04/2024,04:00,4.552
28/04/2024,05:00,4.292
28/04/2024,06:00,4.033
28/04/2024,07:00,2.359
28/04/2024,08:00,1.509
28/04/2024,09:00,1.061
28/04/2024,10:00,0.849
28/04/2024,11:00,1.132
28/04/2024,12:00,0.849
28/04/2024,13:00,1.58
28/04/2024,14:00,2.618
28/04/2024,15:00,2.547
28/04/2024,16:00,2.736
28/04/2024,17:00,2.005
28/04/2024,18:00,1.958
28/04/2024,19:00,1.958
28/04/2024,20:00,2.547
28/04/2024,21:00,7.382
28/04/2024,22:00,5.283
28/04/2024,23:00,4.009
28/04/2024,24:00:00,3.939
29/04/2024,01:00,4.269
29/04/2024,02:00,4.34
29/04/2024,03:00,5.495
29/04/2024,04:00,5.943
29/04/2024,05:00,6.179
29/04/2024,06:00,5.92
29/04/2024,07:00,4.717
29/04/2024,08:00,3.443
29/04/2024,09:00,3.042
29/04/2024,10:00,3.42
29/04/2024,11:00,3.868
29/04/2024,12:00,4.882
29/04/2024,13:00,5.495
29/04/2024,14:00,6.392
29/04/2024,15:00,6.014
29/04/2024,16:00,5.024
29/04/2024,17:00,5.92
29/04/2024,18:00,6.651
29/04/2024,19:00,6.274
29/04/2024,20:00,6.486
29/04/2024,21:00,7.076
29/04/2024,22:00,9.151
29/04/2024,23:00,10.731
29/04/2024,24:00:00,5.731
30/04/2024,01:00,4.859
30/04/2024,02:00,4.34
30/04/2024,03:00,4.623
30/04/2024,04:00,4.882
30/04/2024,05:00,5.236
30/04/2024,06:00,5.259
30/04/2024,07:00,5.142
30/04/2024,08:00,5.071
30/04/2024,09:00,6.58
30/04/2024,10:00,5.236
30/04/2024,11:00,6.014
30/04/2024,12:00,4.245
30/04/2024,13:00,4.245
30/04/2024,14:00,3.892
30/04/2024,15:00,6.226
30/04/2024,16:00,4.552
30/04/2024,17:00,3.679
30/04/2024,18:00,3.962
30/04/2024,19:00,4.222
30/04/2024,20:00,4.552
30/04/2024,21:00,6.486
30/04/2024,22:00,7.241
30/04/2024,23:00,7.642
30/04/2024,24:00:00,7.948
01/05/2024,01:00,9.009
01/05/2024,02:00,10.66
01/05/2024,03:00,15
01/05/2024,04:00,17.429
01/05/2024,05:00,17.335
01/05/2024,06:00,18.373
01/05/2024,07:00,16.486
01/05/2024,08:00,15.024
01/05/2024,09:00,17.807
01/05/2024,10:00,19.269
01/05/2024,11:00,17.948
01/05/2024,12:00,20.849
01/05/2024,13:00,22.17
01/05/2024,14:00,19.599
01/05/2024,15:00,18.774
01/05/2024,16:00,19.859
01/05/2024,17:00,16.038
01/05/2024,18:00,13.844
01/05/2024,19:00,11.816
01/05/2024,20:00,11.179
01/05/2024,21:00,16.486
01/05/2024,22:00,14.646
01/05/2024,23:00,23.538
01/05/2024,24:00:00,26.793
02/05/2024,01:00,26.91
02/05/2024,02:00,21.415
02/05/2024,03:00,17.005
02/05/2024,04:00,15
02/05/2024,05:00,15.283
02/05/2024,06:00,17.005
02/05/2024,07:00,18.467
02/05/2024,08:00,19.481
02/05/2024,09:00,20.731
02/05/2024,10:00,20.613
02/05/2024,11:00,21.651
02/05/2024,12:00,19.977
02/05/2024,13:00,19.104
02/05/2024,14:00,19.08
02/05/2024,15:00,17.217
02/05/2024,16:00,18.043
02/05/2024,17:00,17.17
02/05/2024,18:00,18.16
02/05/2024,19:00,19.057
02/05/2024,20:00,20.307
02/05/2024,21:00,22.877
02/05/2024,22:00,21.769
02/05/2024,23:00,19.363
02/05/2024,24:00:00,18.656
03/05/2024,01:00,19.293
03/05/2024,02:00,18.821
03/05/2024,03:00,21.745
03/05/2024,04:00,18.726
03/05/2024,05:00,23.066
03/05/2024,06:00,19.764
03/05/2024,07:00,18.892
03/05/2024,08:00,19.08
03/05/2024,09:00,21.085
03/05/2024,10:00,17.807
03/05/2024,11:00,17.736
03/05/2024,12:00,19.08
03/05/2024,13:00,19.528
03/05/2024,14:00,22.477
03/05/2024,15:00,17.948
03/05/2024,16:00,14.245
03/05/2024,17:00,13.703
03/05/2024,18:00,14.175
03/05/2024,19:00,14.41
03/05/2024,20:00,11.793
03/05/2024,21:00,8.302
03/05/2024,22:00,6.651
03/05/2024,23:00,3.585
03/05/2024,24:00:00,3.585
04/05/2024,01:00,2.382
04/05/2024,02:00,2.241
04/05/2024,03:00,2.594
04/05/2024,04:00,1.934
04/05/2024,05:00,1.745
04/05/2024,06:00,2.5
04/05/2024,07:00,2.453
04/05/2024,08:00,3.302
04/05/2024,09:00,2.712
04/05/2024,10:00,3.278
04/05/2024,11:00,3.137
04/05/2024,12:00,2.476
04/05/2024,13:00,2.193
04/05/2024,14:00,2.028
04/05/2024,15:00,2.311
04/05/2024,16:00,2.665
04/05/2024,17:00,3.019
04/05/2024,18:00,3.632
04/05/2024,19:00,4.057
04/05/2024,20:00,5.212
04/05/2024,21:00,6.203
04/05/2024,22:00,8.137
04/05/2024,23:00,10.472
04/05/2024,24:00:00,13.302
05/05/2024,01:00,9.976
05/05/2024,02:00,8.561
05/05/2024,03:00,12.217
05/05/2024,04:00,7.17
05/05/2024,05:00,10.425
05/05/2024,06:00,10.33
05/05/2024,07:00,9.646
05/05/2024,08:00,7.146
05/05/2024,09:00,8.302
05/05/2024,10:00,5.613
05/05/2024,11:00,2.311
05/05/2024,12:00,1.769
05/05/2024,13:00,1.934
05/05/2024,14:00,2.807
05/05/2024,15:00,1.981
05/05/2024,16:00,2.359
05/05/2024,17:00,2.995
05/05/2024,18:00,3.208
05/05/2024,19:00,4.811
05/05/2024,20:00,5.896
05/05/2024,21:00,8.278
05/05/2024,22:00,19.41
05/05/2024,23:00,25.566
05/05/2024,24:00:00,24.151
06/05/2024,01:00,9.363
06/05/2024,02:00,10.401
06/05/2024,03:00,8.679
06/05/2024,04:00,8.962
06/05/2024,05:00,8.797
06/05/2024,06:00,8.868
06/05/2024,07:00,8.939
06/05/2024,08:00,11.816
06/05/2024,09:00,11.604
06/05/2024,10:00,12.594
06/05/2024,11:00,11.651
06/05/2024,12:00,8.491
06/05/2024,13:00,7.453
06/05/2024,14:00,7.359
06/05/2024,15:00,7.146
06/05/2024,16:00,7.948
06/05/2024,17:00,9.009
06/05/2024,18:00,9.481
06/05/2024,19:00,8.09
06/05/2024,20:00,7.948
06/05/2024,21:00,10.094
06/05/2024,22:00,9.481
06/05/2024,23:00,8.609
06/05/2024,24:00:00,11.958
07/05/2024,01:00,14.387
07/05/2024,02:00,11.769
07/05/2024,03:00,12.783
07/05/2024,04:00,13.797
07/05/2024,05:00,12.642
07/05/2024,06:00,9.458
07/05/2024,07:00,12.925
07/05/2024,08:00,11.816
07/05/2024,09:00,8.774
07/05/2024,10:00,9.434
07/05/2024,11:00,7.146
07/05/2024,12:00,6.722
07/05/2024,13:00,6.651
07/05/2024,14:00,4.929
07/05/2024,15:00,5.024
07/05/2024,16:00,5.024
07/05/2024,17:00,5.236
07/05/2024,18:00,5.542
07/05/2024,19:00,5.448
07/05/2024,20:00,6.297
07/05/2024,21:00,7.901
07/05/2024,22:00,10.307
07/05/2024,23:00,9.811
07/05/2024,24:00:00,9.387
08/05/2024,01:00,8.585
08/05/2024,02:00,9.057
08/05/2024,03:00,10.189
08/05/2024,04:00,9.67
08/05/2024,05:00,10.448
08/05/2024,06:00,17.241
08/05/2024,07:00,17.76
08/05/2024,08:00,17.099
08/05/2024,09:00,9.222
08/05/2024,10:00,11.132
08/05/2024,11:00,11.25
08/05/2024,12:00,10.071
08/05/2024,13:00,10.071
08/05/2024,14:00,10.543
08/05/2024,15:00,11.675
08/05/2024,16:00,9.34
08/05/2024,17:00,7.217
08/05/2024,18:00,7.429
08/05/2024,19:00,8.396
08/05/2024,20:00,12.005
08/05/2024,21:00,12.712
08/05/2024,22:00,9.057
08/05/2024,23:00,7.642
08/05/2024,24:00:00,6.297
09/05/2024,01:00,6.321
09/05/2024,02:00,6.651
09/05/2024,03:00,7.17
09/05/2024,04:00,8.396
09/05/2024,05:00,8.538
09/05/2024,06:00,8.373
09/05/2024,07:00,11.769
09/05/2024,08:00,13.137
09/05/2024,09:00,13.585
09/05/2024,10:00,9.552
09/05/2024,11:00,8.656
09/05/2024,12:00,8.538
09/05/2024,13:00,7.854
09/05/2024,14:00,7.288
09/05/2024,15:00,6.84
09/05/2024,16:00,7.948
09/05/2024,17:00,7.712
09/05/2024,18:00,9.623
09/05/2024,19:00,8.632
09/05/2024,20:00,8.066
09/05/2024,21:00,10.307
09/05/2024,22:00,10.708
09/05/2024,23:00,10.094
09/05/2024,24:00:00,16.132
10/05/2024,01:00,23.892
10/05/2024,02:00,15.283
10/05/2024,03:00,10.33
10/05/2024,04:00,10.236
10/05/2024,05:00,11.297
10/05/2024,06:00,11.816
10/05/2024,07:00,11.816
10/05/2024,08:00,25.118
10/05/2024,09:00,18.349
10/05/2024,10:00,17.123
10/05/2024,11:00,17.712
10/05/2024,12:00,14.293
10/05/2024,13:00,11.226
10/05/2024,14:00,8.75
10/05/2024,15:00,7.146
10/05/2024,16:00,5.377
10/05/2024,17:00,4.693
10/05/2024,18:00,4.127
10/05/2024,19:00,4.646
10/05/2024,20:00,3.892
10/05/2024,21:00,3.609
10/05/2024,22:00,4.646
10/05/2024,23:00,7.689
10/05/2024,24:00:00,10.118
11/05/2024,01:00,7.665
11/05/2024,02:00,8.75
11/05/2024,03:00,8.75
11/05/2024,04:00,9.245
11/05/2024,05:00,9.34
11/05/2024,06:00,11.061
11/05/2024,07:00,13.656
11/05/2024,08:00,13.113
11/05/2024,09:00,7.665
11/05/2024,10:00,3.632
11/05/2024,11:00,5.283
11/05/2024,12:00,4.222
11/05/2024,13:00,6.58
11/05/2024,14:00,13.019
11/05/2024,15:00,15.071
11/05/2024,16:00,16.203
11/05/2024,17:00,14.976
11/05/2024,18:00,15.024
11/05/2024,19:00,15.283
11/05/2024,20:00,14.741
11/05/2024,21:00,15.967
11/05/2024,22:00,15.778
11/05/2024,23:00,14.127
11/05/2024,24:00:00,9.788
12/05/2024,01:00,9.057
12/05/2024,02:00,9.033
12/05/2024,03:00,9.859
12/05/2024,04:00,13.043
12/05/2024,05:00,16.132
12/05/2024,06:00,19.741
12/05/2024,07:00,22.217
12/05/2024,08:00,21.604
12/05/2024,09:00,22.972
12/05/2024,10:00,24.599
12/05/2024,11:00,26.109
12/05/2024,12:00,28.184
12/05/2024,13:00,24.788
12/05/2024,14:00,15.024
12/05/2024,15:00,8.986
12/05/2024,16:00,9.387
12/05/2024,17:00,10.259
12/05/2024,18:00,9.882
12/05/2024,19:00,10.165
12/05/2024,20:00,10.401
12/05/2024,21:00,13.373
12/05/2024,22:00,14.316
12/05/2024,23:00,18.703
12/05/2024,24:00:00,19.198
13/05/2024,01:00,18.679
13/05/2024,02:00,21.038
13/05/2024,03:00,16.415
13/05/2024,04:00,19.882
13/05/2024,05:00,25.118
13/05/2024,06:00,36.722
13/05/2024,07:00,19.481
13/05/2024,08:00,10.071
13/05/2024,09:00,13.255
13/05/2024,10:00,15.708
13/05/2024,11:00,7.665
13/05/2024,12:00,5.66
13/05/2024,13:00,6.321
13/05/2024,14:00,6.981
13/05/2024,15:00,5.519
13/05/2024,16:00,5.425
13/05/2024,17:00,5.731
13/05/2024,18:00,6.509
13/05/2024,19:00,6.344
13/05/2024,20:00,6.156
13/05/2024,21:00,7.288
13/05/2024,22:00,6.792
13/05/2024,23:00,8.703
13/05/2024,24:00:00,8.066
14/05/2024,01:00,8.255
14/05/2024,02:00,10.189
14/05/2024,03:00,13.632
14/05/2024,04:00,17.854
14/05/2024,05:00,18.491
14/05/2024,06:00,17.948
14/05/2024,07:00,18.019
14/05/2024,08:00,17.264
14/05/2024,09:00,13.16
14/05/2024,10:00,10.354
14/05/2024,11:00,8.278
14/05/2024,12:00,7.335
14/05/2024,13:00,6.344
14/05/2024,14:00,4.34
14/05/2024,15:00,4.882
14/05/2024,16:00,4.505
14/05/2024,17:00,3.821
14/05/2024,18:00,4.08
14/05/2024,19:00,4.363
14/05/2024,20:00,4.528
14/05/2024,21:00,6.816
14/05/2024,22:00,5.566
14/05/2024,23:00,6.25
14/05/2024,24:00:00,6.745
15/05/2024,01:00,7.547
15/05/2024,02:00,7.406
15/05/2024,03:00,8.467
15/05/2024,04:00,10.778
15/05/2024,05:00,11.627
15/05/2024,06:00,11.014
15/05/2024,07:00,9.481
15/05/2024,08:00,9.528
15/05/2024,09:00,10.094
15/05/2024,10:00,9.764
15/05/2024,11:00,8.019
15/05/2024,12:00,7.005
15/05/2024,13:00,5.92
15/05/2024,14:00,5.401
15/05/2024,15:00,5.212
15/05/2024,16:00,4.292
15/05/2024,17:00,2.948
15/05/2024,18:00,2.877
15/05/2024,19:00,3.443
15/05/2024,20:00,5.637
15/05/2024,21:00,9.269
15/05/2024,22:00,6.132
15/05/2024,23:00,7.618
15/05/2024,24:00:00,6.156
16/05/2024,01:00,8.821
16/05/2024,02:00,9.222
16/05/2024,03:00,12.5
16/05/2024,04:00,15
16/05/2024,05:00,20.33
16/05/2024,06:00,23.326
16/05/2024,07:00,22.359
16/05/2024,08:00,28.066
16/05/2024,09:00,21.038
16/05/2024,10:00,13.679
16/05/2024,11:00,14.764
16/05/2024,12:00,16.604
16/05/2024,13:00,13.703
16/05/2024,14:00,11.58
16/05/2024,15:00,10.024
16/05/2024,16:00,10.472
16/05/2024,17:00,14.505
16/05/2024,18:00,15.566
16/05/2024,19:00,16.109
16/05/2024,20:00,16.462
16/05/2024,21:00,15.212
16/05/2024,22:00,14.717
16/05/2024,23:00,15.472
16/05/2024,24:00:00,17.5
17/05/2024,01:00,21.415
17/05/2024,02:00,25.802
17/05/2024,03:00,22.241
17/05/2024,04:00,19.977
17/05/2024,05:00,18.184
17/05/2024,06:00,17.854
17/05/2024,07:00,23.113
17/05/2024,08:00,20.26
17/05/2024,09:00,15.495
17/05/2024,10:00,8.962
17/05/2024,11:00,7.17
17/05/2024,12:00,7.193
17/05/2024,13:00,7.712
17/05/2024,14:00,6.934
17/05/2024,15:00,6.321
17/05/2024,16:00,6.533
17/05/2024,17:00,8.797
17/05/2024,18:00,10.92
17/05/2024,19:00,11.344
17/05/2024,20:00,14.576
17/05/2024,21:00,15.637
17/05/2024,22:00,17.17
17/05/2024,23:00,16.722
17/05/2024,24:00:00,18.396
18/05/2024,01:00,19.481
18/05/2024,02:00,21.368
18/05/2024,03:00,23.939
18/05/2024,04:00,26.109
18/05/2024,05:00,21.981
18/05/2024,06:00,15.024
18/05/2024,07:00,16.887
18/05/2024,08:00,17.618
18/05/2024,09:00,18.326
18/05/2024,10:00,18.467
18/05/2024,11:00,15.637
18/05/2024,12:00,15.472
18/05/2024,13:00,14.458
18/05/2024,14:00,12.453
18/05/2024,15:00,9.363
18/05/2024,16:00,7.665
18/05/2024,17:00,8.939
18/05/2024,18:00,8.821
18/05/2024,19:00,8.042
18/05/2024,20:00,7.972
18/05/2024,21:00,11.344
18/05/2024,22:00,11.203
18/05/2024,23:00,11.368
18/05/2024,24:00:00,11.038
19/05/2024,01:00,13.302
19/05/2024,02:00,12.854
19/05/2024,03:00,13.396
19/05/2024,04:00,16.014
19/05/2024,05:00,20.873
19/05/2024,06:00,21.061
19/05/2024,07:00,19.811
19/05/2024,08:00,16.061
19/05/2024,09:00,12.689
19/05/2024,10:00,11.415
19/05/2024,11:00,11.675
19/05/2024,12:00,11.297
19/05/2024,13:00,11.415
19/05/2024,14:00,11.509
19/05/2024,15:00,11.226
19/05/2024,16:00,9.976
19/05/2024,17:00,15.448
19/05/2024,18:00,11.014
19/05/2024,19:00,10.59
19/05/2024,20:00,10.59
19/05/2024,21:00,17.335
19/05/2024,22:00,18.019
19/05/2024,23:00,12.925
19/05/2024,24:00:00,10.66
20/05/2024,01:00,11.25
20/05/2024,02:00,12.689
20/05/2024,03:00,10.543
20/05/2024,04:00,8.868
20/05/2024,05:00,8.443
20/05/2024,06:00,9.387
20/05/2024,07:00,10.354
20/05/2024,08:00,9.528
20/05/2024,09:00,7.146
20/05/2024,10:00,7.17
20/05/2024,11:00,8.16
20/05/2024,12:00,6.769
20/05/2024,13:00,5.92
20/05/2024,14:00,7.193
20/05/2024,15:00,6.203
20/05/2024,16:00,6.038
20/05/2024,17:00,6.297
20/05/2024,18:00,5.118
20/05/2024,19:00,5.991
20/05/2024,20:00,5.684
20/05/2024,21:00,4.528
20/05/2024,22:00,6.085
20/05/2024,23:00,5.377
20/05/2024,24:00:00,5.778
21/05/2024,01:00,5.307
21/05/2024,02:00,4.953
21/05/2024,03:00,5.59
21/05/2024,04:00,5.637
21/05/2024,05:00,6.675
21/05/2024,06:00,7.594
21/05/2024,07:00,9.434
21/05/2024,08:00,7.217
21/05/2024,09:00,5.873
21/05/2024,10:00,6.486
21/05/2024,11:00,7.17
21/05/2024,12:00,7.547
21/05/2024,13:00,8.349
21/05/2024,14:00,9.859
21/05/2024,15:00,11.344
21/05/2024,16:00,10.66
21/05/2024,17:00,11.816
21/05/2024,18:00,10.142
21/05/2024,19:00,9.623
21/05/2024,20:00,9.788
21/05/2024,21:00,11.25
21/05/2024,22:00,14.151
21/05/2024,23:00,14.057
21/05/2024,24:00:00,14.717
22/05/2024,01:00,17.028
22/05/2024,02:00,17.217
22/05/2024,03:00,16.25
22/05/2024,04:00,14.198
22/05/2024,05:00,12.712
22/05/2024,06:00,7.877
22/05/2024,07:00,6.462
22/05/2024,08:00,4.175
22/05/2024,09:00,3.915
22/05/2024,10:00,3.514
22/05/2024,11:00,2.948
22/05/2024,12:00,2.594
22/05/2024,13:00,3.066
22/05/2024,14:00,3.09
22/05/2024,15:00,2.948
22/05/2024,16:00,3.325
22/05/2024,17:00,1.816
22/05/2024,18:00,1.604
22/05/2024,19:00,1.462
22/05/2024,20:00,1.722
22/05/2024,21:00,1.863
22/05/2024,22:00,1.651
22/05/2024,23:00,1.297
22/05/2024,24:00:00,1.109
23/05/2024,01:00,0.778
23/05/2024,02:00,1.179
23/05/2024,03:00,0.896
23/05/2024,04:00,0.967
23/05/2024,05:00,0.731
23/05/2024,06:00,0.943
23/05/2024,07:00,1.156
23/05/2024,08:00,1.014
23/05/2024,09:00,1.132
23/05/2024,10:00,1.226
23/05/2024,11:00,1.344
23/05/2024,12:00,1.792
23/05/2024,13:00,1.84
23/05/2024,14:00,1.981
23/05/2024,15:00,1.58
23/05/2024,16:00,1.887
23/05/2024,17:00,1.25
23/05/2024,18:00,1.085
23/05/2024,19:00,1.179
23/05/2024,20:00,1.745
23/05/2024,21:00,1.486
23/05/2024,22:00,0.943
23/05/2024,23:00,1.226
23/05/2024,24:00:00,1.25
24/05/2024,01:00,1.557
24/05/2024,02:00,2.099
24/05/2024,03:00,2.264
24/05/2024,04:00,1.722
24/05/2024,05:00,2.123
24/05/2024,06:00,3.349
24/05/2024,07:00,3.373
24/05/2024,08:00,3.726
24/05/2024,09:00,5.684
24/05/2024,10:00,3.797
24/05/2024,11:00,6.038
24/05/2024,12:00,4.741
24/05/2024,13:00,2.925
24/05/2024,14:00,3.42
24/05/2024,15:00,3.396
24/05/2024,16:00,3.396
24/05/2024,17:00,4.269
24/05/2024,18:00,5.637
24/05/2024,19:00,5.377
24/05/2024,20:00,5.731
24/05/2024,21:00,6.745
24/05/2024,22:00,7.571
24/05/2024,23:00,13.278
24/05/2024,24:00:00,12.099
25/05/2024,01:00,10.943
25/05/2024,02:00,9.835
25/05/2024,03:00,9.316
25/05/2024,04:00,7.854
25/05/2024,05:00,9.623
25/05/2024,06:00,9.528
25/05/2024,07:00,9.835
25/05/2024,08:00,11.156
25/05/2024,09:00,7.736
25/05/2024,10:00,5.259
25/05/2024,11:00,5.731
25/05/2024,12:00,5.236
25/05/2024,13:00,5.542
25/05/2024,14:00,6.085
25/05/2024,15:00,4.929
25/05/2024,16:00,3.561
25/05/2024,17:00,4.057
25/05/2024,18:00,5.024
25/05/2024,19:00,6.274
25/05/2024,20:00,7.83
25/05/2024,21:00,9.953
25/05/2024,22:00,12.948
25/05/2024,23:00,14.976
25/05/2024,24:00:00,18.892
26/05/2024,01:00,15.755
26/05/2024,02:00,11.863
26/05/2024,03:00,11.698
26/05/2024,04:00,9.151
26/05/2024,05:00,9.127
26/05/2024,06:00,9.623
26/05/2024,07:00,10.495
26/05/2024,08:00,10.33
26/05/2024,09:00,7.5
26/05/2024,10:00,3.208
26/05/2024,11:00,3.915
26/05/2024,12:00,4.316
26/05/2024,13:00,3.962
26/05/2024,14:00,3.16
26/05/2024,15:00,2.382
26/05/2024,16:00,2.335
26/05/2024,17:00,1.769
26/05/2024,18:00,1.934
26/05/2024,19:00,2.5
26/05/2024,20:00,1.84
26/05/2024,21:00,2.17
26/05/2024,22:00,2.642
26/05/2024,23:00,2.5
26/05/2024,24:00:00,2.311
27/05/2024,01:00,2.5
27/05/2024,02:00,2.429
27/05/2024,03:00,2.618
27/05/2024,04:00,2.877
27/05/2024,05:00,2.995
27/05/2024,06:00,3.137
27/05/2024,07:00,1.038
27/05/2024,08:00,1.132
27/05/2024,09:00,1.792
27/05/2024,10:00,1.769
27/05/2024,11:00,1.533
27/05/2024,12:00,1.509
27/05/2024,13:00,2.241
27/05/2024,14:00,1.604
27/05/2024,15:00,0.873
27/05/2024,16:00,1.203
27/05/2024,17:00,1.392
27/05/2024,18:00,1.651
27/05/2024,19:00,2.146
27/05/2024,20:00,2.476
27/05/2024,21:00,4.009
27/05/2024,22:00,6.014
27/05/2024,23:00,3.184
27/05/2024,24:00:00,3.75
28/05/2024,01:00,4.835
28/05/2024,02:00,4.363
28/05/2024,03:00,4.788
28/05/2024,04:00,5.354
28/05/2024,05:00,5.401
28/05/2024,06:00,7.807
28/05/2024,07:00,15.142
28/05/2024,08:00,7.028
28/05/2024,09:00,5.425
28/05/2024,10:00,4.41
28/05/2024,11:00,5.519
28/05/2024,12:00,4.599
28/05/2024,13:00,2.807
28/05/2024,14:00,2.075
28/05/2024,15:00,7.877
28/05/2024,16:00,1.132
28/05/2024,17:00,1.132
28/05/2024,18:00,1.274
28/05/2024,19:00,1.58
28/05/2024,20:00,2.17
28/05/2024,21:00,1.745
28/05/2024,22:00,1.816
28/05/2024,23:00,3.467
28/05/2024,24:00:00,4.104
29/05/2024,01:00,4.292
29/05/2024,02:00,4.434
29/05/2024,03:00,5.024
29/05/2024,04:00,3.868
29/05/2024,05:00,5.92
29/05/2024,06:00,4.646
29/05/2024,07:00,3.137
29/05/2024,08:00,3.137
29/05/2024,09:00,3.514
29/05/2024,10:00,3.16
29/05/2024,11:00,2.901
29/05/2024,12:00,3.042
29/05/2024,13:00,2.547
29/05/2024,14:00,2.665
29/05/2024,15:00,2.241
29/05/2024,16:00,2.17
29/05/2024,17:00,2.123
29/05/2024,18:00,2.146
29/05/2024,19:00,2.5
29/05/2024,20:00,3.467
29/05/2024,21:00,4.575
29/05/2024,22:00,3.868
29/05/2024,23:00,3.255
29/05/2024,24:00:00,3.538
30/05/2024,01:00,3.019
30/05/2024,02:00,2.476
30/05/2024,03:00,2.712
30/05/2024,04:00,3.373
30/05/2024,05:00,3.821
30/05/2024,06:00,3.844
30/05/2024,07:00,2.783
30/05/2024,08:00,2.217
30/05/2024,09:00,2.429
30/05/2024,10:00,1.509
30/05/2024,11:00,2.17
30/05/2024,12:00,2.736
30/05/2024,13:00,2.925
30/05/2024,14:00,2.571
30/05/2024,15:00,2.948
30/05/2024,16:00,3.09
30/05/2024,17:00,3.231
30/05/2024,18:00,3.137
30/05/2024,19:00,3.514
30/05/2024,20:00,4.057
30/05/2024,21:00,4.835
30/05/2024,22:00,5.613
30/05/2024,23:00,5.613
30/05/2024,24:00:00,4.976
31/05/2024,01:00,4.811
31/05/2024,02:00,4.953
31/05/2024,03:00,3.184
31/05/2024,04:00,2.759
31/05/2024,05:00,2.642
31/05/2024,06:00,3.915
31/05/2024,07:00,4.458
31/05/2024,08:00,3.585
31/05/2024,09:00,4.222
31/05/2024,10:00,6.179
31/05/2024,11:00,6.368
31/05/2024,12:00,9.269
31/05/2024,13:00,11.58
31/05/2024,14:00,15.943
31/05/2024,15:00,24.08
31/05/2024,16:00,29.01
31/05/2024,17:00,27.028
31/05/2024,18:00,23.986
31/05/2024,19:00,19.127
31/05/2024,20:00,17.406
31/05/2024,21:00,17.241
31/05/2024,22:00,29.316
31/05/2024,23:00,18.208
31/05/2024,24:00:00,13.892
01/06/2024,01:00,10.802
01/06/2024,02:00,10.118
01/06/2024,03:00,9.08
01/06/2024,04:00,6.769
01/06/2024,05:00,5.519
01/06/2024,06:00,5.33
01/06/2024,07:00,4.269
01/06/2024,08:00,4.34
01/06/2024,09:00,4.057
01/06/2024,10:00,3.325
01/06/2024,11:00,2.83
01/06/2024,12:00,2.311
01/06/2024,13:00,3.184
01/06/2024,14:00,3.609
01/06/2024,15:00,3.939
01/06/2024,16:00,4.623
01/06/2024,17:00,5.236
01/06/2024,18:00,6.321
01/06/2024,19:00,8.113
01/06/2024,20:00,9.151
01/06/2024,21:00,14.646
01/06/2024,22:00,12.311
01/06/2024,23:00,15.212
01/06/2024,24:00:00,15.307
02/06/2024,01:00,12.052
02/06/2024,02:00,9.175
02/06/2024,03:00,9.505
02/06/2024,04:00,9.08
02/06/2024,05:00,10.259
02/06/2024,06:00,10.142
02/06/2024,07:00,11.203
02/06/2024,08:00,11.651
02/06/2024,09:00,8.821
02/06/2024,10:00,5.967
02/06/2024,11:00,5.826
02/06/2024,12:00,4.269
02/06/2024,13:00,4.198
02/06/2024,14:00,3.797
02/06/2024,15:00,4.693
02/06/2024,16:00,5.212
02/06/2024,17:00,5.778
02/06/2024,18:00,5
02/06/2024,19:00,4.387
02/06/2024,20:00,3.325
02/06/2024,21:00,3.208
02/06/2024,22:00,3.561
02/06/2024,23:00,3.514
02/06/2024,24:00:00,3.16
03/06/2024,01:00,3.255
03/06/2024,02:00,3.042
03/06/2024,03:00,3.443
03/06/2024,04:00,3.325
03/06/2024,05:00,3.396
03/06/2024,06:00,3.208
03/06/2024,07:00,1.887
03/06/2024,08:00,1.392
03/06/2024,09:00,1.274
03/06/2024,10:00,1.816
03/06/2024,11:00,1.392
03/06/2024,12:00,1.509
03/06/2024,13:00,2.099
03/06/2024,14:00,2.075
03/06/2024,15:00,2.052
03/06/2024,16:00,2.406
03/06/2024,17:00,2.642
03/06/2024,18:00,2.359
03/06/2024,19:00,3.325
03/06/2024,20:00,2.83
03/06/2024,21:00,3.113
03/06/2024,22:00,2.311
03/06/2024,23:00,2.948
03/06/2024,24:00:00,4.009
04/06/2024,01:00,4.976
04/06/2024,02:00,4.434
04/06/2024,03:00,4.764
04/06/2024,04:00,5.377
04/06/2024,05:00,4.859
04/06/2024,06:00,3.726
04/06/2024,07:00,2.618
04/06/2024,08:00,3.75
04/06/2024,09:00,4.363
04/06/2024,10:00,3.821
04/06/2024,11:00,5.401
04/06/2024,12:00,4.08
04/06/2024,13:00,3.986
04/06/2024,14:00,2.736
04/06/2024,15:00,2.972
04/06/2024,16:00,4.127
04/06/2024,17:00,3.679
04/06/2024,18:00,10.189
04/06/2024,19:00,10.755
04/06/2024,20:00,9.458
04/06/2024,21:00,9.363
04/06/2024,22:00,7.005
04/06/2024,23:00,6.887
04/06/2024,24:00:00,7.288
05/06/2024,01:00,8.184
05/06/2024,02:00,5.778
05/06/2024,03:00,6.462
05/06/2024,04:00,6.203
05/06/2024,05:00,5.425
05/06/2024,06:00,5.59
05/06/2024,07:00,6.297
05/06/2024,08:00,5.236
05/06/2024,09:00,6.855
05/06/2024,10:00,8.16
05/06/2024,11:00,6.792
05/06/2024,12:00,6.321
05/06/2024,13:00,5.59
05/06/2024,14:00,5.118
05/06/2024,15:00,4.481
05/06/2024,16:00,4.434
05/06/2024,17:00,5.802
05/06/2024,18:00,6.014
05/06/2024,19:00,6.745
05/06/2024,20:00,7.5
05/06/2024,21:00,7.571
05/06/2024,22:00,8.019
05/06/2024,23:00,10.142
05/06/2024,24:00:00,12.642
06/06/2024,01:00,12.5
06/06/2024,02:00,10.66
06/06/2024,03:00,7.076
06/06/2024,04:00,7.854
06/06/2024,05:00,9.623
06/06/2024,06:00,8.538
06/06/2024,07:00,9.198
06/06/2024,08:00,9.387
06/06/2024,09:00,10.448
06/06/2024,10:00,9.576
06/06/2024,11:00,9.576
06/06/2024,12:00,9.623
06/06/2024,13:00,11.462
06/06/2024,14:00,9.646
06/06/2024,15:00,8.892
06/06/2024,16:00,11.557
06/06/2024,17:00,11.321
06/06/2024,18:00,9.576
06/06/2024,19:00,8.066
06/06/2024,20:00,8.019
06/06/2024,21:00,7.995
06/06/2024,22:00,7.453
06/06/2024,23:00,6.038
06/06/2024,24:00:00,5.566
07/06/2024,01:00,4.552
07/06/2024,02:00,5.66
07/06/2024,03:00,6.392
07/06/2024,04:00,6.863
07/06/2024,05:00,9.552
07/06/2024,06:00,8.868
07/06/2024,07:00,8.821
07/06/2024,08:00,11.085
07/06/2024,09:00,8.231
07/06/2024,10:00,7.618
07/06/2024,11:00,7.972
07/06/2024,12:00,6.179
07/06/2024,13:00,6.109
07/06/2024,14:00,5.165
07/06/2024,15:00,4.976
07/06/2024,16:00,4.929
07/06/2024,17:00,4.882
07/06/2024,18:00,4.953
07/06/2024,19:00,4.269
07/06/2024,20:00,3.443
07/06/2024,21:00,3.726
07/06/2024,22:00,3.868
07/06/2024,23:00,4.009
07/06/2024,24:00:00,4.057
08/06/2024,01:00,4.057
08/06/2024,02:00,3.962
08/06/2024,03:00,3.561
08/06/2024,04:00,2.995
08/06/2024,05:00,3.349
08/06/2024,06:00,3.656
08/06/2024,07:00,2.288
08/06/2024,08:00,1.533
08/06/2024,09:00,1.91
08/06/2024,10:00,3.703
08/06/2024,11:00,3.137
08/06/2024,12:00,4.222
08/06/2024,13:00,4.269
08/06/2024,14:00,3.443
08/06/2024,15:00,3.231
08/06/2024,16:00,2.877
08/06/2024,17:00,2.759
08/06/2024,18:00,3.019
08/06/2024,19:00,3.538
08/06/2024,20:00,5.024
08/06/2024,21:00,4.906
08/06/2024,22:00,5.071
08/06/2024,23:00,4.599
08/06/2024,24:00:00,3.868
09/06/2024,01:00,4.67
09/06/2024,02:00,6.109
09/06/2024,03:00,6.156
09/06/2024,04:00,8.75
09/06/2024,05:00,10.943
09/06/2024,06:00,9.811
09/06/2024,07:00,7.901
09/06/2024,08:00,5.425
09/06/2024,09:00,3.255
09/06/2024,10:00,3.302
09/06/2024,11:00,4.434
09/06/2024,12:00,6.085
09/06/2024,13:00,6.745
09/06/2024,14:00,4.575
09/06/2024,15:00,4.575
09/06/2024,16:00,4.34
09/06/2024,17:00,5.236
09/06/2024,18:00,4.788
09/06/2024,19:00,4.033
09/06/2024,20:00,3.208
09/06/2024,21:00,2.901
09/06/2024,22:00,4.528
09/06/2024,23:00,3.585
09/06/2024,24:00:00,3.585
10/06/2024,01:00,2.665
10/06/2024,02:00,2.571
10/06/2024,03:00,2.571
10/06/2024,04:00,2.382
10/06/2024,05:00,1.934
10/06/2024,06:00,2.17
10/06/2024,07:00,2.925
10/06/2024,08:00,4.009
10/06/2024,09:00,3.16
10/06/2024,10:00,2.83
10/06/2024,11:00,3.915
10/06/2024,12:00,3.491
10/06/2024,13:00,3.962
10/06/2024,14:00,3.208
10/06/2024,15:00,3.396
10/06/2024,16:00,3.09
10/06/2024,17:00,4.646
10/06/2024,18:00,9.835
10/06/2024,19:00,3.349
10/06/2024,20:00,4.245
10/06/2024,21:00,3.868
10/06/2024,22:00,3.656
10/06/2024,23:00,2.736
10/06/2024,24:00:00,4.387
11/06/2024,01:00,4.434
11/06/2024,02:00,3.538
11/06/2024,03:00,1.745
11/06/2024,04:00,1.25
11/06/2024,05:00,1.651
11/06/2024,06:00,2.665
11/06/2024,07:00,3.443
11/06/2024,08:00,3.16
11/06/2024,09:00,2.925
11/06/2024,10:00,2.311
11/06/2024,11:00,2.288
11/06/2024,12:00,2.877
11/06/2024,13:00,2.524
11/06/2024,14:00,3.066
11/06/2024,15:00,2.83
11/06/2024,16:00,2.736
11/06/2024,17:00,2.877
11/06/2024,18:00,37.335
11/06/2024,19:00,9.033
11/06/2024,20:00,5.684
11/06/2024,21:00,6.533
11/06/2024,22:00,4.741
11/06/2024,23:00,5.542
11/06/2024,24:00:00,7.076
12/06/2024,01:00,6.085
12/06/2024,02:00,4.882
12/06/2024,03:00,5.071
12/06/2024,04:00,4.929
12/06/2024,05:00,5.802
12/06/2024,06:00,7.901
12/06/2024,07:00,5.967
12/06/2024,08:00,6.816
12/06/2024,09:00,3.939
12/06/2024,10:00,3.349
12/06/2024,11:00,3.467
12/06/2024,12:00,3.844
12/06/2024,13:00,4.859
12/06/2024,14:00,4.693
12/06/2024,15:00,4.269
12/06/2024,16:00,3.75
12/06/2024,17:00,3.986
12/06/2024,18:00,4.033
12/06/2024,19:00,4.34
12/06/2024,20:00,5.165
12/06/2024,21:00,5.024
12/06/2024,22:00,6.226
12/06/2024,23:00,8.208
12/06/2024,24:00:00,6.722
13/06/2024,01:00,6.816
13/06/2024,02:00,7.5
13/06/2024,03:00,7.217
13/06/2024,04:00,8.443
13/06/2024,05:00,10.094
13/06/2024,06:00,14.434
13/06/2024,07:00,11.061
13/06/2024,08:00,9.269
13/06/2024,09:00,8.467
13/06/2024,10:00,6.934
13/06/2024,11:00,7.759
13/06/2024,12:00,7.264
13/06/2024,13:00,6.675
13/06/2024,14:00,8.561
13/06/2024,15:00,9.976
13/06/2024,16:00,10.236
13/06/2024,17:00,8.443
13/06/2024,18:00,5.92
13/06/2024,19:00,5.307
13/06/2024,20:00,5.849
13/06/2024,21:00,6.557
13/06/2024,22:00,6.651
13/06/2024,23:00,4.151
13/06/2024,24:00:00,1.675
14/06/2024,01:00,1.604
14/06/2024,02:00,1.887
14/06/2024,03:00,3.042
14/06/2024,04:00,1.91
14/06/2024,05:00,5.283
14/06/2024,06:00,4.41
14/06/2024,07:00,3.679
14/06/2024,08:00,3.349
14/06/2024,09:00,2.5
14/06/2024,10:00,2.877
14/06/2024,11:00,2.217
14/06/2024,12:00,1.981
14/06/2024,13:00,2.123
14/06/2024,14:00,2.264
14/06/2024,15:00,1.981
14/06/2024,16:00,5.283
14/06/2024,17:00,2.406
14/06/2024,18:00,2.217
14/06/2024,19:00,3.302
14/06/2024,20:00,4.316
14/06/2024,21:00,3.939
14/06/2024,22:00,4.458
14/06/2024,23:00,5.189
14/06/2024,24:00:00,7.783
15/06/2024,01:00,3.042
15/06/2024,02:00,3.09
15/06/2024,03:00,3.962
15/06/2024,04:00,5.165
15/06/2024,05:00,5.425
15/06/2024,06:00,5.33
15/06/2024,07:00,4.316
15/06/2024,08:00,4.009
15/06/2024,09:00,3.585
15/06/2024,10:00,2.83
15/06/2024,11:00,2.5
15/06/2024,12:00,2.948
15/06/2024,13:00,1.863
15/06/2024,14:00,1.321
15/06/2024,15:00,1.745
15/06/2024,16:00,2.524
15/06/2024,17:00,1.981
15/06/2024,18:00,1.344
15/06/2024,19:00,1.533
15/06/2024,20:00,1.769
15/06/2024,21:00,2.406
15/06/2024,22:00,2.689
15/06/2024,23:00,4.906
15/06/2024,24:00:00,6.439
16/06/2024,01:00,4.882
16/06/2024,02:00,4.929
16/06/2024,03:00,5.92
16/06/2024,04:00,6.58
16/06/2024,05:00,5.094
16/06/2024,06:00,4.104
16/06/2024,07:00,3.538
16/06/2024,08:00,2.571
16/06/2024,09:00,2.83
16/06/2024,10:00,2.618
16/06/2024,11:00,2.571
16/06/2024,12:00,2.618
16/06/2024,13:00,2.759
16/06/2024,14:00,2.689
16/06/2024,15:00,2.264
16/06/2024,16:00,2.288
16/06/2024,17:00,2.689
16/06/2024,18:00,2.689
16/06/2024,19:00,2.618
16/06/2024,20:00,2.712
16/06/2024,21:00,3.538
16/06/2024,22:00,3.019
16/06/2024,23:00,2.925
16/06/2024,24:00:00,2.476
17/06/2024,01:00,2.382
17/06/2024,02:00,2.807
17/06/2024,03:00,3.113
17/06/2024,04:00,4.528
17/06/2024,05:00,6.698
17/06/2024,06:00,6.91
17/06/2024,07:00,5.873
17/06/2024,08:00,5.637
17/06/2024,09:00,6.439
17/06/2024,10:00,7.028
17/06/2024,11:00,4.953
17/06/2024,12:00,3.113
17/06/2024,13:00,3.09
17/06/2024,14:00,2.854
17/06/2024,15:00,3.467
17/06/2024,16:00,4.316
17/06/2024,17:00,4.552
17/06/2024,18:00,3.373
17/06/2024,19:00,3.656
17/06/2024,20:00,3.915
17/06/2024,21:00,5.071
17/06/2024,22:00,4.198
17/06/2024,23:00,6.156
17/06/2024,24:00:00,3.373
18/06/2024,01:00,3.208
18/06/2024,02:00,3.278
18/06/2024,03:00,3.373
18/06/2024,04:00,3.726
18/06/2024,05:00,4.127
18/06/2024,06:00,4.057
18/06/2024,07:00,3.797
18/06/2024,08:00,3.184
18/06/2024,09:00,3.585
18/06/2024,10:00,3.467
18/06/2024,11:00,3.609
18/06/2024,12:00,4.34
18/06/2024,13:00,5.425
18/06/2024,14:00,5.708
18/06/2024,15:00,6.156
18/06/2024,16:00,5.142
18/06/2024,17:00,3.986
18/06/2024,18:00,4.788
18/06/2024,19:00,4.788
18/06/2024,20:00,5.684
18/06/2024,21:00,3.939
18/06/2024,22:00,3.892
18/06/2024,23:00,4.481
18/06/2024,24:00:00,3.585
19/06/2024,01:00,4.08
19/06/2024,02:00,4.859
19/06/2024,03:00,5.66
19/06/2024,04:00,5.731
19/06/2024,05:00,5.377
19/06/2024,06:00,4.623
19/06/2024,07:00,3.42
19/06/2024,08:00,3.986
19/06/2024,09:00,4.316
19/06/2024,10:00,3.373
19/06/2024,11:00,3.561
19/06/2024,12:00,4.104
19/06/2024,13:00,4.41
19/06/2024,14:00,4.363
19/06/2024,15:00,4.269
19/06/2024,16:00,5.66
19/06/2024,17:00,5.684
19/06/2024,18:00,4.953
19/06/2024,19:00,5
19/06/2024,20:00,8.16
19/06/2024,21:00,10.472
19/06/2024,22:00,9.505
19/06/2024,23:00,7.193
19/06/2024,24:00:00,6.792
20/06/2024,01:00,8.844
20/06/2024,02:00,7.524
20/06/2024,03:00,6.014
20/06/2024,04:00,7.382
20/06/2024,05:00,7.264
20/06/2024,06:00,9.646
20/06/2024,07:00,6.769
20/06/2024,08:00,6.769
20/06/2024,09:00,6.722
20/06/2024,10:00,6.981
20/06/2024,11:00,8.184
20/06/2024,12:00,7.217
20/06/2024,13:00,5.354
20/06/2024,14:00,4.198
20/06/2024,15:00,4.788
20/06/2024,16:00,4.788
20/06/2024,17:00,4.151
20/06/2024,18:00,3.939
20/06/2024,19:00,4.387
20/06/2024,20:00,6.038
20/06/2024,21:00,8.443
20/06/2024,22:00,6.816
20/06/2024,23:00,7.311
20/06/2024,24:00:00,9.693
21/06/2024,01:00,10.495
21/06/2024,02:00,11.344
21/06/2024,03:00,11.934
21/06/2024,04:00,13.019
21/06/2024,05:00,13.184
21/06/2024,06:00,12.052
21/06/2024,07:00,15.165
21/06/2024,08:00,6.533
21/06/2024,09:00,4.623
21/06/2024,10:00,4.859
21/06/2024,11:00,5.142
21/06/2024,12:00,4.953
21/06/2024,13:00,5.071
21/06/2024,14:00,4.976
21/06/2024,15:00,4.151
21/06/2024,16:00,4.646
21/06/2024,17:00,5.024
21/06/2024,18:00,5.684
21/06/2024,19:00,6.462
21/06/2024,20:00,6.368
21/06/2024,21:00,5.684
21/06/2024,22:00,5.425
21/06/2024,23:00,5.59
21/06/2024,24:00:00,5.637
22/06/2024,01:00,5.448
22/06/2024,02:00,4.222
22/06/2024,03:00,4.292
22/06/2024,04:00,5.047
22/06/2024,05:00,5.236
22/06/2024,06:00,6.533
22/06/2024,07:00,3.066
22/06/2024,08:00,1.392
22/06/2024,09:00,2.146
22/06/2024,10:00,2.925
22/06/2024,11:00,3.325
22/06/2024,12:00,3.703
22/06/2024,13:00,4.458
22/06/2024,14:00,4.033
22/06/2024,15:00,3.679
22/06/2024,16:00,4.363
22/06/2024,17:00,5.283
22/06/2024,18:00,5.519
22/06/2024,19:00,5.118
22/06/2024,20:00,6.392
22/06/2024,21:00,6.698
22/06/2024,22:00,6.722
22/06/2024,23:00,5.613
22/06/2024,24:00:00,5.59
23/06/2024,01:00,6.014
23/06/2024,02:00,4.646
23/06/2024,03:00,3.514
23/06/2024,04:00,4.057
23/06/2024,05:00,3.396
23/06/2024,06:00,3.585
23/06/2024,07:00,4.316
23/06/2024,08:00,3.561
23/06/2024,09:00,6.439
23/06/2024,10:00,6.203
23/06/2024,11:00,4.717
23/06/2024,12:00,3.325
23/06/2024,13:00,5.118
23/06/2024,14:00,5.047
23/06/2024,15:00,5.283
23/06/2024,16:00,4.788
23/06/2024,17:00,3.962
23/06/2024,18:00,3.538
23/06/2024,19:00,19.552
23/06/2024,20:00,4.222
23/06/2024,21:00,5.991
23/06/2024,22:00,5
23/06/2024,23:00,6.415
23/06/2024,24:00:00,6.651
24/06/2024,01:00,4.481
24/06/2024,02:00,4.741
24/06/2024,03:00,4.906
24/06/2024,04:00,5.071
24/06/2024,05:00,5.118
24/06/2024,06:00,8.75
24/06/2024,07:00,8.302
24/06/2024,08:00,7.028
24/06/2024,09:00,4.693
24/06/2024,10:00,5.425
24/06/2024,11:00,5.755
24/06/2024,12:00,5.637
24/06/2024,13:00,5.519
24/06/2024,14:00,5.873
24/06/2024,15:00,5.66
24/06/2024,16:00,5.448
24/06/2024,17:00,5.802
24/06/2024,18:00,5.849
24/06/2024,19:00,6.368
24/06/2024,20:00,6.651
24/06/2024,21:00,8.278
24/06/2024,22:00,9.717
24/06/2024,23:00,10.967
24/06/2024,24:00:00,10.024
25/06/2024,01:00,11.533
25/06/2024,02:00,11.392
25/06/2024,03:00,16.156
25/06/2024,04:00,11.509
25/06/2024,05:00,10.283
25/06/2024,06:00,10.236
25/06/2024,07:00,17.359
25/06/2024,08:00,12.759
25/06/2024,09:00,10.967
25/06/2024,10:00,11.226
25/06/2024,11:00,12.076
25/06/2024,12:00,9.623
25/06/2024,13:00,8.844
25/06/2024,14:00,6.486
25/06/2024,15:00,6.368
25/06/2024,16:00,6.509
25/06/2024,17:00,6.321
25/06/2024,18:00,5.896
25/06/2024,19:00,5.66
25/06/2024,20:00,6.25
25/06/2024,21:00,7.524
25/06/2024,22:00,10.448
25/06/2024,23:00,16.91
25/06/2024,24:00:00,19.01
26/06/2024,01:00,24.245
26/06/2024,02:00,21.368
26/06/2024,03:00,25.92
26/06/2024,04:00,30.401
26/06/2024,05:00,26.344
26/06/2024,06:00,22.925
26/06/2024,07:00,24.222
26/06/2024,08:00,21.179
26/06/2024,09:00,19.41
26/06/2024,10:00,13.821
26/06/2024,11:00,12.807
26/06/2024,12:00,11.392
26/06/2024,13:00,10.519
26/06/2024,14:00,8.774
26/06/2024,15:00,10.684
26/06/2024,16:00,8.42
26/06/2024,17:00,8.113
26/06/2024,18:00,9.717
26/06/2024,19:00,10.236
26/06/2024,20:00,9.741
26/06/2024,21:00,8.349
26/06/2024,22:00,7.547
26/06/2024,23:00,10.637
26/06/2024,24:00:00,14.316
27/06/2024,01:00,9.646
27/06/2024,02:00,9.693
27/06/2024,03:00,8.962
27/06/2024,04:00,7.995
27/06/2024,05:00,7.877
27/06/2024,06:00,7.547
27/06/2024,07:00,5.684
27/06/2024,08:00,4.151
27/06/2024,09:00,3.585
27/06/2024,10:00,4.41
27/06/2024,11:00,6.769
27/06/2024,12:00,7.877
27/06/2024,13:00,7.476
27/06/2024,14:00,6.085
27/06/2024,15:00,5.66
27/06/2024,16:00,4.481
27/06/2024,17:00,4.646
27/06/2024,18:00,3.962
27/06/2024,19:00,3.844
27/06/2024,20:00,3.726
27/06/2024,21:00,3.561
27/06/2024,22:00,3.703
27/06/2024,23:00,3.491
27/06/2024,24:00:00,3.467
28/06/2024,01:00,3.514
28/06/2024,02:00,3.561
28/06/2024,03:00,2.995
28/06/2024,04:00,3.184
28/06/2024,05:00,2.642
28/06/2024,06:00,2.948
28/06/2024,07:00,3.16
28/06/2024,08:00,3.656
28/06/2024,09:00,4.292
28/06/2024,10:00,3.467
28/06/2024,11:00,3.349
28/06/2024,12:00,2.665
28/06/2024,13:00,4.245
28/06/2024,14:00,4.34
28/06/2024,15:00,3.726
28/06/2024,16:00,3.538
28/06/2024,17:00,3.231
28/06/2024,18:00,3.585
28/06/2024,19:00,3.915
28/06/2024,20:00,4.033
28/06/2024,21:00,4.67
28/06/2024,22:00,4.292
28/06/2024,23:00,7.076
28/06/2024,24:00:00,7.807
29/06/2024,01:00,3.986
29/06/2024,02:00,3.774
29/06/2024,03:00,4.788
29/06/2024,04:00,4.552
29/06/2024,05:00,4.882
29/06/2024,06:00,5.991
29/06/2024,07:00,4.575
29/06/2024,08:00,4.835
29/06/2024,09:00,4.41
29/06/2024,10:00,4.67
29/06/2024,11:00,4.599
29/06/2024,12:00,4.458
29/06/2024,13:00,4.906
29/06/2024,14:00,4.929
29/06/2024,15:00,6.84
29/06/2024,16:00,4.151
29/06/2024,17:00,2.406
29/06/2024,18:00,2.877
29/06/2024,19:00,3.844
29/06/2024,20:00,4.363
29/06/2024,21:00,5.755
29/06/2024,22:00,4.835
29/06/2024,23:00,2.642
29/06/2024,24:00:00,0.896
30/06/2024,01:00,1.769
30/06/2024,02:00,3.373
30/06/2024,03:00,3.75
30/06/2024,04:00,3.632
30/06/2024,05:00,3.797
30/06/2024,06:00,4.009
30/06/2024,07:00,4.057
30/06/2024,08:00,3.561
30/06/2024,09:00,2.759
30/06/2024,10:00,2.901
30/06/2024,11:00,3.302
30/06/2024,12:00,3.703
30/06/2024,13:00,4.292
30/06/2024,14:00,4.434
30/06/2024,15:00,4.458
30/06/2024,16:00,5.731
30/06/2024,17:00,7.972
30/06/2024,18:00,7.948
30/06/2024,19:00,6.745
30/06/2024,20:00,6.627
30/06/2024,21:00,6.415
30/06/2024,22:00,7.076
30/06/2024,23:00,6.274
30/06/2024,24:00:00,5.354
01/07/2024,01:00,4.575
01/07/2024,02:00,3.585
01/07/2024,03:00,2.736
01/07/2024,04:00,3.396
01/07/2024,05:00,3.726
01/07/2024,06:00,3.844
01/07/2024,07:00,4.67
01/07/2024,08:00,6.604
01/07/2024,09:00,5.59
01/07/2024,10:00,4.316
01/07/2024,11:00,2.972
01/07/2024,12:00,1.981
01/07/2024,13:00,2.075
01/07/2024,14:00,1.887
01/07/2024,15:00,2.5
01/07/2024,16:00,1.958
01/07/2024,17:00,1.557
01/07/2024,18:00,1.439
01/07/2024,19:00,1.792
01/07/2024,20:00,2.925
01/07/2024,21:00,3.797
01/07/2024,22:00,4.882
01/07/2024,23:00,5.542
01/07/2024,24:00:00,5.59
02/07/2024,01:00,4.552
02/07/2024,02:00,4.033
02/07/2024,03:00,4.127
02/07/2024,04:00,3.467
02/07/2024,05:00,4.198
02/07/2024,06:00,3.396
02/07/2024,07:00,5.519
02/07/2024,08:00,5.425
02/07/2024,09:00,6.321
02/07/2024,10:00,6.533
02/07/2024,11:00,6.038
02/07/2024,12:00,4.552
02/07/2024,13:00,3.939
02/07/2024,14:00,3.915
02/07/2024,15:00,4.505
02/07/2024,16:00,3.302
02/07/2024,17:00,3.986
02/07/2024,18:00,4.033
02/07/2024,19:00,4.434
02/07/2024,20:00,5.92
02/07/2024,21:00,5.873
02/07/2024,22:00,7.076
02/07/2024,23:00,7.429
02/07/2024,24:00:00,7.618
03/07/2024,01:00,10.566
03/07/2024,02:00,6.557
03/07/2024,03:00,5.566
03/07/2024,04:00,4.458
03/07/2024,05:00,3.16
03/07/2024,06:00,4.599
03/07/2024,07:00,3.939
03/07/2024,08:00,2.665
03/07/2024,09:00,3.231
03/07/2024,10:00,5.236
03/07/2024,11:00,5.472
03/07/2024,12:00,4.387
03/07/2024,13:00,4.811
03/07/2024,14:00,4.575
03/07/2024,15:00,3.774
03/07/2024,16:00,3.231
03/07/2024,17:00,2.382
03/07/2024,18:00,2.476
03/07/2024,19:00,2.099
03/07/2024,20:00,2.594
03/07/2024,21:00,2.406
03/07/2024,22:00,2.406
03/07/2024,23:00,3.373
03/07/2024,24:00:00,3.632
04/07/2024,01:00,3.491
04/07/2024,02:00,4.764
04/07/2024,03:00,5.873
04/07/2024,04:00,6.156
04/07/2024,05:00,6.486
04/07/2024,06:00,6.91
04/07/2024,07:00,6.863
04/07/2024,08:00,6.226
04/07/2024,09:00,6.156
04/07/2024,10:00,5.401
04/07/2024,11:00,4.575
04/07/2024,12:00,4.693
04/07/2024,13:00,4.127
04/07/2024,14:00,5.472
04/07/2024,15:00,4.929
04/07/2024,16:00,4.788
04/07/2024,17:00,4.976
04/07/2024,18:00,5.118
04/07/2024,19:00,5.283
04/07/2024,20:00,5
04/07/2024,21:00,4.929
04/07/2024,22:00,5.283
04/07/2024,23:00,6.038
04/07/2024,24:00:00,6.132
05/07/2024,01:00,4.41
05/07/2024,02:00,3.774
05/07/2024,03:00,3.962
05/07/2024,04:00,4.953
05/07/2024,05:00,4.953
05/07/2024,06:00,5.071
05/07/2024,07:00,5.071
05/07/2024,08:00,4.269
05/07/2024,09:00,3.868
05/07/2024,10:00,4.882
05/07/2024,11:00,4.434
05/07/2024,12:00,3.774
05/07/2024,13:00,4.009
05/07/2024,14:00,3.75
05/07/2024,15:00,3.561
05/07/2024,16:00,3.962
05/07/2024,17:00,4.057
05/07/2024,18:00,4.41
05/07/2024,19:00,4.882
05/07/2024,20:00,6.061
05/07/2024,21:00,6.274
05/07/2024,22:00,13.632
05/07/2024,23:00,7.382
05/07/2024,24:00:00,5.307
06/07/2024,01:00,4.599
06/07/2024,02:00,4.693
06/07/2024,03:00,5.401
06/07/2024,04:00,4.505
06/07/2024,05:00,4.104
06/07/2024,06:00,3.962
06/07/2024,07:00,4.009
06/07/2024,08:00,4.292
06/07/2024,09:00,4.222
06/07/2024,10:00,3.443
06/07/2024,11:00,3.396
06/07/2024,12:00,3.373
06/07/2024,13:00,2.689
06/07/2024,14:00,2.028
06/07/2024,15:00,2.099
06/07/2024,16:00,1.91
06/07/2024,17:00,2.335
06/07/2024,18:00,2.099
06/07/2024,19:00,2.099
06/07/2024,20:00,2.453
06/07/2024,21:00,2.642
06/07/2024,22:00,2.618
06/07/2024,23:00,2.453
06/07/2024,24:00:00,2.783
07/07/2024,01:00,2.83
07/07/2024,02:00,2.571
07/07/2024,03:00,2.429
07/07/2024,04:00,2.547
07/07/2024,05:00,2.712
07/07/2024,06:00,2.948
07/07/2024,07:00,3.019
07/07/2024,08:00,3.373
07/07/2024,09:00,2.665
07/07/2024,10:00,0.896
07/07/2024,11:00,0.637
07/07/2024,12:00,1.509
07/07/2024,13:00,1.274
07/07/2024,14:00,0.92
07/07/2024,15:00,1.132
07/07/2024,16:00,2.453
07/07/2024,17:00,1.627
07/07/2024,18:00,1.439
07/07/2024,19:00,1.769
07/07/2024,20:00,3.844
07/07/2024,21:00,2.406
07/07/2024,22:00,3.396
07/07/2024,23:00,4.104
07/07/2024,24:00:00,2.972
08/07/2024,01:00,2.594
08/07/2024,02:00,2.854
08/07/2024,03:00,2.972
08/07/2024,04:00,2.948
08/07/2024,05:00,4.198
08/07/2024,06:00,4.316
08/07/2024,07:00,5.283
08/07/2024,08:00,3.09
08/07/2024,09:00,4.764
08/07/2024,10:00,2.665
08/07/2024,11:00,2.311
08/07/2024,12:00,2.547
08/07/2024,13:00,1.934
08/07/2024,14:00,2.052
08/07/2024,15:00,2.547
08/07/2024,16:00,2.736
08/07/2024,17:00,3.278
08/07/2024,18:00,2.241
08/07/2024,19:00,2.429
08/07/2024,20:00,4.387
08/07/2024,21:00,2.264
08/07/2024,22:00,9.693
08/07/2024,23:00,3.396
08/07/2024,24:00:00,4.057
09/07/2024,01:00,4.057
09/07/2024,02:00,4.953
09/07/2024,03:00,4.741
09/07/2024,04:00,3.302
09/07/2024,05:00,2.925
09/07/2024,06:00,2.359
09/07/2024,07:00,1.722
09/07/2024,08:00,1.297
09/07/2024,09:00,1.014
09/07/2024,10:00,2.193
09/07/2024,11:00,5.236
09/07/2024,12:00,4.882
09/07/2024,13:00,4.976
09/07/2024,14:00,7.052
09/07/2024,15:00,8.962
09/07/2024,16:00,5.59
09/07/2024,17:00,4.528
09/07/2024,18:00,6.014
09/07/2024,19:00,3.208
09/07/2024,20:00,4.104
09/07/2024,21:00,5.684
09/07/2024,22:00,5.755
09/07/2024,23:00,4.859
09/07/2024,24:00:00,11.321
10/07/2024,01:00,11.533
10/07/2024,02:00,5.896
10/07/2024,03:00,4.175
10/07/2024,04:00,10.708
10/07/2024,05:00,5.165
10/07/2024,06:00,3.467
10/07/2024,07:00,2.453
10/07/2024,08:00,5.212
10/07/2024,09:00,0.991
10/07/2024,10:00,1.156
10/07/2024,11:00,1.203
10/07/2024,12:00,1.226
10/07/2024,13:00,3.16
10/07/2024,14:00,2.5
10/07/2024,15:00,1.651
10/07/2024,16:00,1.179
10/07/2024,17:00,1.321
10/07/2024,18:00,1.226
10/07/2024,19:00,1.297
10/07/2024,20:00,0.991
10/07/2024,21:00,1.816
10/07/2024,22:00,1.109
10/07/2024,23:00,0.613
10/07/2024,24:00:00,0.684
11/07/2024,01:00,0.66
11/07/2024,02:00,0.448
11/07/2024,03:00,1.014
11/07/2024,04:00,0.849
11/07/2024,05:00,0.755
11/07/2024,06:00,1.038
11/07/2024,07:00,1.675
11/07/2024,08:00,2.571
11/07/2024,09:00,3.184
11/07/2024,10:00,3.75
11/07/2024,11:00,3.538
11/07/2024,12:00,4.976
11/07/2024,13:00,4.599
11/07/2024,14:00,4.552
11/07/2024,15:00,4.599
11/07/2024,16:00,5.66
11/07/2024,17:00,4.575
11/07/2024,18:00,5.024
11/07/2024,19:00,4.764
11/07/2024,20:00,5.377
11/07/2024,21:00,5.849
11/07/2024,22:00,6.226
11/07/2024,23:00,6.274
11/07/2024,24:00:00,6.25
12/07/2024,01:00,5.189
12/07/2024,02:00,6.25
12/07/2024,03:00,5.826
12/07/2024,04:00,5.991
12/07/2024,05:00,6.038
12/07/2024,06:00,6.061
12/07/2024,07:00,5.472
12/07/2024,08:00,5.472
12/07/2024,09:00,5.873
12/07/2024,10:00,3.75
12/07/2024,11:00,4.175
12/07/2024,12:00,3.184
12/07/2024,13:00,3.42
12/07/2024,14:00,3.396
12/07/2024,15:00,3.208
12/07/2024,16:00,3.231
12/07/2024,17:00,3.892
12/07/2024,18:00,4.929
12/07/2024,19:00,4.764
12/07/2024,20:00,9.458
12/07/2024,21:00,5.094
12/07/2024,22:00,10.33
12/07/2024,23:00,7.642
12/07/2024,24:00:00,6.274
13/07/2024,01:00,4.528
13/07/2024,02:00,4.387
13/07/2024,03:00,10.543
13/07/2024,04:00,5.024
13/07/2024,05:00,3.821
13/07/2024,06:00,3.797
13/07/2024,07:00,4.151
13/07/2024,08:00,6.038
13/07/2024,09:00,4.788
13/07/2024,10:00,3.892
13/07/2024,11:00,3.656
13/07/2024,12:00,4.481
13/07/2024,13:00,2.759
13/07/2024,14:00,2.052
13/07/2024,15:00,2.382
13/07/2024,16:00,2.759
13/07/2024,17:00,1.863
13/07/2024,18:00,1.344
13/07/2024,19:00,1.58
13/07/2024,20:00,1.887
13/07/2024,21:00,3.868
13/07/2024,22:00,4.08
13/07/2024,23:00,3.632
13/07/2024,24:00:00,2.972
14/07/2024,01:00,3.066
14/07/2024,02:00,3.349
14/07/2024,03:00,4.08
14/07/2024,04:00,2.146
14/07/2024,05:00,1.792
14/07/2024,06:00,1.038
14/07/2024,07:00,0.519
14/07/2024,08:00,0.448
14/07/2024,09:00,0.377
14/07/2024,10:00,0.354
14/07/2024,11:00,1.156
14/07/2024,12:00,0.755
14/07/2024,13:00,0.943
14/07/2024,14:00,1.297
14/07/2024,15:00,4.033
14/07/2024,16:00,3.656
14/07/2024,17:00,4.34
14/07/2024,18:00,3.349
14/07/2024,19:00,3.632
14/07/2024,20:00,4.859
14/07/2024,21:00,4.528
14/07/2024,22:00,6.486
14/07/2024,23:00,5.613
14/07/2024,24:00:00,6.085
15/07/2024,01:00,6.604
15/07/2024,02:00,6.934
15/07/2024,03:00,6.486
15/07/2024,04:00,6.109
15/07/2024,05:00,6.439
15/07/2024,06:00,7.995
15/07/2024,07:00,10.495
15/07/2024,08:00,21.109
15/07/2024,09:00,3.113
15/07/2024,10:00,3.349
15/07/2024,11:00,3.443
15/07/2024,12:00,3.609
15/07/2024,13:00,4.08
15/07/2024,14:00,4.198
15/07/2024,15:00,3.986
15/07/2024,16:00,4.363
15/07/2024,17:00,4.623
15/07/2024,18:00,4.575
15/07/2024,19:00,4.835
15/07/2024,20:00,4.316
15/07/2024,21:00,5.212
15/07/2024,22:00,5.024
15/07/2024,23:00,3.986
15/07/2024,24:00:00,4.151
16/07/2024,01:00,7.241
16/07/2024,02:00,14.057
16/07/2024,03:00,15.731
16/07/2024,04:00,14.175
16/07/2024,05:00,11.509
16/07/2024,06:00,9.929
16/07/2024,07:00,8.962
16/07/2024,08:00,9.34
16/07/2024,09:00,15
16/07/2024,10:00,11.698
16/07/2024,11:00,12.807
16/07/2024,12:00,10.613
16/07/2024,13:00,6.698
16/07/2024,14:00,4.859
16/07/2024,15:00,5.613
16/07/2024,16:00,3.538
16/07/2024,17:00,4.859
16/07/2024,18:00,5.283
16/07/2024,19:00,5.731
16/07/2024,20:00,5.59
16/07/2024,21:00,4.552
16/07/2024,22:00,4.104
16/07/2024,23:00,3.538
16/07/2024,24:00:00,3.726
17/07/2024,01:00,4.505
17/07/2024,02:00,3.962
17/07/2024,03:00,3.491
17/07/2024,04:00,4.693
17/07/2024,05:00,5.613
17/07/2024,06:00,6.038
17/07/2024,07:00,6.627
17/07/2024,08:00,5.542
17/07/2024,09:00,5.236
17/07/2024,10:00,4.646
17/07/2024,11:00,4.175
17/07/2024,12:00,3.514
17/07/2024,13:00,4.057
17/07/2024,14:00,3.231
17/07/2024,15:00,3.538
17/07/2024,16:00,3.113
17/07/2024,17:00,3.986
17/07/2024,18:00,4.057
17/07/2024,19:00,5.425
17/07/2024,20:00,5.283
17/07/2024,21:00,5.283
17/07/2024,22:00,6.061
17/07/2024,23:00,11.061
17/07/2024,24:00:00,10.401
18/07/2024,01:00,9.151
18/07/2024,02:00,6.509
18/07/2024,03:00,6.156
18/07/2024,04:00,5.991
18/07/2024,05:00,6.792
18/07/2024,06:00,9.245
18/07/2024,07:00,10.259
18/07/2024,08:00,9.552
18/07/2024,09:00,7.335
18/07/2024,10:00,5.165
18/07/2024,11:00,5.047
18/07/2024,12:00,4.741
18/07/2024,13:00,4.34
18/07/2024,14:00,4.033
18/07/2024,15:00,3.585
18/07/2024,16:00,3.656
18/07/2024,17:00,3.915
18/07/2024,18:00,4.67
18/07/2024,19:00,5.189
18/07/2024,20:00,5.613
18/07/2024,21:00,7.594
18/07/2024,22:00,29.057
18/07/2024,23:00,10.283
18/07/2024,24:00:00,11.745
19/07/2024,01:00,15.024
19/07/2024,02:00,10.165
19/07/2024,03:00,10.165
19/07/2024,04:00,10.165
19/07/2024,05:00,10.071
19/07/2024,06:00,11.392
19/07/2024,07:00,12.005
19/07/2024,08:00,10.755
19/07/2024,09:00,9.222
19/07/2024,10:00,7.594
19/07/2024,11:00,5.708
19/07/2024,12:00,6.91
19/07/2024,13:00,6.675
19/07/2024,14:00,6.392
19/07/2024,15:00,6.321
19/07/2024,16:00,5.731
19/07/2024,17:00,5.802
19/07/2024,18:00,5.896
19/07/2024,19:00,6.014
19/07/2024,20:00,6.014
19/07/2024,21:00,6.321
19/07/2024,22:00,7.642
19/07/2024,23:00,6.816
19/07/2024,24:00:00,4.764
20/07/2024,01:00,4.481
20/07/2024,02:00,4.127
20/07/2024,03:00,6.627
20/07/2024,04:00,5
20/07/2024,05:00,2.524
20/07/2024,06:00,3.609
20/07/2024,07:00,3.396
20/07/2024,08:00,2.17
20/07/2024,09:00,2.83
20/07/2024,10:00,3.184
20/07/2024,11:00,2.476
20/07/2024,12:00,2.476
20/07/2024,13:00,2.901
20/07/2024,14:00,3.066
20/07/2024,15:00,2.759
20/07/2024,16:00,2.736
20/07/2024,17:00,2.642
20/07/2024,18:00,2.359
20/07/2024,19:00,1.934
20/07/2024,20:00,1.58
20/07/2024,21:00,2.146
20/07/2024,22:00,1.816
20/07/2024,23:00,0.825
20/07/2024,24:00:00,0.495
21/07/2024,01:00,0.519
21/07/2024,02:00,0.731
21/07/2024,03:00,1.745
21/07/2024,04:00,2.311
21/07/2024,05:00,2.547
21/07/2024,06:00,2.571
21/07/2024,07:00,2.759
21/07/2024,08:00,2.594
21/07/2024,09:00,2.382
21/07/2024,10:00,2.17
21/07/2024,11:00,2.099
21/07/2024,12:00,2.311
21/07/2024,13:00,2.335
21/07/2024,14:00,2.712
21/07/2024,15:00,2.901
21/07/2024,16:00,2.524
21/07/2024,17:00,2.217
21/07/2024,18:00,2.193
21/07/2024,19:00,2.571
21/07/2024,20:00,3.137
21/07/2024,21:00,3.113
21/07/2024,22:00,6.58
21/07/2024,23:00,7.382
21/07/2024,24:00:00,4.741
22/07/2024,01:00,4.34
22/07/2024,02:00,4.434
22/07/2024,03:00,3.774
22/07/2024,04:00,3.184
22/07/2024,05:00,6.675
22/07/2024,06:00,4.906
22/07/2024,07:00,3.75
22/07/2024,08:00,3.16
22/07/2024,09:00,2.5
22/07/2024,10:00,1.84
22/07/2024,11:00,1.321
22/07/2024,12:00,1.226
22/07/2024,13:00,1.486
22/07/2024,14:00,
22/07/2024,15:00,2.044
22/07/2024,16:00,2.193
22/07/2024,17:00,1.958
22/07/2024,18:00,2.618
22/07/2024,19:00,2.335
22/07/2024,20:00,2.712
22/07/2024,21:00,2.972
22/07/2024,22:00,2.972
22/07/2024,23:00,3.42
22/07/2024,24:00:00,5.448
23/07/2024,01:00,5.448
23/07/2024,02:00,5.613
23/07/2024,03:00,5.212
23/07/2024,04:00,5.755
23/07/2024,05:00,6.061
23/07/2024,06:00,4.953
23/07/2024,07:00,3.892
23/07/2024,08:00,3.113
23/07/2024,09:00,3.821
23/07/2024,10:00,3.09
23/07/2024,11:00,3.774
23/07/2024,12:00,3.325
23/07/2024,13:00,3.868
23/07/2024,14:00,3.726
23/07/2024,15:00,3.113
23/07/2024,16:00,3.019
23/07/2024,17:00,3.019
23/07/2024,18:00,3.16
23/07/2024,19:00,3.491
23/07/2024,20:00,23.868
23/07/2024,21:00,11.392
23/07/2024,22:00,5.731
23/07/2024,23:00,4.458
23/07/2024,24:00:00,3.892
24/07/2024,01:00,3.797
24/07/2024,02:00,4.08
24/07/2024,03:00,4.222
24/07/2024,04:00,4.505
24/07/2024,05:00,4.363
24/07/2024,06:00,4.575
24/07/2024,07:00,4.882
24/07/2024,08:00,5.401
24/07/2024,09:00,6.462
24/07/2024,10:00,6.014
24/07/2024,11:00,6.344
24/07/2024,12:00,5.991
24/07/2024,13:00,6.486
24/07/2024,14:00,5.566
24/07/2024,15:00,5.401
24/07/2024,16:00,4.741
24/07/2024,17:00,4.08
24/07/2024,18:00,4.245
24/07/2024,19:00,4.41
24/07/2024,20:00,3.042
24/07/2024,21:00,2.264
24/07/2024,22:00,2.359
24/07/2024,23:00,2.217
24/07/2024,24:00:00,1.958
25/07/2024,01:00,1.722
25/07/2024,02:00,1.533
25/07/2024,03:00,2.075
25/07/2024,04:00,1.792
25/07/2024,05:00,1.722
25/07/2024,06:00,2.406
25/07/2024,07:00,3.09
25/07/2024,08:00,3.09
25/07/2024,09:00,2.288
25/07/2024,10:00,2.075
25/07/2024,11:00,2.406
25/07/2024,12:00,2.995
25/07/2024,13:00,3.349
25/07/2024,14:00,3.184
25/07/2024,15:00,3.09
25/07/2024,16:00,3.042
25/07/2024,17:00,2.901
25/07/2024,18:00,2.712
25/07/2024,19:00,2.995
25/07/2024,20:00,3.255
25/07/2024,21:00,5.094
25/07/2024,22:00,4.481
25/07/2024,23:00,4.033
25/07/2024,24:00:00,4.175
26/07/2024,01:00,3.774
26/07/2024,02:00,3.491
26/07/2024,03:00,4.175
26/07/2024,04:00,5.024
26/07/2024,05:00,5.755
26/07/2024,06:00,5.684
26/07/2024,07:00,6.392
26/07/2024,08:00,5.071
26/07/2024,09:00,4.646
26/07/2024,10:00,4.34
26/07/2024,11:00,5.165
26/07/2024,12:00,4.953
26/07/2024,13:00,4.434
26/07/2024,14:00,3.373
26/07/2024,15:00,3.042
26/07/2024,16:00,3.538
26/07/2024,17:00,3.609
26/07/2024,18:00,3.821
26/07/2024,19:00,3.797
26/07/2024,20:00,4.434
26/07/2024,21:00,5.401
26/07/2024,22:00,7.736
26/07/2024,23:00,6.321
26/07/2024,24:00:00,5.236
27/07/2024,01:00,5
27/07/2024,02:00,4.363
27/07/2024,03:00,4.67
27/07/2024,04:00,4.788
27/07/2024,05:00,4.245
27/07/2024,06:00,4.292
27/07/2024,07:00,5.33
27/07/2024,08:00,3.75
27/07/2024,09:00,3.561
27/07/2024,10:00,3.656
27/07/2024,11:00,3.75
27/07/2024,12:00,3.255
27/07/2024,13:00,3.066
27/07/2024,14:00,2.712
27/07/2024,15:00,2.854
27/07/2024,16:00,3.892
27/07/2024,17:00,3.137
27/07/2024,18:00,3.137
27/07/2024,19:00,3.609
27/07/2024,20:00,4.387
27/07/2024,21:00,6.462
27/07/2024,22:00,6.887
27/07/2024,23:00,6.344
27/07/2024,24:00:00,5.542
28/07/2024,01:00,5.991
28/07/2024,02:00,5.849
28/07/2024,03:00,5.542
28/07/2024,04:00,5.425
28/07/2024,05:00,5.047
28/07/2024,06:00,4.953
28/07/2024,07:00,6.25
28/07/2024,08:00,5.755
28/07/2024,09:00,4.882
28/07/2024,10:00,4.788
28/07/2024,11:00,4.222
28/07/2024,12:00,4.151
28/07/2024,13:00,3.679
28/07/2024,14:00,3.491
28/07/2024,15:00,3.443
28/07/2024,16:00,4.198
28/07/2024,17:00,4.245
28/07/2024,18:00,3.915
28/07/2024,19:00,4.033
28/07/2024,20:00,4.552
28/07/2024,21:00,8.986
28/07/2024,22:00,8.231
28/07/2024,23:00,8.892
28/07/2024,24:00:00,11.109
29/07/2024,01:00,7.524
29/07/2024,02:00,8.184
29/07/2024,03:00,7.995
29/07/2024,04:00,7.759
29/07/2024,05:00,8.868
29/07/2024,06:00,11.415
29/07/2024,07:00,10.802
29/07/2024,08:00,11.392
29/07/2024,09:00,4.835
29/07/2024,10:00,4.906
29/07/2024,11:00,4.693
29/07/2024,12:00,4.788
29/07/2024,13:00,5.283
29/07/2024,14:00,5.425
29/07/2024,15:00,5.472
29/07/2024,16:00,5.472
29/07/2024,17:00,5.613
29/07/2024,18:00,5.59
29/07/2024,19:00,5.495
29/07/2024,20:00,6.203
29/07/2024,21:00,8.137
29/07/2024,22:00,12.382
29/07/2024,23:00,14.151
29/07/2024,24:00:00,12.476
30/07/2024,01:00,11.651
30/07/2024,02:00,12.854
30/07/2024,03:00,25.401
30/07/2024,04:00,26.604
30/07/2024,05:00,25.142
30/07/2024,06:00,18.302
30/07/2024,07:00,11.84
30/07/2024,08:00,8.113
30/07/2024,09:00,4.906
30/07/2024,10:00,4.316
30/07/2024,11:00,4.175
30/07/2024,12:00,4.552
30/07/2024,13:00,4.269
30/07/2024,14:00,3.726
30/07/2024,15:00,5.425
30/07/2024,16:00,7.736
30/07/2024,17:00,10.708
30/07/2024,18:00,8.396
30/07/2024,19:00,7.052
30/07/2024,20:00,4.599
30/07/2024,21:00,5.283
30/07/2024,22:00,4.906
30/07/2024,23:00,5.425
30/07/2024,24:00:00,7.877
31/07/2024,01:00,7.217
31/07/2024,02:00,5.637
31/07/2024,03:00,4.953
31/07/2024,04:00,5.943
31/07/2024,05:00,12.83
31/07/2024,06:00,8.726
31/07/2024,07:00,7.17
31/07/2024,08:00,11.627
31/07/2024,09:00,12.052
31/07/2024,10:00,11.415
31/07/2024,11:00,8.774
31/07/2024,12:00,6.816
31/07/2024,13:00,6.58
31/07/2024,14:00,6.722
31/07/2024,15:00,6.934
31/07/2024,16:00,7.052
31/07/2024,17:00,7.783
31/07/2024,18:00,7.193
31/07/2024,19:00,6.58
31/07/2024,20:00,5.778
31/07/2024,21:00,5.802
31/07/2024,22:00,5.849
31/07/2024,23:00,5.354
31/07/2024,24:00:00,5.778
01/08/2024,01:00,6.58
01/08/2024,02:00,6.321
01/08/2024,03:00,6.415
01/08/2024,04:00,7.005
01/08/2024,05:00,6.981
01/08/2024,06:00,7.665
01/08/2024,07:00,7.476
01/08/2024,08:00,10.425
01/08/2024,09:00,12.759
01/08/2024,10:00,11.816
01/08/2024,11:00,8.16
01/08/2024,12:00,9.34
01/08/2024,13:00,10.259
01/08/2024,14:00,10.59
01/08/2024,15:00,11.58
01/08/2024,16:00,10.708
01/08/2024,17:00,10.519
01/08/2024,18:00,9.882
01/08/2024,19:00,9.175
01/08/2024,20:00,9.552
01/08/2024,21:00,10.212
01/08/2024,22:00,9.882
01/08/2024,23:00,10.33
01/08/2024,24:00:00,11.439
02/08/2024,01:00,10.519
02/08/2024,02:00,9.245
02/08/2024,03:00,9.505
02/08/2024,04:00,8.561
02/08/2024,05:00,7.712
02/08/2024,06:00,10.047
02/08/2024,07:00,12.241
02/08/2024,08:00,10.849
02/08/2024,09:00,12.17
02/08/2024,10:00,11.085
02/08/2024,11:00,8.703
02/08/2024,12:00,11.156
02/08/2024,13:00,11.675
02/08/2024,14:00,7.382
02/08/2024,15:00,6.722
02/08/2024,16:00,6.415
02/08/2024,17:00,5.66
02/08/2024,18:00,6.486
02/08/2024,19:00,4.882
02/08/2024,20:00,3.915
02/08/2024,21:00,3.939
02/08/2024,22:00,5.354
02/08/2024,23:00,5.613
02/08/2024,24:00:00,6.415
03/08/2024,01:00,6.226
03/08/2024,02:00,5.59
03/08/2024,03:00,3.726
03/08/2024,04:00,2.925
03/08/2024,05:00,2.571
03/08/2024,06:00,2.052
03/08/2024,07:00,2.052
03/08/2024,08:00,4.222
03/08/2024,09:00,5.802
03/08/2024,10:00,6.085
03/08/2024,11:00,6.981
03/08/2024,12:00,6.25
03/08/2024,13:00,6.274
03/08/2024,14:00,6.061
03/08/2024,15:00,6.415
03/08/2024,16:00,5.967
03/08/2024,17:00,6.25
03/08/2024,18:00,6.274
03/08/2024,19:00,6.321
03/08/2024,20:00,6.58
03/08/2024,21:00,8.726
03/08/2024,22:00,7.594
03/08/2024,23:00,6.368
03/08/2024,24:00:00,5
04/08/2024,01:00,5.236
04/08/2024,02:00,5.472
04/08/2024,03:00,5.401
04/08/2024,04:00,5
04/08/2024,05:00,5.071
04/08/2024,06:00,5.024
04/08/2024,07:00,5.307
04/08/2024,08:00,5.236
04/08/2024,09:00,5.212
04/08/2024,10:00,4.505
04/08/2024,11:00,4.316
04/08/2024,12:00,4.434
04/08/2024,13:00,4.434
04/08/2024,14:00,3.821
04/08/2024,15:00,4.434
04/08/2024,16:00,4.717
04/08/2024,17:00,5.071
04/08/2024,18:00,8.561
04/08/2024,19:00,6.014
04/08/2024,20:00,5.33
04/08/2024,21:00,6.179
04/08/2024,22:00,6.203
04/08/2024,23:00,6.462
04/08/2024,24:00:00,6.745
05/08/2024,01:00,6.368
05/08/2024,02:00,6.745
05/08/2024,03:00,6.698
05/08/2024,04:00,6.651
05/08/2024,05:00,6.958
05/08/2024,06:00,5.802
05/08/2024,07:00,5.142
05/08/2024,08:00,4.976
05/08/2024,09:00,3.703
05/08/2024,10:00,3.443
05/08/2024,11:00,3.844
05/08/2024,12:00,4.175
05/08/2024,13:00,4.363
05/08/2024,14:00,4.08
05/08/2024,15:00,3.467
05/08/2024,16:00,3.632
05/08/2024,17:00,3.726
05/08/2024,18:00,4.175
05/08/2024,19:00,3.986
05/08/2024,20:00,4.363
05/08/2024,21:00,7.217
05/08/2024,22:00,7.476
05/08/2024,23:00,7.217
05/08/2024,24:00:00,7.123
06/08/2024,01:00,5.212
06/08/2024,02:00,5.849
06/08/2024,03:00,4.623
06/08/2024,04:00,4.929
06/08/2024,05:00,1.203
06/08/2024,06:00,1.321
06/08/2024,07:00,3.255
06/08/2024,08:00,4.033
06/08/2024,09:00,4.033
06/08/2024,10:00,3.443
06/08/2024,11:00,3.16
06/08/2024,12:00,3.609
06/08/2024,13:00,3.679
06/08/2024,14:00,3.939
06/08/2024,15:00,4.245
06/08/2024,16:00,3.609
06/08/2024,17:00,3.09
06/08/2024,18:00,3.255
06/08/2024,19:00,3.302
06/08/2024,20:00,4.34
06/08/2024,21:00,4.481
06/08/2024,22:00,3.868
06/08/2024,23:00,3.16
06/08/2024,24:00:00,3.42
07/08/2024,01:00,3.278
07/08/2024,02:00,3.585
07/08/2024,03:00,3.561
07/08/2024,04:00,4.245
07/08/2024,05:00,3.844
07/08/2024,06:00,9.623
07/08/2024,07:00,4.764
07/08/2024,08:00,4.505
07/08/2024,09:00,4.08
07/08/2024,10:00,3.939
07/08/2024,11:00,3.42
07/08/2024,12:00,3.208
07/08/2024,13:00,3.16
07/08/2024,14:00,2.807
07/08/2024,15:00,2.995
07/08/2024,16:00,3.538
07/08/2024,17:00,4.67
07/08/2024,18:00,5.094
07/08/2024,19:00,6.038
07/08/2024,20:00,8.09
07/08/2024,21:00,9.269
07/08/2024,22:00,9.269
07/08/2024,23:00,8.208
07/08/2024,24:00:00,8.16
08/08/2024,01:00,5.92
08/08/2024,02:00,5.307
08/08/2024,03:00,8.962
08/08/2024,04:00,4.057
08/08/2024,05:00,3.797
08/08/2024,06:00,4.481
08/08/2024,07:00,4.292
08/08/2024,08:00,4.717
08/08/2024,09:00,5.943
08/08/2024,10:00,7.052
08/08/2024,11:00,8.42
08/08/2024,12:00,9.717
08/08/2024,13:00,6.722
08/08/2024,14:00,6.934
08/08/2024,15:00,4.481
08/08/2024,16:00,2.547
08/08/2024,17:00,2.736
08/08/2024,18:00,2.877
08/08/2024,19:00,2.052
08/08/2024,20:00,1.203
08/08/2024,21:00,0.802
08/08/2024,22:00,0.637
08/08/2024,23:00,0.613
08/08/2024,24:00:00,0.542
09/08/2024,01:00,0.519
09/08/2024,02:00,0.943
09/08/2024,03:00,1.604
09/08/2024,04:00,1.321
09/08/2024,05:00,2.382
09/08/2024,06:00,3.09
09/08/2024,07:00,3.066
09/08/2024,08:00,2.877
09/08/2024,09:00,2.948
09/08/2024,10:00,2.665
09/08/2024,11:00,2.807
09/08/2024,12:00,3.066
09/08/2024,13:00,3.609
09/08/2024,14:00,3.491
09/08/2024,15:00,3.278
09/08/2024,16:00,3.514
09/08/2024,17:00,4.198
09/08/2024,18:00,4.481
09/08/2024,19:00,4.953
09/08/2024,20:00,5.094
09/08/2024,21:00,5.377
09/08/2024,22:00,5.637
09/08/2024,23:00,5.613
09/08/2024,24:00:00,5.826
10/08/2024,01:00,7.146
10/08/2024,02:00,6.745
10/08/2024,03:00,6.439
10/08/2024,04:00,6.627
10/08/2024,05:00,8.42
10/08/2024,06:00,8.302
10/08/2024,07:00,7.429
10/08/2024,08:00,5.377
10/08/2024,09:00,5.826
10/08/2024,10:00,4.434
10/08/2024,11:00,2.524
10/08/2024,12:00,1.533
10/08/2024,13:00,1.226
10/08/2024,14:00,1.109
10/08/2024,15:00,2.075
10/08/2024,16:00,2.217
10/08/2024,17:00,2.5
10/08/2024,18:00,3.278
10/08/2024,19:00,3.821
10/08/2024,20:00,5.212
10/08/2024,21:00,7.359
10/08/2024,22:00,8.467
10/08/2024,23:00,6.533
10/08/2024,24:00:00,5.849
11/08/2024,01:00,6.061
11/08/2024,02:00,7.429
11/08/2024,03:00,7.052
11/08/2024,04:00,6.297
11/08/2024,05:00,6.038
11/08/2024,06:00,6.109
11/08/2024,07:00,6.061
11/08/2024,08:00,9.434
11/08/2024,09:00,7.146
11/08/2024,10:00,5.401
11/08/2024,11:00,5.542
11/08/2024,12:00,4.929
11/08/2024,13:00,4.528
11/08/2024,14:00,4.387
11/08/2024,15:00,3.939
11/08/2024,16:00,3.892
11/08/2024,17:00,4.104
11/08/2024,18:00,4.575
11/08/2024,19:00,5.778
11/08/2024,20:00,5.896
11/08/2024,21:00,5.425
11/08/2024,22:00,5.448
11/08/2024,23:00,6.014
11/08/2024,24:00:00,5.708
12/08/2024,01:00,6.58
12/08/2024,02:00,7.783
12/08/2024,03:00,9.269
12/08/2024,04:00,9.717
12/08/2024,05:00,9.859
12/08/2024,06:00,11.958
12/08/2024,07:00,11.109
12/08/2024,08:00,10.637
12/08/2024,09:00,10.047
12/08/2024,10:00,9.269
12/08/2024,11:00,9.245
12/08/2024,12:00,8.373
12/08/2024,13:00,8.632
12/08/2024,14:00,9.293
12/08/2024,15:00,10.448
12/08/2024,16:00,8.184
12/08/2024,17:00,8.184
12/08/2024,18:00,4.882
12/08/2024,19:00,3.609
12/08/2024,20:00,4.08
12/08/2024,21:00,6.557
12/08/2024,22:00,7.429
12/08/2024,23:00,4.599
12/08/2024,24:00:00,4.646
13/08/2024,01:00,4.481
13/08/2024,02:00,6.745
13/08/2024,03:00,4.575
13/08/2024,04:00,3.986
13/08/2024,05:00,6.509
13/08/2024,06:00,5
13/08/2024,07:00,4.693
13/08/2024,08:00,4.34
13/08/2024,09:00,4.552
13/08/2024,10:00,3.868
13/08/2024,11:00,4.34
13/08/2024,12:00,3.868
13/08/2024,13:00,3.538
13/08/2024,14:00,3.797
13/08/2024,15:00,3.75
13/08/2024,16:00,3.066
13/08/2024,17:00,3.09
13/08/2024,18:00,3.585
13/08/2024,19:00,3.632
13/08/2024,20:00,3.538
13/08/2024,21:00,3.679
13/08/2024,22:00,4.363
13/08/2024,23:00,2.335
13/08/2024,24:00:00,2.901
14/08/2024,01:00,3.892
14/08/2024,02:00,3.325
14/08/2024,03:00,3.986
14/08/2024,04:00,3.585
14/08/2024,05:00,2.972
14/08/2024,06:00,3.491
14/08/2024,07:00,4.575
14/08/2024,08:00,4.882
14/08/2024,09:00,4.953
14/08/2024,10:00,4.481
14/08/2024,11:00,3.915
14/08/2024,12:00,3.962
14/08/2024,13:00,4.269
14/08/2024,14:00,5.142
14/08/2024,15:00,8.892
14/08/2024,16:00,10.283
14/08/2024,17:00,7.264
14/08/2024,18:00,7.099
14/08/2024,19:00,5.708
14/08/2024,20:00,6.179
14/08/2024,21:00,7.689
14/08/2024,22:00,12.123
14/08/2024,23:00,14.505
14/08/2024,24:00:00,6.675
15/08/2024,01:00,7.854
15/08/2024,02:00,7.524
15/08/2024,03:00,4.717
15/08/2024,04:00,2.807
15/08/2024,05:00,2.689
15/08/2024,06:00,5.212
15/08/2024,07:00,8.066
15/08/2024,08:00,4.269
15/08/2024,09:00,3.491
15/08/2024,10:00,3.868
15/08/2024,11:00,3.915
15/08/2024,12:00,4.811
15/08/2024,13:00,10.849
15/08/2024,14:00,3.278
15/08/2024,15:00,2.5
15/08/2024,16:00,1.557
15/08/2024,17:00,1.509
15/08/2024,18:00,1.25
15/08/2024,19:00,1.179
15/08/2024,20:00,1.698
15/08/2024,21:00,1.226
15/08/2024,22:00,2.099
15/08/2024,23:00,2.759
15/08/2024,24:00:00,2.547
16/08/2024,01:00,2.925
16/08/2024,02:00,3.396
16/08/2024,03:00,3.609
16/08/2024,04:00,3.349
16/08/2024,05:00,3.726
16/08/2024,06:00,5.377
16/08/2024,07:00,5.708
16/08/2024,08:00,4.788
16/08/2024,09:00,4.387
16/08/2024,10:00,4.316
16/08/2024,11:00,4.41
16/08/2024,12:00,4.646
16/08/2024,13:00,4.363
16/08/2024,14:00,4.057
16/08/2024,15:00,3.868
16/08/2024,16:00,3.915
16/08/2024,17:00,4.434
16/08/2024,18:00,4.599
16/08/2024,19:00,5.33
16/08/2024,20:00,4.835
16/08/2024,21:00,5.024
16/08/2024,22:00,6.84
16/08/2024,23:00,5.259
16/08/2024,24:00:00,4.363
17/08/2024,01:00,4.104
17/08/2024,02:00,3.774
17/08/2024,03:00,3.939
17/08/2024,04:00,3.467
17/08/2024,05:00,4.434
17/08/2024,06:00,5
17/08/2024,07:00,4.198
17/08/2024,08:00,5.778
17/08/2024,09:00,5.66
17/08/2024,10:00,5.542
17/08/2024,11:00,4.245
17/08/2024,12:00,3.915
17/08/2024,13:00,7.052
17/08/2024,14:00,5.118
17/08/2024,15:00,4.175
17/08/2024,16:00,4.458
17/08/2024,17:00,5.071
17/08/2024,18:00,5.401
17/08/2024,19:00,5.92
17/08/2024,20:00,7.854
17/08/2024,21:00,8.467
17/08/2024,22:00,8.16
17/08/2024,23:00,7.783
17/08/2024,24:00:00,7.689
18/08/2024,01:00,7.736
18/08/2024,02:00,7.052
18/08/2024,03:00,6.84
18/08/2024,04:00,6.274
18/08/2024,05:00,6.156
18/08/2024,06:00,5.873
18/08/2024,07:00,6.651
18/08/2024,08:00,7.146
18/08/2024,09:00,8.042
18/08/2024,10:00,9.41
18/08/2024,11:00,9.788
18/08/2024,12:00,10.33
18/08/2024,13:00,11.344
18/08/2024,14:00,11.722
18/08/2024,15:00,11.91
18/08/2024,16:00,12.406
18/08/2024,17:00,13.043
18/08/2024,18:00,11.226
18/08/2024,19:00,12.948
18/08/2024,20:00,14.859
18/08/2024,21:00,15.802
18/08/2024,22:00,16.769
18/08/2024,23:00,14.127
18/08/2024,24:00:00,13.726
19/08/2024,01:00,13.939
19/08/2024,02:00,14.009
19/08/2024,03:00,14.08
19/08/2024,04:00,13.797
19/08/2024,05:00,14.08
19/08/2024,06:00,15.047
19/08/2024,07:00,17.005
19/08/2024,08:00,21.321
19/08/2024,09:00,20
19/08/2024,10:00,22.076
19/08/2024,11:00,17.594
19/08/2024,12:00,20.495
19/08/2024,13:00,22.076
19/08/2024,14:00,24.576
19/08/2024,15:00,25.519
19/08/2024,16:00,21.698
19/08/2024,17:00,34.434
19/08/2024,18:00,26.84
19/08/2024,19:00,26.368
19/08/2024,20:00,22.217
19/08/2024,21:00,18.797
19/08/2024,22:00,11.533
19/08/2024,23:00,6.863
19/08/2024,24:00:00,4.104
20/08/2024,01:00,3.137
20/08/2024,02:00,3.231
20/08/2024,03:00,3.184
20/08/2024,04:00,2.901
20/08/2024,05:00,3.042
20/08/2024,06:00,3.373
20/08/2024,07:00,4.292
20/08/2024,08:00,4.269
20/08/2024,09:00,4.387
20/08/2024,10:00,4.434
20/08/2024,11:00,4.292
20/08/2024,12:00,3.609
20/08/2024,13:00,3.585
20/08/2024,14:00,3.042
20/08/2024,15:00,3.019
20/08/2024,16:00,2.712
20/08/2024,17:00,2.925
20/08/2024,18:00,2.736
20/08/2024,19:00,3.113
20/08/2024,20:00,3.302
20/08/2024,21:00,3.302
20/08/2024,22:00,3.632
20/08/2024,23:00,3.679
20/08/2024,24:00:00,4.717
21/08/2024,01:00,4.929
21/08/2024,02:00,5.283
21/08/2024,03:00,5.59
21/08/2024,04:00,6.014
21/08/2024,05:00,5.92
21/08/2024,06:00,6.156
21/08/2024,07:00,6.014
21/08/2024,08:00,5.189
21/08/2024,09:00,5.142
21/08/2024,10:00,4.481
21/08/2024,11:00,
21/08/2024,12:00,4.308
21/08/2024,13:00,3.774
21/08/2024,14:00,4.434
21/08/2024,15:00,4.387
21/08/2024,16:00,4.08
21/08/2024,17:00,6.014
21/08/2024,18:00,5.826
21/08/2024,19:00,3.561
21/08/2024,20:00,3.42
21/08/2024,21:00,3.774
21/08/2024,22:00,3.325
21/08/2024,23:00,2.665
21/08/2024,24:00:00,3.703
22/08/2024,01:00,4.835
22/08/2024,02:00,5.401
22/08/2024,03:00,7.547
22/08/2024,04:00,5.637
22/08/2024,05:00,6.25
22/08/2024,06:00,5.354
22/08/2024,07:00,5.472
22/08/2024,08:00,4.623
22/08/2024,09:00,2.83
22/08/2024,10:00,1.604
22/08/2024,11:00,1.297
22/08/2024,12:00,1.816
22/08/2024,13:00,2.288
22/08/2024,14:00,3.656
22/08/2024,15:00,5.542
22/08/2024,16:00,6.132
22/08/2024,17:00,6.156
22/08/2024,18:00,6.91
22/08/2024,19:00,6.816
22/08/2024,20:00,8.019
22/08/2024,21:00,7.453
22/08/2024,22:00,6.557
22/08/2024,23:00,6.297
22/08/2024,24:00:00,10.094
23/08/2024,01:00,8.491
23/08/2024,02:00,5.377
23/08/2024,03:00,10.519
23/08/2024,04:00,10.307
23/08/2024,05:00,3.892
23/08/2024,06:00,1.392
23/08/2024,07:00,2.099
23/08/2024,08:00,3.632
23/08/2024,09:00,2.948
23/08/2024,10:00,3.396
23/08/2024,11:00,3.609
23/08/2024,12:00,3.396
23/08/2024,13:00,3.113
23/08/2024,14:00,3.302
23/08/2024,15:00,3.703
23/08/2024,16:00,3.561
23/08/2024,17:00,3.373
23/08/2024,18:00,3.396
23/08/2024,19:00,3.75
23/08/2024,20:00,5.448
23/08/2024,21:00,4.906
23/08/2024,22:00,4.387
23/08/2024,23:00,5.33
23/08/2024,24:00:00,4.811
24/08/2024,01:00,5.047
24/08/2024,02:00,3.939
24/08/2024,03:00,3.208
24/08/2024,04:00,3.137
24/08/2024,05:00,5.024
24/08/2024,06:00,12.759
24/08/2024,07:00,7.783
24/08/2024,08:00,6.085
24/08/2024,09:00,4.08
24/08/2024,10:00,4.009
24/08/2024,11:00,2.547
24/08/2024,12:00,2.736
24/08/2024,13:00,2.972
24/08/2024,14:00,3.939
24/08/2024,15:00,3.726
24/08/2024,16:00,2.925
24/08/2024,17:00,2.241
24/08/2024,18:00,2.005
24/08/2024,19:00,1.958
24/08/2024,20:00,2.736
24/08/2024,21:00,3.137
24/08/2024,22:00,3.184
24/08/2024,23:00,3.609
24/08/2024,24:00:00,3.821
25/08/2024,01:00,3.656
25/08/2024,02:00,3.514
25/08/2024,03:00,4.646
25/08/2024,04:00,6.84
25/08/2024,05:00,6.792
25/08/2024,06:00,5.495
25/08/2024,07:00,5.354
25/08/2024,08:00,5.472
25/08/2024,09:00,5.66
25/08/2024,10:00,4.741
25/08/2024,11:00,4.717
25/08/2024,12:00,4.316
25/08/2024,13:00,3.538
25/08/2024,14:00,3.042
25/08/2024,15:00,3.066
25/08/2024,16:00,3.75
25/08/2024,17:00,4.08
25/08/2024,18:00,4.693
25/08/2024,19:00,4.458
25/08/2024,20:00,4.976
25/08/2024,21:00,5.071
25/08/2024,22:00,7.783
25/08/2024,23:00,8.231
25/08/2024,24:00:00,10.425
26/08/2024,01:00,13.278
26/08/2024,02:00,15.991
26/08/2024,03:00,16.863
26/08/2024,04:00,16.462
26/08/2024,05:00,16.274
26/08/2024,06:00,15.849
26/08/2024,07:00,15.755
26/08/2024,08:00,14.717
26/08/2024,09:00,12.382
26/08/2024,10:00,11.627
26/08/2024,11:00,11.415
26/08/2024,12:00,10.731
26/08/2024,13:00,12.335
26/08/2024,14:00,11.109
26/08/2024,15:00,10.849
26/08/2024,16:00,13.113
26/08/2024,17:00,16.887
26/08/2024,18:00,20.024
26/08/2024,19:00,21.934
26/08/2024,20:00,28.066
26/08/2024,21:00,30.024
26/08/2024,22:00,23.538
26/08/2024,23:00,18.443
26/08/2024,24:00:00,15.283
27/08/2024,01:00,14.104
27/08/2024,02:00,9.623
27/08/2024,03:00,11.745
27/08/2024,04:00,11.203
27/08/2024,05:00,10.896
27/08/2024,06:00,14.859
27/08/2024,07:00,7.571
27/08/2024,08:00,6.156
27/08/2024,09:00,5.495
27/08/2024,10:00,5.778
27/08/2024,11:00,5.943
27/08/2024,12:00,5.59
27/08/2024,13:00,5.66
27/08/2024,14:00,7.642
27/08/2024,15:00,5.637
27/08/2024,16:00,5.259
27/08/2024,17:00,6.321
27/08/2024,18:00,10.118
27/08/2024,19:00,8.278
27/08/2024,20:00,5.59
27/08/2024,21:00,7.005
27/08/2024,22:00,8.892
27/08/2024,23:00,8.184
27/08/2024,24:00:00,5.943
28/08/2024,01:00,6.722
28/08/2024,02:00,7.476
28/08/2024,03:00,8.066
28/08/2024,04:00,7.925
28/08/2024,05:00,7.123
28/08/2024,06:00,9.788
28/08/2024,07:00,9.198
28/08/2024,08:00,11.392
28/08/2024,09:00,7.83
28/08/2024,10:00,7.665
28/08/2024,11:00,8.42
28/08/2024,12:00,9.34
28/08/2024,13:00,10.802
28/08/2024,14:00,12.217
28/08/2024,15:00,14.67
28/08/2024,16:00,13.491
28/08/2024,17:00,12.123
28/08/2024,18:00,9.599
28/08/2024,19:00,5.425
28/08/2024,20:00,4.599
28/08/2024,21:00,5.425
28/08/2024,22:00,5
28/08/2024,23:00,4.222
28/08/2024,24:00:00,4.175
29/08/2024,01:00,4.528
29/08/2024,02:00,5.142
29/08/2024,03:00,5.637
29/08/2024,04:00,7.17
29/08/2024,05:00,7.547
29/08/2024,06:00,6.061
29/08/2024,07:00,9.835
29/08/2024,08:00,9.434
29/08/2024,09:00,7.712
29/08/2024,10:00,6.462
29/08/2024,11:00,7.759
29/08/2024,12:00,7.429
29/08/2024,13:00,8.656
29/08/2024,14:00,10.283
29/08/2024,15:00,9.245
29/08/2024,16:00,9.104
29/08/2024,17:00,7.712
29/08/2024,18:00,5.967
29/08/2024,19:00,5.873
29/08/2024,20:00,6.91
29/08/2024,21:00,8.09
29/08/2024,22:00,9.67
29/08/2024,23:00,10.59
29/08/2024,24:00:00,7.476
30/08/2024,01:00,9.882
30/08/2024,02:00,9.458
30/08/2024,03:00,8.467
30/08/2024,04:00,8.373
30/08/2024,05:00,8.703
30/08/2024,06:00,11.274
30/08/2024,07:00,12.736
30/08/2024,08:00,13.208
30/08/2024,09:00,11.769
30/08/2024,10:00,10.094
30/08/2024,11:00,10.613
30/08/2024,12:00,10.401
30/08/2024,13:00,9.976
30/08/2024,14:00,8.491
30/08/2024,15:00,10.873
30/08/2024,16:00,9.882
30/08/2024,17:00,10.543
30/08/2024,18:00,12.123
30/08/2024,19:00,14.033
30/08/2024,20:00,15.071
30/08/2024,21:00,15.66
30/08/2024,22:00,17.17
30/08/2024,23:00,17.193
30/08/2024,24:00:00,17.052
31/08/2024,01:00,18.42
31/08/2024,02:00,18.514
31/08/2024,03:00,18.396
31/08/2024,04:00,19.127
31/08/2024,05:00,19.764
31/08/2024,06:00,20.189
31/08/2024,07:00,20.66
31/08/2024,08:00,17.311
31/08/2024,09:00,14.835
31/08/2024,10:00,13.137
31/08/2024,11:00,12.547
31/08/2024,12:00,13.09
31/08/2024,13:00,12.193
31/08/2024,14:00,11.415
31/08/2024,15:00,10.731
31/08/2024,16:00,10.354
31/08/2024,17:00,10.212
31/08/2024,18:00,10.259
31/08/2024,19:00,10.873
31/08/2024,20:00,11.203
31/08/2024,21:00,12.335
31/08/2024,22:00,11.533
31/08/2024,23:00,10.047
31/08/2024,24:00:00,9.387
01/09/2024,01:00,9.764
01/09/2024,02:00,8.184
01/09/2024,03:00,8.373
01/09/2024,04:00,8.42
01/09/2024,05:00,9.009
01/09/2024,06:00,8.585
01/09/2024,07:00,9.222
01/09/2024,08:00,10.377
01/09/2024,09:00,12.995
01/09/2024,10:00,11.344
01/09/2024,11:00,9.953
01/09/2024,12:00,10
01/09/2024,13:00,12.288
01/09/2024,14:00,16.415
01/09/2024,15:00,14.387
01/09/2024,16:00,13.349
01/09/2024,17:00,13.892
01/09/2024,18:00,14.953
01/09/2024,19:00,14.505
01/09/2024,20:00,17.099
01/09/2024,21:00,17.642
01/09/2024,22:00,17.335
01/09/2024,23:00,19.104
01/09/2024,24:00:00,19.835
02/09/2024,01:00,22.052
02/09/2024,02:00,20.684
02/09/2024,03:00,23.373
02/09/2024,04:00,17.972
02/09/2024,05:00,15.283
02/09/2024,06:00,18.349
02/09/2024,07:00,16.651
02/09/2024,08:00,18.774
02/09/2024,09:00,16.91
02/09/2024,10:00,17.17
02/09/2024,11:00,17.359
02/09/2024,12:00,14.576
02/09/2024,13:00,10.448
02/09/2024,14:00,6.061
02/09/2024,15:00,8.609
02/09/2024,16:00,9.057
02/09/2024,17:00,3.255
02/09/2024,18:00,2.972
02/09/2024,19:00,2.453
02/09/2024,20:00,2.241
02/09/2024,21:00,2.807
02/09/2024,22:00,4.08
02/09/2024,23:00,4.528
02/09/2024,24:00:00,5
03/09/2024,01:00,5.991
03/09/2024,02:00,6.769
03/09/2024,03:00,5.047
03/09/2024,04:00,3.609
03/09/2024,05:00,5.495
03/09/2024,06:00,4.953
03/09/2024,07:00,6.651
03/09/2024,08:00,6.863
03/09/2024,09:00,6.392
03/09/2024,10:00,6.344
03/09/2024,11:00,6.014
03/09/2024,12:00,6.604
03/09/2024,13:00,5.519
03/09/2024,14:00,4.859
03/09/2024,15:00,4.528
03/09/2024,16:00,5.307
03/09/2024,17:00,5.66
03/09/2024,18:00,6.604
03/09/2024,19:00,4.693
03/09/2024,20:00,4.222
03/09/2024,21:00,4.08
03/09/2024,22:00,5.071
03/09/2024,23:00,6.109
03/09/2024,24:00:00,4.434
04/09/2024,01:00,6.887
04/09/2024,02:00,5.071
04/09/2024,03:00,4.976
04/09/2024,04:00,4.033
04/09/2024,05:00,2.712
04/09/2024,06:00,3.656
04/09/2024,07:00,4.505
04/09/2024,08:00,4.528
04/09/2024,09:00,5.66
04/09/2024,10:00,5.307
04/09/2024,11:00,5.165
04/09/2024,12:00,5.189
04/09/2024,13:00,5.519
04/09/2024,14:00,6.462
04/09/2024,15:00,6.25
04/09/2024,16:00,6.226
04/09/2024,17:00,6.934
04/09/2024,18:00,5.425
04/09/2024,19:00,6.533
04/09/2024,20:00,4.552
04/09/2024,21:00,5.519
04/09/2024,22:00,3.821
04/09/2024,23:00,3.915
04/09/2024,24:00:00,5.094
05/09/2024,01:00,7.193
05/09/2024,02:00,7.689
05/09/2024,03:00,6.58
05/09/2024,04:00,5.755
05/09/2024,05:00,5.684
05/09/2024,06:00,5.448
05/09/2024,07:00,4.623
05/09/2024,08:00,3.821
05/09/2024,09:00,2.476
05/09/2024,10:00,2.783
05/09/2024,11:00,2.712
05/09/2024,12:00,2.854
05/09/2024,13:00,2.689
05/09/2024,14:00,2.783
05/09/2024,15:00,4.104
05/09/2024,16:00,4.811
05/09/2024,17:00,7.547
05/09/2024,18:00,7.783
05/09/2024,19:00,7.571
05/09/2024,20:00,8.231
05/09/2024,21:00,11.58
05/09/2024,22:00,15.755
05/09/2024,23:00,18.278
05/09/2024,24:00:00,19.764
06/09/2024,01:00,20.613
06/09/2024,02:00,21.698
06/09/2024,03:00,23.656
06/09/2024,04:00,24.599
06/09/2024,05:00,26.25
06/09/2024,06:00,26.179
06/09/2024,07:00,25.802
06/09/2024,08:00,24.34
06/09/2024,09:00,23.797
06/09/2024,10:00,23.16
06/09/2024,11:00,23.703
06/09/2024,12:00,23.797
06/09/2024,13:00,22.854
06/09/2024,14:00,21.793
06/09/2024,15:00,21.58
06/09/2024,16:00,21.722
06/09/2024,17:00,29.198
06/09/2024,18:00,23.16
06/09/2024,19:00,23.844
06/09/2024,20:00,24.057
06/09/2024,21:00,26.085
06/09/2024,22:00,27.854
06/09/2024,23:00,28.915
06/09/2024,24:00:00,29.694
07/09/2024,01:00,29.34
07/09/2024,02:00,28.491
07/09/2024,03:00,24.34
07/09/2024,04:00,22.925
07/09/2024,05:00,24.717
07/09/2024,06:00,23.868
07/09/2024,07:00,24.623
07/09/2024,08:00,23.491
07/09/2024,09:00,24.576
07/09/2024,10:00,27.217
07/09/2024,11:00,23.184
07/09/2024,12:00,18.019
07/09/2024,13:00,15.543
07/09/2024,14:00,11.675
07/09/2024,15:00,12.524
07/09/2024,16:00,12.264
07/09/2024,17:00,13.797
07/09/2024,18:00,12.123
07/09/2024,19:00,12.335
07/09/2024,20:00,16.439
07/09/2024,21:00,16.038
07/09/2024,22:00,15.66
07/09/2024,23:00,18.679
07/09/2024,24:00:00,17.76
08/09/2024,01:00,21.675
08/09/2024,02:00,23.868
08/09/2024,03:00,26.439
08/09/2024,04:00,26.816
08/09/2024,05:00,22.5
08/09/2024,06:00,20.543
08/09/2024,07:00,14.764
08/09/2024,08:00,13.797
08/09/2024,09:00,14.34
08/09/2024,10:00,8.184
08/09/2024,11:00,6.769
08/09/2024,12:00,6.368
08/09/2024,13:00,5.024
08/09/2024,14:00,5.212
08/09/2024,15:00,4.811
08/09/2024,16:00,4.929
08/09/2024,17:00,3.514
08/09/2024,18:00,2.642
08/09/2024,19:00,4.717
08/09/2024,20:00,3.656
08/09/2024,21:00,4.764
08/09/2024,22:00,5.401
08/09/2024,23:00,7.453
08/09/2024,24:00:00,2.618
09/09/2024,01:00,1.297
09/09/2024,02:00,1.392
09/09/2024,03:00,2.524
09/09/2024,04:00,1.321
09/09/2024,05:00,1.981
09/09/2024,06:00,1.981
09/09/2024,07:00,2.453
09/09/2024,08:00,2.406
09/09/2024,09:00,4.316
09/09/2024,10:00,3.915
09/09/2024,11:00,3.75
09/09/2024,12:00,2.193
09/09/2024,13:00,5
09/09/2024,14:00,5.943
09/09/2024,15:00,5.755
09/09/2024,16:00,6.557
09/09/2024,17:00,6.509
09/09/2024,18:00,8.75
09/09/2024,19:00,7.382
09/09/2024,20:00,7.123
09/09/2024,21:00,7.217
09/09/2024,22:00,7.406
09/09/2024,23:00,7.17
09/09/2024,24:00:00,6.698
10/09/2024,01:00,6.109
10/09/2024,02:00,6.226
10/09/2024,03:00,6.675
10/09/2024,04:00,6.486
10/09/2024,05:00,4.882
10/09/2024,06:00,4.599
10/09/2024,07:00,5.071
10/09/2024,08:00,6.274
10/09/2024,09:00,6.533
10/09/2024,10:00,7.335
10/09/2024,11:00,1.415
10/09/2024,12:00,4.387
10/09/2024,13:00,5.495
10/09/2024,14:00,5.401
10/09/2024,15:00,5.259
10/09/2024,16:00,5.047
10/09/2024,17:00,3.868
10/09/2024,18:00,4.505
10/09/2024,19:00,5
10/09/2024,20:00,4.811
10/09/2024,21:00,4.127
10/09/2024,22:00,3.892
10/09/2024,23:00,3.443
10/09/2024,24:00:00,2.712
11/09/2024,01:00,1.462
11/09/2024,02:00,2.429
11/09/2024,03:00,2.335
11/09/2024,04:00,1.439
11/09/2024,05:00,2.123
11/09/2024,06:00,1.651
11/09/2024,07:00,1.109
11/09/2024,08:00,0.66
11/09/2024,09:00,0.967
11/09/2024,10:00,2.217
11/09/2024,11:00,2.311
11/09/2024,12:00,1.84
11/09/2024,13:00,1.887
11/09/2024,14:00,1.91
11/09/2024,15:00,2.335
11/09/2024,16:00,2.712
11/09/2024,17:00,1.934
11/09/2024,18:00,1.392
11/09/2024,19:00,2.335
11/09/2024,20:00,2.783
11/09/2024,21:00,3.632
11/09/2024,22:00,3.986
11/09/2024,23:00,3.208
11/09/2024,24:00:00,3.396
12/09/2024,01:00,3.042
12/09/2024,02:00,2.264
12/09/2024,03:00,2.406
12/09/2024,04:00,2.241
12/09/2024,05:00,2.264
12/09/2024,06:00,2.665
12/09/2024,07:00,3.42
12/09/2024,08:00,2.901
12/09/2024,09:00,2.524
12/09/2024,10:00,2.83
12/09/2024,11:00,2.311
12/09/2024,12:00,2.524
12/09/2024,13:00,2.382
12/09/2024,14:00,3.231
12/09/2024,15:00,1.981
12/09/2024,16:00,2.075
12/09/2024,17:00,1.675
12/09/2024,18:00,2.689
12/09/2024,19:00,4.009
12/09/2024,20:00,10.943
12/09/2024,21:00,4.764
12/09/2024,22:00,6.274
12/09/2024,23:00,7.524
12/09/2024,24:00:00,6.014
13/09/2024,01:00,4.976
13/09/2024,02:00,4.033
13/09/2024,03:00,4.363
13/09/2024,04:00,3.514
13/09/2024,05:00,4.269
13/09/2024,06:00,7.665
13/09/2024,07:00,9.057
13/09/2024,08:00,6.816
13/09/2024,09:00,8.278
13/09/2024,10:00,3.467
13/09/2024,11:00,2.476
13/09/2024,12:00,2.642
13/09/2024,13:00,2.972
13/09/2024,14:00,2.759
13/09/2024,15:00,2.759
13/09/2024,16:00,3.255
13/09/2024,17:00,3.679
13/09/2024,18:00,4.363
13/09/2024,19:00,4.67
13/09/2024,20:00,8.609
13/09/2024,21:00,9.929
13/09/2024,22:00,13.019
13/09/2024,23:00,11.085
13/09/2024,24:00:00,8.113
14/09/2024,01:00,7.5
14/09/2024,02:00,8.656
14/09/2024,03:00,7.052
14/09/2024,04:00,4.717
14/09/2024,05:00,2.901
14/09/2024,06:00,3.09
14/09/2024,07:00,3.679
14/09/2024,08:00,4.104
14/09/2024,09:00,4.245
14/09/2024,10:00,4.316
14/09/2024,11:00,4.269
14/09/2024,12:00,4.198
14/09/2024,13:00,4.104
14/09/2024,14:00,4.104
14/09/2024,15:00,4.08
14/09/2024,16:00,3.821
14/09/2024,17:00,3.679
14/09/2024,18:00,3.656
14/09/2024,19:00,3.609
14/09/2024,20:00,3.75
14/09/2024,21:00,3.514
14/09/2024,22:00,3.609
14/09/2024,23:00,3.325
14/09/2024,24:00:00,2.925
15/09/2024,01:00,2.877
15/09/2024,02:00,3.113
15/09/2024,03:00,3.184
15/09/2024,04:00,2.995
15/09/2024,05:00,2.925
15/09/2024,06:00,2.759
15/09/2024,07:00,2.83
15/09/2024,08:00,2.854
15/09/2024,09:00,2.995
15/09/2024,10:00,2.901
15/09/2024,11:00,2.925
15/09/2024,12:00,2.5
15/09/2024,13:00,2.123
15/09/2024,14:00,1.816
15/09/2024,15:00,1.156
15/09/2024,16:00,1.038
15/09/2024,17:00,1.486
15/09/2024,18:00,1.792
15/09/2024,19:00,2.429
15/09/2024,20:00,2.146
15/09/2024,21:00,1.863
15/09/2024,22:00,2.028
15/09/2024,23:00,2.241
15/09/2024,24:00:00,2.406
16/09/2024,01:00,2.359
16/09/2024,02:00,2.571
16/09/2024,03:00,2.476
16/09/2024,04:00,2.783
16/09/2024,05:00,2.877
16/09/2024,06:00,3.915
16/09/2024,07:00,6.462
16/09/2024,08:00,13.373
16/09/2024,09:00,8.538
16/09/2024,10:00,2.854
16/09/2024,11:00,2.83
16/09/2024,12:00,2.5
16/09/2024,13:00,2.925
16/09/2024,14:00,3.349
16/09/2024,15:00,2.665
16/09/2024,16:00,2.547
16/09/2024,17:00,2.83
16/09/2024,18:00,12.807
16/09/2024,19:00,7.524
16/09/2024,20:00,61.746
16/09/2024,21:00,3.821
16/09/2024,22:00,6.392
16/09/2024,23:00,14.198
16/09/2024,24:00:00,9.953
17/09/2024,01:00,8.231
17/09/2024,02:00,6.415
17/09/2024,03:00,5.495
17/09/2024,04:00,4.245
17/09/2024,05:00,6.014
17/09/2024,06:00,6.863
17/09/2024,07:00,7.642
17/09/2024,08:00,9.882
17/09/2024,09:00,13.184
17/09/2024,10:00,5.637
17/09/2024,11:00,3.656
17/09/2024,12:00,4.104
17/09/2024,13:00,3.231
17/09/2024,14:00,2.642
17/09/2024,15:00,2.311
17/09/2024,16:00,3.184
17/09/2024,17:00,3.986
17/09/2024,18:00,4.976
17/09/2024,19:00,6.321
17/09/2024,20:00,4.316
17/09/2024,21:00,3.75
17/09/2024,22:00,4.575
17/09/2024,23:00,12.005
17/09/2024,24:00:00,14.033
18/09/2024,01:00,9.198
18/09/2024,02:00,7.689
18/09/2024,03:00,7.359
18/09/2024,04:00,6.722
18/09/2024,05:00,6.816
18/09/2024,06:00,7.005
18/09/2024,07:00,7.642
18/09/2024,08:00,9.811
18/09/2024,09:00,10.849
18/09/2024,10:00,8.396
18/09/2024,11:00,7.995
18/09/2024,12:00,7.901
18/09/2024,13:00,7.217
18/09/2024,14:00,7.359
18/09/2024,15:00,6.887
18/09/2024,16:00,6.25
18/09/2024,17:00,6.415
18/09/2024,18:00,7.311
18/09/2024,19:00,7.83
18/09/2024,20:00,7.547
18/09/2024,21:00,7.241
18/09/2024,22:00,6.486
18/09/2024,23:00,6.061
18/09/2024,24:00:00,5.755
19/09/2024,01:00,9.387
19/09/2024,02:00,10.094
19/09/2024,03:00,8.255
19/09/2024,04:00,7.264
19/09/2024,05:00,6.439
19/09/2024,06:00,9.811
19/09/2024,07:00,9.929
19/09/2024,08:00,9.929
19/09/2024,09:00,10.236
19/09/2024,10:00,11.675
19/09/2024,11:00,11.675
19/09/2024,12:00,9.906
19/09/2024,13:00,10.543
19/09/2024,14:00,10.849
19/09/2024,15:00,9.859
19/09/2024,16:00,9.245
19/09/2024,17:00,10.802
19/09/2024,18:00,13.868
19/09/2024,19:00,17.241
19/09/2024,20:00,17.807
19/09/2024,21:00,17.288
19/09/2024,22:00,18.019
19/09/2024,23:00,22.028
19/09/2024,24:00:00,16.793
20/09/2024,01:00,15.896
20/09/2024,02:00,16.627
20/09/2024,03:00,19.788
20/09/2024,04:00,17.948
20/09/2024,05:00,18.844
20/09/2024,06:00,19.269
20/09/2024,07:00,19.576
20/09/2024,08:00,21.462
20/09/2024,09:00,22.477
20/09/2024,10:00,22.995
20/09/2024,11:00,23.703
20/09/2024,12:00,23.962
20/09/2024,13:00,20.873
20/09/2024,14:00,18.821
20/09/2024,15:00,18.231
20/09/2024,16:00,19.198
20/09/2024,17:00,19.269
20/09/2024,18:00,19.552
20/09/2024,19:00,21.085
20/09/2024,20:00,23.302
20/09/2024,21:00,20.92
20/09/2024,22:00,18.278
20/09/2024,23:00,18.373
20/09/2024,24:00:00,18.844
21/09/2024,01:00,20.354
21/09/2024,02:00,20.802
21/09/2024,03:00,20.92
21/09/2024,04:00,20.991
21/09/2024,05:00,19.434
21/09/2024,06:00,20.236
21/09/2024,07:00,18.892
21/09/2024,08:00,19.34
21/09/2024,09:00,20
21/09/2024,10:00,21.887
21/09/2024,11:00,22.76
21/09/2024,12:00,22.689
21/09/2024,13:00,22.076
21/09/2024,14:00,21.344
21/09/2024,15:00,19.953
21/09/2024,16:00,20.377
21/09/2024,17:00,19.882
21/09/2024,18:00,20.495
21/09/2024,19:00,21.651
21/09/2024,20:00,21.816
21/09/2024,21:00,22.17
21/09/2024,22:00,21.415
21/09/2024,23:00,21.109
21/09/2024,24:00:00,21.745
22/09/2024,01:00,21.297
22/09/2024,02:00,20.071
22/09/2024,03:00,19.599
22/09/2024,04:00,19.859
22/09/2024,05:00,20.094
22/09/2024,06:00,20.708
22/09/2024,07:00,20.684
22/09/2024,08:00,20.519
22/09/2024,09:00,21.533
22/09/2024,10:00,22.193
22/09/2024,11:00,21.415
22/09/2024,12:00,19.693
22/09/2024,13:00,19.67
22/09/2024,14:00,19.151
22/09/2024,15:00,18.915
22/09/2024,16:00,19.316
22/09/2024,17:00,19.269
22/09/2024,18:00,19.646
22/09/2024,19:00,20.613
22/09/2024,20:00,21.91
22/09/2024,21:00,22.288
22/09/2024,22:00,20.071
22/09/2024,23:00,18.208
22/09/2024,24:00:00,16.651
23/09/2024,01:00,12.429
23/09/2024,02:00,14.175
23/09/2024,03:00,17.948
23/09/2024,04:00,22.783
23/09/2024,05:00,22.5
23/09/2024,06:00,21.179
23/09/2024,07:00,16.557
23/09/2024,08:00,13.774
23/09/2024,09:00,16.321
23/09/2024,10:00,17.524
23/09/2024,11:00,18.679
23/09/2024,12:00,18.585
23/09/2024,13:00,15.873
23/09/2024,14:00,14.623
23/09/2024,15:00,12.877
23/09/2024,16:00,12.217
23/09/2024,17:00,14.175
23/09/2024,18:00,13.939
23/09/2024,19:00,15.755
23/09/2024,20:00,16.486
23/09/2024,21:00,17.736
23/09/2024,22:00,16.981
23/09/2024,23:00,15.118
23/09/2024,24:00:00,13.043
24/09/2024,01:00,8.396
24/09/2024,02:00,8.019
24/09/2024,03:00,9.811
24/09/2024,04:00,8.986
24/09/2024,05:00,8.42
24/09/2024,06:00,8.868
24/09/2024,07:00,8.491
24/09/2024,08:00,8.915
24/09/2024,09:00,7.712
24/09/2024,10:00,5.401
24/09/2024,11:00,4.67
24/09/2024,12:00,4.033
24/09/2024,13:00,4.033
24/09/2024,14:00,3.75
24/09/2024,15:00,3.349
24/09/2024,16:00,2.759
24/09/2024,17:00,2.099
24/09/2024,18:00,2.241
24/09/2024,19:00,2.382
24/09/2024,20:00,3.514
24/09/2024,21:00,3.325
24/09/2024,22:00,3.16
24/09/2024,23:00,2.901
24/09/2024,24:00:00,2.642
25/09/2024,01:00,3.042
25/09/2024,02:00,4.222
25/09/2024,03:00,3.774
25/09/2024,04:00,3.585
25/09/2024,05:00,3.632
25/09/2024,06:00,4.104
25/09/2024,07:00,5.802
25/09/2024,08:00,8.278
25/09/2024,09:00,8.962
25/09/2024,10:00,6.486
25/09/2024,11:00,7.005
25/09/2024,12:00,5.637
25/09/2024,13:00,5.495
25/09/2024,14:00,4.835
25/09/2024,15:00,4.127
25/09/2024,16:00,3.585
25/09/2024,17:00,3.137
25/09/2024,18:00,5.118
25/09/2024,19:00,4.198
25/09/2024,20:00,5.118
25/09/2024,21:00,4.859
25/09/2024,22:00,4.151
25/09/2024,23:00,5.896
25/09/2024,24:00:00,7.759
26/09/2024,01:00,7.594
26/09/2024,02:00,8.255
26/09/2024,03:00,9.434
26/09/2024,04:00,10.943
26/09/2024,05:00,13.585
26/09/2024,06:00,13.726
26/09/2024,07:00,10.377
26/09/2024,08:00,11.415
26/09/2024,09:00,13.16
26/09/2024,10:00,15.307
26/09/2024,11:00,14.245
26/09/2024,12:00,13.184
26/09/2024,13:00,12.288
26/09/2024,14:00,9.953
26/09/2024,15:00,5.425
26/09/2024,16:00,1.179
26/09/2024,17:00,1.392
26/09/2024,18:00,1.58
26/09/2024,19:00,2.877
26/09/2024,20:00,4.434
26/09/2024,21:00,4.222
26/09/2024,22:00,4.953
26/09/2024,23:00,4.693
26/09/2024,24:00:00,3.892
27/09/2024,01:00,3.844
27/09/2024,02:00,4.575
27/09/2024,03:00,5.354
27/09/2024,04:00,4.693
27/09/2024,05:00,5.236
27/09/2024,06:00,5.66
27/09/2024,07:00,5.236
27/09/2024,08:00,5.236
27/09/2024,09:00,4.222
27/09/2024,10:00,4.481
27/09/2024,11:00,5.401
27/09/2024,12:00,4.575
27/09/2024,13:00,4.08
27/09/2024,14:00,3.632
27/09/2024,15:00,2.594
27/09/2024,16:00,1.816
27/09/2024,17:00,1.769
27/09/2024,18:00,2.618
27/09/2024,19:00,3.255
27/09/2024,20:00,3.679
27/09/2024,21:00,8.75
27/09/2024,22:00,3.632
27/09/2024,23:00,3.137
27/09/2024,24:00:00,2.972
28/09/2024,01:00,3.915
28/09/2024,02:00,2.288
28/09/2024,03:00,2.264
28/09/2024,04:00,2.972
28/09/2024,05:00,2.5
28/09/2024,06:00,3.349
28/09/2024,07:00,3.514
28/09/2024,08:00,4.481
28/09/2024,09:00,2.193
28/09/2024,10:00,1.792
28/09/2024,11:00,1.769
28/09/2024,12:00,1.792
28/09/2024,13:00,2.217
28/09/2024,14:00,2.264
28/09/2024,15:00,2.359
28/09/2024,16:00,3.231
28/09/2024,17:00,2.193
28/09/2024,18:00,2.5
28/09/2024,19:00,3.726
28/09/2024,20:00,5.943
28/09/2024,21:00,6.958
28/09/2024,22:00,7.547
28/09/2024,23:00,9.222
28/09/2024,24:00:00,10.495
29/09/2024,01:00,10.283
29/09/2024,02:00,13.679
29/09/2024,03:00,24.057
29/09/2024,04:00,10.66
29/09/2024,05:00,9.458
29/09/2024,06:00,10.59
29/09/2024,07:00,10.047
29/09/2024,08:00,10
29/09/2024,09:00,9.859
29/09/2024,10:00,7.736
29/09/2024,11:00,5.896
29/09/2024,12:00,4.41
29/09/2024,13:00,4.151
29/09/2024,14:00,3.609
29/09/2024,15:00,3.679
29/09/2024,16:00,3.561
29/09/2024,17:00,3.892
29/09/2024,18:00,4.057
29/09/2024,19:00,3.467
29/09/2024,20:00,3.113
29/09/2024,21:00,2.712
29/09/2024,22:00,3.16
29/09/2024,23:00,2.925
29/09/2024,24:00:00,2.854
30/09/2024,01:00,2.854
30/09/2024,02:00,2.948
30/09/2024,03:00,2.972
30/09/2024,04:00,2.925
30/09/2024,05:00,2.948
30/09/2024,06:00,2.759
30/09/2024,07:00,2.901
30/09/2024,08:00,3.066
30/09/2024,09:00,3.208
30/09/2024,10:00,3.467
30/09/2024,11:00,2.241
30/09/2024,12:00,2.311
30/09/2024,13:00,2.028
30/09/2024,14:00,2.241
30/09/2024,15:00,1.604
30/09/2024,16:00,1.462
30/09/2024,17:00,1.203
30/09/2024,18:00,1.981
30/09/2024,19:00,2.948
30/09/2024,20:00,2.948
30/09/2024,21:00,4.481
30/09/2024,22:00,4.906
30/09/2024,23:00,4.811
30/09/2024,24:00:00,7.335
01/10/2024,01:00,7.948
01/10/2024,02:00,7.288
01/10/2024,03:00,7.783
01/10/2024,04:00,8.514
01/10/2024,05:00,8.467
01/10/2024,06:00,6.981
01/10/2024,07:00,5.425
01/10/2024,08:00,8.703
01/10/2024,09:00,7.241
01/10/2024,10:00,3.821
01/10/2024,11:00,3.703
01/10/2024,12:00,3.538
01/10/2024,13:00,2.075
01/10/2024,14:00,2.783
01/10/2024,15:00,3.561
01/10/2024,16:00,5.519
01/10/2024,17:00,6.226
01/10/2024,18:00,5.566
01/10/2024,19:00,5.165
01/10/2024,20:00,4.08
01/10/2024,21:00,2.807
01/10/2024,22:00,2.618
01/10/2024,23:00,3.679
01/10/2024,24:00:00,3.703
02/10/2024,01:00,4.245
02/10/2024,02:00,5.59
02/10/2024,03:00,6.226
02/10/2024,04:00,5.66
02/10/2024,05:00,5.024
02/10/2024,06:00,5.708
02/10/2024,07:00,5.92
02/10/2024,08:00,6.344
02/10/2024,09:00,5.094
02/10/2024,10:00,5.495
02/10/2024,11:00,6.439
02/10/2024,12:00,6.981
02/10/2024,13:00,5.519
02/10/2024,14:00,4.623
02/10/2024,15:00,5.047
02/10/2024,16:00,4.882
02/10/2024,17:00,4.363
02/10/2024,18:00,4.575
02/10/2024,19:00,4.693
02/10/2024,20:00,5
02/10/2024,21:00,5.401
02/10/2024,22:00,4.976
02/10/2024,23:00,4.67
02/10/2024,24:00:00,4.859
03/10/2024,01:00,4.387
03/10/2024,02:00,4.222
03/10/2024,03:00,3.75
03/10/2024,04:00,5.118
03/10/2024,05:00,3.726
03/10/2024,06:00,3.939
03/10/2024,07:00,4.481
03/10/2024,08:00,9.08
03/10/2024,09:00,6.627
03/10/2024,10:00,6.722
03/10/2024,11:00,4.599
03/10/2024,12:00,3.844
03/10/2024,13:00,3.467
03/10/2024,14:00,3.184
03/10/2024,15:00,2.618
03/10/2024,16:00,2.571
03/10/2024,17:00,2.642
03/10/2024,18:00,2.972
03/10/2024,19:00,3.137
03/10/2024,20:00,3.915
03/10/2024,21:00,7.759
03/10/2024,22:00,8.915
03/10/2024,23:00,10.943
03/10/2024,24:00:00,11.604
04/10/2024,01:00,11.934
04/10/2024,02:00,10.212
04/10/2024,03:00,8.113
04/10/2024,04:00,8.019
04/10/2024,05:00,7.759
04/10/2024,06:00,9.552
04/10/2024,07:00,10.873
04/10/2024,08:00,10.873
04/10/2024,09:00,12.123
04/10/2024,10:00,8.632
04/10/2024,11:00,6.769
04/10/2024,12:00,4.953
04/10/2024,13:00,6.509
04/10/2024,14:00,5.094
04/10/2024,15:00,7.783
04/10/2024,16:00,6.344
04/10/2024,17:00,7.288
04/10/2024,18:00,5.59
04/10/2024,19:00,8.42
04/10/2024,20:00,17.429
04/10/2024,21:00,25.354
04/10/2024,22:00,18.679
04/10/2024,23:00,18.609
04/10/2024,24:00:00,17.807
05/10/2024,01:00,14.528
05/10/2024,02:00,17.311
05/10/2024,03:00,14.245
05/10/2024,04:00,14.528
05/10/2024,05:00,22.429
05/10/2024,06:00,17.076
05/10/2024,07:00,17.877
05/10/2024,08:00,17.642
05/10/2024,09:00,14.104
05/10/2024,10:00,11.486
05/10/2024,11:00,9.127
05/10/2024,12:00,8.514
05/10/2024,13:00,7.665
05/10/2024,14:00,9.104
05/10/2024,15:00,7.524
05/10/2024,16:00,6.533
05/10/2024,17:00,5.401
05/10/2024,18:00,5.377
05/10/2024,19:00,7.217
05/10/2024,20:00,9.387
05/10/2024,21:00,7.335
05/10/2024,22:00,8.538
05/10/2024,23:00,8.939
05/10/2024,24:00:00,8.632
06/10/2024,01:00,12.359
06/10/2024,02:00,10.613
06/10/2024,03:00,8.939
06/10/2024,04:00,6.274
06/10/2024,05:00,5.189
06/10/2024,06:00,4.693
06/10/2024,07:00,5.377
06/10/2024,08:00,5.495
06/10/2024,09:00,4.835
06/10/2024,10:00,4.623
06/10/2024,11:00,4.434
06/10/2024,12:00,5.047
06/10/2024,13:00,5.118
06/10/2024,14:00,4.788
06/10/2024,15:00,4.741
06/10/2024,16:00,4.859
06/10/2024,17:00,7.076
06/10/2024,18:00,6.627
06/10/2024,19:00,7.476
06/10/2024,20:00,7.5
06/10/2024,21:00,7.995
06/10/2024,22:00,8.821
06/10/2024,23:00,9.481
06/10/2024,24:00:00,7.476
07/10/2024,01:00,4.245
07/10/2024,02:00,2.925
07/10/2024,03:00,3.255
07/10/2024,04:00,3.868
07/10/2024,05:00,3.726
07/10/2024,06:00,9.08
07/10/2024,07:00,8.797
07/10/2024,08:00,10.826
07/10/2024,09:00,6.486
07/10/2024,10:00,5.024
07/10/2024,11:00,5.566
07/10/2024,12:00,5.778
07/10/2024,13:00,5.354
07/10/2024,14:00,4.976
07/10/2024,15:00,5.708
07/10/2024,16:00,5.991
07/10/2024,17:00,6.745
07/10/2024,18:00,6.25
07/10/2024,19:00,7.406
07/10/2024,20:00,7.288
07/10/2024,21:00,31.816
07/10/2024,22:00,24.481
07/10/2024,23:00,18.349
07/10/2024,24:00:00,12.028
08/10/2024,01:00,12.759
08/10/2024,02:00,14.175
08/10/2024,03:00,12.429
08/10/2024,04:00,9.693
08/10/2024,05:00,9.528
08/10/2024,06:00,7.995
08/10/2024,07:00,8.113
08/10/2024,08:00,9.175
08/10/2024,09:00,8.396
08/10/2024,10:00,4.717
08/10/2024,11:00,6.014
08/10/2024,12:00,4.387
08/10/2024,13:00,5
08/10/2024,14:00,4.009
08/10/2024,15:00,3.325
08/10/2024,16:00,2.83
08/10/2024,17:00,2.311
08/10/2024,18:00,2.618
08/10/2024,19:00,3.255
08/10/2024,20:00,3.656
08/10/2024,21:00,4.08
08/10/2024,22:00,4.34
08/10/2024,23:00,5.896
08/10/2024,24:00:00,6.792
09/10/2024,01:00,7.288
09/10/2024,02:00,6.651
09/10/2024,03:00,7.759
09/10/2024,04:00,6.486
09/10/2024,05:00,4.741
09/10/2024,06:00,7.099
09/10/2024,07:00,8.538
09/10/2024,08:00,2.099
09/10/2024,09:00,2.901
09/10/2024,10:00,4.764
09/10/2024,11:00,3.137
09/10/2024,12:00,1.085
09/10/2024,13:00,1.014
09/10/2024,14:00,2.099
09/10/2024,15:00,2.146
09/10/2024,16:00,2.335
09/10/2024,17:00,2.075
09/10/2024,18:00,2.075
09/10/2024,19:00,1.792
09/10/2024,20:00,1.368
09/10/2024,21:00,1.179
09/10/2024,22:00,1.557
09/10/2024,23:00,2.123
09/10/2024,24:00:00,4.575
10/10/2024,01:00,5.991
10/10/2024,02:00,6.91
10/10/2024,03:00,5.637
10/10/2024,04:00,5.755
10/10/2024,05:00,5.071
10/10/2024,06:00,3.774
10/10/2024,07:00,3.373
10/10/2024,08:00,3.491
10/10/2024,09:00,4.292
10/10/2024,10:00,4.481
10/10/2024,11:00,3.892
10/10/2024,12:00,3.868
10/10/2024,13:00,3.915
10/10/2024,14:00,3.231
10/10/2024,15:00,3.42
10/10/2024,16:00,3.325
10/10/2024,17:00,3.75
10/10/2024,18:00,4.929
10/10/2024,19:00,6.226
10/10/2024,20:00,11.509
10/10/2024,21:00,9.741
10/10/2024,22:00,10.212
10/10/2024,23:00,7.005
10/10/2024,24:00:00,5.071
11/10/2024,01:00,4.175
11/10/2024,02:00,4.693
11/10/2024,03:00,4.693
11/10/2024,04:00,5.307
11/10/2024,05:00,5.401
11/10/2024,06:00,5.307
11/10/2024,07:00,7.83
11/10/2024,08:00,8.962
11/10/2024,09:00,5.991
11/10/2024,10:00,3.939
11/10/2024,11:00,3.538
11/10/2024,12:00,3.019
11/10/2024,13:00,4.387
11/10/2024,14:00,2.712
11/10/2024,15:00,2.901
11/10/2024,16:00,3.349
11/10/2024,17:00,3.844
11/10/2024,18:00,3.585
11/10/2024,19:00,7.076
11/10/2024,20:00,11.392
11/10/2024,21:00,11.203
11/10/2024,22:00,14.175
11/10/2024,23:00,12.712
11/10/2024,24:00:00,11.58
12/10/2024,01:00,10.401
12/10/2024,02:00,9.811
12/10/2024,03:00,10.377
12/10/2024,04:00,10.377
12/10/2024,05:00,9.953
12/10/2024,06:00,8.915
12/10/2024,07:00,8.42
12/10/2024,08:00,9.623
12/10/2024,09:00,5.849
12/10/2024,10:00,5.142
12/10/2024,11:00,5.495
12/10/2024,12:00,4.41
12/10/2024,13:00,4.08
12/10/2024,14:00,3.137
12/10/2024,15:00,2.429
12/10/2024,16:00,1.651
12/10/2024,17:00,2.594
12/10/2024,18:00,2.642
12/10/2024,19:00,3.467
12/10/2024,20:00,3.892
12/10/2024,21:00,3.703
12/10/2024,22:00,3.491
12/10/2024,23:00,3.679
12/10/2024,24:00:00,3.184
13/10/2024,01:00,2.217
13/10/2024,02:00,1.415
13/10/2024,03:00,1.58
13/10/2024,04:00,2.075
13/10/2024,05:00,2.17
13/10/2024,06:00,2.17
13/10/2024,07:00,2.241
13/10/2024,08:00,2.359
13/10/2024,09:00,2.995
13/10/2024,10:00,2.547
13/10/2024,11:00,2.099
13/10/2024,12:00,2.264
13/10/2024,13:00,2.075
13/10/2024,14:00,2.453
13/10/2024,15:00,2.547
13/10/2024,16:00,2.571
13/10/2024,17:00,2.901
13/10/2024,18:00,29.293
13/10/2024,19:00,6.981
13/10/2024,20:00,5.731
13/10/2024,21:00,6.368
13/10/2024,22:00,7.665
13/10/2024,23:00,9.528
13/10/2024,24:00:00,8.113
14/10/2024,01:00,6.863
14/10/2024,02:00,6.439
14/10/2024,03:00,6.085
14/10/2024,04:00,6.132
14/10/2024,05:00,5.59
14/10/2024,06:00,5.967
14/10/2024,07:00,7.524
14/10/2024,08:00,8.373
14/10/2024,09:00,8.113
14/10/2024,10:00,6.085
14/10/2024,11:00,3.019
14/10/2024,12:00,2.995
14/10/2024,13:00,3.585
14/10/2024,14:00,3.585
14/10/2024,15:00,3.255
14/10/2024,16:00,3.184
14/10/2024,17:00,3.255
14/10/2024,18:00,4.693
14/10/2024,19:00,5.142
14/10/2024,20:00,5.212
14/10/2024,21:00,5.354
14/10/2024,22:00,4.976
14/10/2024,23:00,4.906
14/10/2024,24:00:00,6.816
15/10/2024,01:00,6.156
15/10/2024,02:00,5.896
15/10/2024,03:00,6.156
15/10/2024,04:00,5.354
15/10/2024,05:00,6.226
15/10/2024,06:00,6.675
15/10/2024,07:00,9.906
15/10/2024,08:00,13.184
15/10/2024,09:00,14.033
15/10/2024,10:00,13.797
15/10/2024,11:00,12.594
15/10/2024,12:00,14.458
15/10/2024,13:00,17.453
15/10/2024,14:00,18.561
15/10/2024,15:00,18.467
15/10/2024,16:00,18.467
15/10/2024,17:00,16.085
15/10/2024,18:00,12.925
15/10/2024,19:00,14.08
15/10/2024,20:00,15.377
15/10/2024,21:00,13.679
15/10/2024,22:00,12.359
15/10/2024,23:00,14.34
15/10/2024,24:00:00,11.462
16/10/2024,01:00,9.953
16/10/2024,02:00,13.774
16/10/2024,03:00,15.354
16/10/2024,04:00,11.745
16/10/2024,05:00,10.896
16/10/2024,06:00,17.217
16/10/2024,07:00,21.769
16/10/2024,08:00,28.892
16/10/2024,09:00,21.038
16/10/2024,10:00,18.561
16/10/2024,11:00,18.892
16/10/2024,12:00,15.401
16/10/2024,13:00,13.609
16/10/2024,14:00,11.061
16/10/2024,15:00,12.406
16/10/2024,16:00,11.91
16/10/2024,17:00,13.302
16/10/2024,18:00,16.651
16/10/2024,19:00,14.269
16/10/2024,20:00,13.538
16/10/2024,21:00,12.783
16/10/2024,22:00,10.849
16/10/2024,23:00,4.646
16/10/2024,24:00:00,2.406
17/10/2024,01:00,1.958
17/10/2024,02:00,1.91
17/10/2024,03:00,1.722
17/10/2024,04:00,1.533
17/10/2024,05:00,2.453
17/10/2024,06:00,2.783
17/10/2024,07:00,3.915
17/10/2024,08:00,4.623
17/10/2024,09:00,4.623
17/10/2024,10:00,5.802
17/10/2024,11:00,4.646
17/10/2024,12:00,5.448
17/10/2024,13:00,4.859
17/10/2024,14:00,4.057
17/10/2024,15:00,4.127
17/10/2024,16:00,4.245
17/10/2024,17:00,5.943
17/10/2024,18:00,6.109
17/10/2024,19:00,7.476
17/10/2024,20:00,7.712
17/10/2024,21:00,9.293
17/10/2024,22:00,10.59
17/10/2024,23:00,8.326
17/10/2024,24:00:00,7.311
18/10/2024,01:00,4.552
18/10/2024,02:00,4.623
18/10/2024,03:00,6.863
18/10/2024,04:00,5.59
18/10/2024,05:00,6.981
18/10/2024,06:00,9.906
18/10/2024,07:00,10.613
18/10/2024,08:00,3.42
18/10/2024,09:00,2.948
18/10/2024,10:00,3.066
18/10/2024,11:00,3.585
18/10/2024,12:00,5.495
18/10/2024,13:00,7.524
18/10/2024,14:00,6.203
18/10/2024,15:00,6.415
18/10/2024,16:00,6.651
18/10/2024,17:00,7.807
18/10/2024,18:00,7.547
18/10/2024,19:00,11.981
18/10/2024,20:00,6.745
18/10/2024,21:00,8.349
18/10/2024,22:00,7.217
18/10/2024,23:00,7.665
18/10/2024,24:00:00,7.193
19/10/2024,01:00,6.557
19/10/2024,02:00,6.698
19/10/2024,03:00,11.415
19/10/2024,04:00,5.377
19/10/2024,05:00,4.127
19/10/2024,06:00,5.448
19/10/2024,07:00,2.759
19/10/2024,08:00,3.467
19/10/2024,09:00,2.476
19/10/2024,10:00,3.396
19/10/2024,11:00,2.123
19/10/2024,12:00,3.892
19/10/2024,13:00,6.109
19/10/2024,14:00,5.849
19/10/2024,15:00,5.708
19/10/2024,16:00,5.896
19/10/2024,17:00,6.462
19/10/2024,18:00,7.995
19/10/2024,19:00,9.316
19/10/2024,20:00,11.439
19/10/2024,21:00,12.524
19/10/2024,22:00,12.382
19/10/2024,23:00,12.406
19/10/2024,24:00:00,11.816
20/10/2024,01:00,11.745
20/10/2024,02:00,10.943
20/10/2024,03:00,9.104
20/10/2024,04:00,8.137
20/10/2024,05:00,7.193
20/10/2024,06:00,8.16
20/10/2024,07:00,8.797
20/10/2024,08:00,8.632
20/10/2024,09:00,5.66
20/10/2024,10:00,4.292
20/10/2024,11:00,3.609
20/10/2024,12:00,7.052
20/10/2024,13:00,2.736
20/10/2024,14:00,4.741
20/10/2024,15:00,7.288
20/10/2024,16:00,8.137
20/10/2024,17:00,7.689
20/10/2024,18:00,8.208
20/10/2024,19:00,9.222
20/10/2024,20:00,9.835
20/10/2024,21:00,10.448
20/10/2024,22:00,10.873
20/10/2024,23:00,11.179
20/10/2024,24:00:00,12.901
21/10/2024,01:00,10.236
21/10/2024,02:00,9.127
21/10/2024,03:00,8.373
21/10/2024,04:00,6.981
21/10/2024,05:00,6.321
21/10/2024,06:00,5.755
21/10/2024,07:00,6.792
21/10/2024,08:00,6.675
21/10/2024,09:00,7.382
21/10/2024,10:00,7.854
21/10/2024,11:00,8.656
21/10/2024,12:00,8.396
21/10/2024,13:00,7.877
21/10/2024,14:00,8.538
21/10/2024,15:00,8.208
21/10/2024,16:00,8.019
21/10/2024,17:00,5.401
21/10/2024,18:00,5.896
21/10/2024,19:00,8.302
21/10/2024,20:00,9.67
21/10/2024,21:00,9.127
21/10/2024,22:00,7.547
21/10/2024,23:00,10.92
21/10/2024,24:00:00,7.359
22/10/2024,01:00,5.849
22/10/2024,02:00,4.693
22/10/2024,03:00,4.693
22/10/2024,04:00,4.717
22/10/2024,05:00,4.764
22/10/2024,06:00,7.594
22/10/2024,07:00,5.542
22/10/2024,08:00,8.349
22/10/2024,09:00,5.991
22/10/2024,10:00,5.354
22/10/2024,11:00,5.236
22/10/2024,12:00,5.283
22/10/2024,13:00,4.859
22/10/2024,14:00,3.939
22/10/2024,15:00,3.632
22/10/2024,16:00,3.868
22/10/2024,17:00,4.175
22/10/2024,18:00,8.821
22/10/2024,19:00,11.91
22/10/2024,20:00,18.066
22/10/2024,21:00,14.104
22/10/2024,22:00,14.033
22/10/2024,23:00,16.958
22/10/2024,24:00:00,15.401
23/10/2024,01:00,12.712
23/10/2024,02:00,12.076
23/10/2024,03:00,12.429
23/10/2024,04:00,12.099
23/10/2024,05:00,10.896
23/10/2024,06:00,12.099
23/10/2024,07:00,12.453
23/10/2024,08:00,11.203
23/10/2024,09:00,7.382
23/10/2024,10:00,6.958
23/10/2024,11:00,5.377
23/10/2024,12:00,4.929
23/10/2024,13:00,4.316
23/10/2024,14:00,4.269
23/10/2024,15:00,3.986
23/10/2024,16:00,4.599
23/10/2024,17:00,6.439
23/10/2024,18:00,8.585
23/10/2024,19:00,8.821
23/10/2024,20:00,11.533
23/10/2024,21:00,12.547
23/10/2024,22:00,18.396
23/10/2024,23:00,15.967
23/10/2024,24:00:00,10.377
24/10/2024,01:00,7.83
24/10/2024,02:00,13.538
24/10/2024,03:00,9.67
24/10/2024,04:00,9.835
24/10/2024,05:00,8.986
24/10/2024,06:00,10.543
24/10/2024,07:00,13.915
24/10/2024,08:00,10.613
24/10/2024,09:00,11.321
24/10/2024,10:00,11.061
24/10/2024,11:00,11.863
24/10/2024,12:00,11.675
24/10/2024,13:00,7.642
24/10/2024,14:00,6.816
24/10/2024,15:00,6.651
24/10/2024,16:00,5.896
24/10/2024,17:00,5.448
24/10/2024,18:00,5.826
24/10/2024,19:00,6.981
24/10/2024,20:00,8.255
24/10/2024,21:00,8.349
24/10/2024,22:00,8.915
24/10/2024,23:00,8.255
24/10/2024,24:00:00,8.042
25/10/2024,01:00,7.783
25/10/2024,02:00,9.764
25/10/2024,03:00,11.533
25/10/2024,04:00,12.807
25/10/2024,05:00,14.222
25/10/2024,06:00,19.198
25/10/2024,07:00,22.17
25/10/2024,08:00,20.943
25/10/2024,09:00,19.293
25/10/2024,10:00,21.816
25/10/2024,11:00,16.085
25/10/2024,12:00,11.344
25/10/2024,13:00,12.854
25/10/2024,14:00,14.293
25/10/2024,15:00,13.491
25/10/2024,16:00,13.09
25/10/2024,17:00,12.925
25/10/2024,18:00,13.019
25/10/2024,19:00,16.368
25/10/2024,20:00,20.448
25/10/2024,21:00,17.571
25/10/2024,22:00,14.859
25/10/2024,23:00,12.995
25/10/2024,24:00:00,8.561
26/10/2024,01:00,6.179
26/10/2024,02:00,6.533
26/10/2024,03:00,7.028
26/10/2024,04:00,6.392
26/10/2024,05:00,5.236
26/10/2024,06:00,4.859
26/10/2024,07:00,3.561
26/10/2024,08:00,5.189
26/10/2024,09:00,8.019
26/10/2024,10:00,9.976
26/10/2024,11:00,10.731
26/10/2024,12:00,8.231
26/10/2024,13:00,8.821
26/10/2024,14:00,5.873
26/10/2024,15:00,5.212
26/10/2024,16:00,4.929
26/10/2024,17:00,6.014
26/10/2024,18:00,6.934
26/10/2024,19:00,7.877
26/10/2024,20:00,8.42
26/10/2024,21:00,7.052
26/10/2024,22:00,6.604
26/10/2024,23:00,4.764
26/10/2024,24:00:00,4.009
27/10/2024,01:00,2.146
27/10/2024,02:00,1.297
27/10/2024,03:00,2.075
27/10/2024,04:00,2.736
27/10/2024,05:00,2.877
27/10/2024,06:00,2.901
27/10/2024,07:00,3.09
27/10/2024,08:00,4.481
27/10/2024,09:00,4.292
27/10/2024,10:00,4.387
27/10/2024,11:00,4.741
27/10/2024,12:00,5.283
27/10/2024,13:00,5.142
27/10/2024,14:00,4.764
27/10/2024,15:00,4.269
27/10/2024,16:00,4.387
27/10/2024,17:00,4.623
27/10/2024,18:00,5.024
27/10/2024,19:00,5.165
27/10/2024,20:00,5.047
27/10/2024,21:00,4.033
27/10/2024,22:00,3.443
27/10/2024,23:00,2.783
27/10/2024,24:00:00,1.958
28/10/2024,01:00,0.991
28/10/2024,02:00,1.061
28/10/2024,03:00,0.896
28/10/2024,04:00,0.637
28/10/2024,05:00,0.778
28/10/2024,06:00,0.566
28/10/2024,07:00,0.566
28/10/2024,08:00,0.849
28/10/2024,09:00,1.014
28/10/2024,10:00,1.061
28/10/2024,11:00,1.061
28/10/2024,12:00,1.274
28/10/2024,13:00,1.722
28/10/2024,14:00,2.476
28/10/2024,15:00,2.099
28/10/2024,16:00,1.91
28/10/2024,17:00,2.264
28/10/2024,18:00,
28/10/2024,19:00,2.736
28/10/2024,20:00,4.646
28/10/2024,21:00,3.231
28/10/2024,22:00,2.359
28/10/2024,23:00,2.193
28/10/2024,24:00:00,2.689
29/10/2024,01:00,4.104
29/10/2024,02:00,4.08
29/10/2024,03:00,3.962
29/10/2024,04:00,4.764
29/10/2024,05:00,3.208
29/10/2024,06:00,2.972
29/10/2024,07:00,2.689
29/10/2024,08:00,2.995
29/10/2024,09:00,3.75
29/10/2024,10:00,2.288
29/10/2024,11:00,1.392
29/10/2024,12:00,1.439
29/10/2024,13:00,1.557
29/10/2024,14:00,1.203
29/10/2024,15:00,1.132
29/10/2024,16:00,1.486
29/10/2024,17:00,2.052
29/10/2024,18:00,2.901
29/10/2024,19:00,6.533
29/10/2024,20:00,7.406
29/10/2024,21:00,15.802
29/10/2024,22:00,11.627
29/10/2024,23:00,3.986
29/10/2024,24:00:00,2.052
30/10/2024,01:00,1.226
30/10/2024,02:00,1.156
30/10/2024,03:00,1.486
30/10/2024,04:00,1.627
30/10/2024,05:00,1.675
30/10/2024,06:00,2.075
30/10/2024,07:00,2.382
30/10/2024,08:00,2.712
30/10/2024,09:00,2.689
30/10/2024,10:00,2.453
30/10/2024,11:00,2.146
30/10/2024,12:00,2.642
30/10/2024,13:00,3.09
30/10/2024,14:00,3.325
30/10/2024,15:00,4.34
30/10/2024,16:00,4.34
30/10/2024,17:00,6.769
30/10/2024,18:00,7.406
30/10/2024,19:00,6.84
30/10/2024,20:00,6.627
30/10/2024,21:00,7.877
30/10/2024,22:00,8.042
30/10/2024,23:00,6.981
30/10/2024,24:00:00,8.42
31/10/2024,01:00,9.222
31/10/2024,02:00,10.283
31/10/2024,03:00,9.245
31/10/2024,04:00,3.892
31/10/2024,05:00,2.901
31/10/2024,06:00,2.052
31/10/2024,07:00,3.774
31/10/2024,08:00,3.892
31/10/2024,09:00,2.83
31/10/2024,10:00,2.028
31/10/2024,11:00,2.807
31/10/2024,12:00,3.325
31/10/2024,13:00,2.925
31/10/2024,14:00,2.123
31/10/2024,15:00,3.16
31/10/2024,16:00,7.241
31/10/2024,17:00,7.972
31/10/2024,18:00,6.368
31/10/2024,19:00,8.467
31/10/2024,20:00,11.274
31/10/2024,21:00,11.722
31/10/2024,22:00,11.156
31/10/2024,23:00,10.212
31/10/2024,24:00:00,9.906
01/11/2024,01:00,8.561
01/11/2024,02:00,10.142
01/11/2024,03:00,12.17
01/11/2024,04:00,14.835
01/11/2024,05:00,15.731
01/11/2024,06:00,12.759
01/11/2024,07:00,10.849
01/11/2024,08:00,5.637
01/11/2024,09:00,7.193
01/11/2024,10:00,6.25
01/11/2024,11:00,6.274
01/11/2024,12:00,4.528
01/11/2024,13:00,4.41
01/11/2024,14:00,5.377
01/11/2024,15:00,4.127
01/11/2024,16:00,2.571
01/11/2024,17:00,4.717
01/11/2024,18:00,4.033
01/11/2024,19:00,6.274
01/11/2024,20:00,9.009
01/11/2024,21:00,10.047
01/11/2024,22:00,9.811
01/11/2024,23:00,10.731
01/11/2024,24:00:00,14.458
02/11/2024,01:00,14.34
02/11/2024,02:00,15.519
02/11/2024,03:00,15.212
02/11/2024,04:00,17.146
02/11/2024,05:00,17.877
02/11/2024,06:00,13.373
02/11/2024,07:00,6.439
02/11/2024,08:00,4.08
02/11/2024,09:00,1.887
02/11/2024,10:00,1.179
02/11/2024,11:00,1.958
02/11/2024,12:00,1.344
02/11/2024,13:00,1.392
02/11/2024,14:00,1.203
02/11/2024,15:00,1.698
02/11/2024,16:00,2.217
02/11/2024,17:00,3.514
02/11/2024,18:00,5.047
02/11/2024,19:00,6.84
02/11/2024,20:00,13.326
02/11/2024,21:00,23.467
02/11/2024,22:00,23.467
02/11/2024,23:00,22.854
02/11/2024,24:00:00,16.981
03/11/2024,01:00,16.557
03/11/2024,02:00,13.113
03/11/2024,03:00,9.198
03/11/2024,04:00,7.241
03/11/2024,05:00,5.991
03/11/2024,06:00,5.142
03/11/2024,07:00,7.241
03/11/2024,08:00,7.17
03/11/2024,09:00,6.863
03/11/2024,10:00,5.802
03/11/2024,11:00,7.264
03/11/2024,12:00,11.816
03/11/2024,13:00,10.778
03/11/2024,14:00,9.104
03/11/2024,15:00,8.821
03/11/2024,16:00,9.387
03/11/2024,17:00,8.915
03/11/2024,18:00,9.788
03/11/2024,19:00,14.08
03/11/2024,20:00,11.533
03/11/2024,21:00,11.415
03/11/2024,22:00,13.396
03/11/2024,23:00,14.576
03/11/2024,24:00:00,14.316
04/11/2024,01:00,14.293
04/11/2024,02:00,13.538
04/11/2024,03:00,12.005
04/11/2024,04:00,12.311
04/11/2024,05:00,12.453
04/11/2024,06:00,15.33
04/11/2024,07:00,18.467
04/11/2024,08:00,19.269
04/11/2024,09:00,18.726
04/11/2024,10:00,20.543
04/11/2024,11:00,24.741
04/11/2024,12:00,18.16
04/11/2024,13:00,16.91
04/11/2024,14:00,18.231
04/11/2024,15:00,19.104
04/11/2024,16:00,21.863
04/11/2024,17:00,23.467
04/11/2024,18:00,24.151
04/11/2024,19:00,26.462
04/11/2024,20:00,27.948
04/11/2024,21:00,30.92
04/11/2024,22:00,30.354
04/11/2024,23:00,31.462
04/11/2024,24:00:00,29.34
05/11/2024,01:00,27.264
05/11/2024,02:00,24.151
05/11/2024,03:00,23.774
05/11/2024,04:00,22.547
05/11/2024,05:00,21.533
05/11/2024,06:00,21.627
05/11/2024,07:00,23.844
05/11/2024,08:00,22.524
05/11/2024,09:00,21.179
05/11/2024,10:00,18.255
05/11/2024,11:00,14.599
05/11/2024,12:00,15.873
05/11/2024,13:00,17.901
05/11/2024,14:00,19.198
05/11/2024,15:00,21.793
05/11/2024,16:00,23.444
05/11/2024,17:00,24.08
05/11/2024,18:00,37.972
05/11/2024,19:00,41.793
05/11/2024,20:00,35.896
05/11/2024,21:00,29.67
05/11/2024,22:00,62.547
05/11/2024,23:00,45
05/11/2024,24:00:00,33.962
06/11/2024,01:00,32.429
06/11/2024,02:00,28.278
06/11/2024,03:00,28.019
06/11/2024,04:00,25.708
06/11/2024,05:00,31.227
06/11/2024,06:00,27.925
06/11/2024,07:00,30.024
06/11/2024,08:00,29.033
06/11/2024,09:00,29.151
06/11/2024,10:00,26.958
06/11/2024,11:00,25.33
06/11/2024,12:00,12.618
06/11/2024,13:00,13.821
06/11/2024,14:00,13.373
06/11/2024,15:00,12.193
06/11/2024,16:00,13.302
06/11/2024,17:00,10.684
06/11/2024,18:00,9.693
06/11/2024,19:00,11.58
06/11/2024,20:00,20.401
06/11/2024,21:00,22.5
06/11/2024,22:00,24.859
06/11/2024,23:00,24.293
06/11/2024,24:00:00,14.41
07/11/2024,01:00,15.637
07/11/2024,02:00,10.59
07/11/2024,03:00,7.476
07/11/2024,04:00,6.085
07/11/2024,05:00,6.675
07/11/2024,06:00,6.061
07/11/2024,07:00,7.476
07/11/2024,08:00,7.406
07/11/2024,09:00,5.943
07/11/2024,10:00,5.212
07/11/2024,11:00,5.236
07/11/2024,12:00,5.425
07/11/2024,13:00,7.571
07/11/2024,14:00,8.868
07/11/2024,15:00,10.943
07/11/2024,16:00,14.505
07/11/2024,17:00,13.278
07/11/2024,18:00,11.392
07/11/2024,19:00,16.816
07/11/2024,20:00,20.448
07/11/2024,21:00,21.816
07/11/2024,22:00,23.42
07/11/2024,23:00,26.392
07/11/2024,24:00:00,29.599
08/11/2024,01:00,30.967
08/11/2024,02:00,30.991
08/11/2024,03:00,29.811
08/11/2024,04:00,28.184
08/11/2024,05:00,28.09
08/11/2024,06:00,31.51
08/11/2024,07:00,27.877
08/11/2024,08:00,28.019
08/11/2024,09:00,26.227
08/11/2024,10:00,24.269
08/11/2024,11:00,22.901
08/11/2024,12:00,22.736
08/11/2024,13:00,23.113
08/11/2024,14:00,22.241
08/11/2024,15:00,17.854
08/11/2024,16:00,15.448
08/11/2024,17:00,15.118
08/11/2024,18:00,14.387
08/11/2024,19:00,15.425
08/11/2024,20:00,16.132
08/11/2024,21:00,17.288
08/11/2024,22:00,16.415
08/11/2024,23:00,19.552
08/11/2024,24:00:00,17.689
09/11/2024,01:00,19.953
09/11/2024,02:00,27.099
09/11/2024,03:00,19.859
09/11/2024,04:00,25.26
09/11/2024,05:00,21.368
09/11/2024,06:00,21.462
09/11/2024,07:00,24.528
09/11/2024,08:00,21.462
09/11/2024,09:00,18.939
09/11/2024,10:00,16.981
09/11/2024,11:00,17.052
09/11/2024,12:00,15.401
09/11/2024,13:00,15.377
09/11/2024,14:00,16.486
09/11/2024,15:00,16.675
09/11/2024,16:00,16.934
09/11/2024,17:00,19.151
09/11/2024,18:00,21.014
09/11/2024,19:00,26.651
09/11/2024,20:00,25.778
09/11/2024,21:00,30.991
09/11/2024,22:00,31.51
09/11/2024,23:00,30.401
09/11/2024,24:00:00,28.467
10/11/2024,01:00,30.519
10/11/2024,02:00,28.986
10/11/2024,03:00,28.939
10/11/2024,04:00,26.793
10/11/2024,05:00,22.146
10/11/2024,06:00,24.434
10/11/2024,07:00,30.094
10/11/2024,08:00,33.679
10/11/2024,09:00,35.991
10/11/2024,10:00,36.651
10/11/2024,11:00,36.887
10/11/2024,12:00,33.75
10/11/2024,13:00,22.689
10/11/2024,14:00,14.552
10/11/2024,15:00,14.104
10/11/2024,16:00,10.566
10/11/2024,17:00,5.66
10/11/2024,18:00,7.925
10/11/2024,19:00,7.618
10/11/2024,20:00,6.675
10/11/2024,21:00,4.528
10/11/2024,22:00,5.189
10/11/2024,23:00,6.958
10/11/2024,24:00:00,7.311
11/11/2024,01:00,7.241
11/11/2024,02:00,6.769
11/11/2024,03:00,6.344
11/11/2024,04:00,5.849
11/11/2024,05:00,5.377
11/11/2024,06:00,5.755
11/11/2024,07:00,6.203
11/11/2024,08:00,6.651
11/11/2024,09:00,6.934
11/11/2024,10:00,7.123
11/11/2024,11:00,6.274
11/11/2024,12:00,6.132
11/11/2024,13:00,6.769
11/11/2024,14:00,6.321
11/11/2024,15:00,6.486
11/11/2024,16:00,6.91
11/11/2024,17:00,7.901
11/11/2024,18:00,11.226
11/11/2024,19:00,11.203
11/11/2024,20:00,11.203
11/11/2024,21:00,10.826
11/11/2024,22:00,9.906
11/11/2024,23:00,7.783
11/11/2024,24:00:00,6.887
12/11/2024,01:00,6.533
12/11/2024,02:00,6.297
12/11/2024,03:00,6.769
12/11/2024,04:00,5.448
12/11/2024,05:00,5.59
12/11/2024,06:00,5.708
12/11/2024,07:00,6.344
12/11/2024,08:00,6.533
12/11/2024,09:00,7.264
12/11/2024,10:00,8.491
12/11/2024,11:00,10.731
12/11/2024,12:00,10
12/11/2024,13:00,10.283
12/11/2024,14:00,11.392
12/11/2024,15:00,10.684
12/11/2024,16:00,10.354
12/11/2024,17:00,13.349
12/11/2024,18:00,14.269
12/11/2024,19:00,16.109
12/11/2024,20:00,17.712
12/11/2024,21:00,19.293
12/11/2024,22:00,17.099
12/11/2024,23:00,15.448
12/11/2024,24:00:00,14.505
13/11/2024,01:00,13.538
13/11/2024,02:00,11.863
13/11/2024,03:00,10.873
13/11/2024,04:00,9.222
13/11/2024,05:00,7.476
13/11/2024,06:00,7.83
13/11/2024,07:00,10.849
13/11/2024,08:00,12.5
13/11/2024,09:00,12.052
13/11/2024,10:00,17.854
13/11/2024,11:00,20.024
13/11/2024,12:00,16.557
13/11/2024,13:00,11.179
13/11/2024,14:00,5.425
13/11/2024,15:00,10.118
13/11/2024,16:00,16.816
13/11/2024,17:00,14.363
13/11/2024,18:00,10.071
13/11/2024,19:00,13.09
13/11/2024,20:00,9.835
13/11/2024,21:00,8.349
13/11/2024,22:00,6.462
13/11/2024,23:00,3.302
13/11/2024,24:00:00,2.406
14/11/2024,01:00,2.571
14/11/2024,02:00,2.665
14/11/2024,03:00,3.42
14/11/2024,04:00,4.08
14/11/2024,05:00,5.236
14/11/2024,06:00,7.052
14/11/2024,07:00,8.137
14/11/2024,08:00,7.099
14/11/2024,09:00,6.981
14/11/2024,10:00,6.698
14/11/2024,11:00,5.873
14/11/2024,12:00,6.792
14/11/2024,13:00,8.208
14/11/2024,14:00,8.302
14/11/2024,15:00,8.679
14/11/2024,16:00,8.42
14/11/2024,17:00,8.609
14/11/2024,18:00,10.92
14/11/2024,19:00,21.627
14/11/2024,20:00,31.981
14/11/2024,21:00,25.236
14/11/2024,22:00,18.561
14/11/2024,23:00,19.127
14/11/2024,24:00:00,16.934
15/11/2024,01:00,18.892
15/11/2024,02:00,19.293
15/11/2024,03:00,16.675
15/11/2024,04:00,17.005
15/11/2024,05:00,16.698
15/11/2024,06:00,16.462
15/11/2024,07:00,15.59
15/11/2024,08:00,16.91
15/11/2024,09:00,24.269
15/11/2024,10:00,25.307
15/11/2024,11:00,16.061
15/11/2024,12:00,5.708
15/11/2024,13:00,4.859
15/11/2024,14:00,4.953
15/11/2024,15:00,5.118
15/11/2024,16:00,2.925
15/11/2024,17:00,4.292
15/11/2024,18:00,3.302
15/11/2024,19:00,2.642
15/11/2024,20:00,4.505
15/11/2024,21:00,4.198
15/11/2024,22:00,4.222
15/11/2024,23:00,4.646
15/11/2024,24:00:00,3.821
16/11/2024,01:00,3.16
16/11/2024,02:00,2.783
16/11/2024,03:00,2.642
16/11/2024,04:00,1.651
16/11/2024,05:00,1.321
16/11/2024,06:00,1.274
16/11/2024,07:00,1.274
16/11/2024,08:00,1.25
16/11/2024,09:00,1.745
16/11/2024,10:00,2.359
16/11/2024,11:00,1.297
16/11/2024,12:00,2.736
16/11/2024,13:00,4.953
16/11/2024,14:00,5.401
16/11/2024,15:00,6.061
16/11/2024,16:00,7.547
16/11/2024,17:00,8.208
16/11/2024,18:00,8.066
16/11/2024,19:00,7.594
16/11/2024,20:00,6.722
16/11/2024,21:00,6.038
16/11/2024,22:00,3.373
16/11/2024,23:00,2.005
16/11/2024,24:00:00,2.594
17/11/2024,01:00,1.84
17/11/2024,02:00,1.958
17/11/2024,03:00,1.84
17/11/2024,04:00,1.863
17/11/2024,05:00,1.722
17/11/2024,06:00,2.217
17/11/2024,07:00,2.476
17/11/2024,08:00,2.901
17/11/2024,09:00,2.618
17/11/2024,10:00,2.783
17/11/2024,11:00,2.406
17/11/2024,12:00,2.476
17/11/2024,13:00,2.665
17/11/2024,14:00,3.561
17/11/2024,15:00,3.255
17/11/2024,16:00,3.042
17/11/2024,17:00,2.547
17/11/2024,18:00,3.019
17/11/2024,19:00,4.316
17/11/2024,20:00,3.514
17/11/2024,21:00,6.085
17/11/2024,22:00,2.712
17/11/2024,23:00,3.774
17/11/2024,24:00:00,5.189
18/11/2024,01:00,5.047
18/11/2024,02:00,4.882
18/11/2024,03:00,7.594
18/11/2024,04:00,7.807
18/11/2024,05:00,5.542
18/11/2024,06:00,5.755
18/11/2024,07:00,5.259
18/11/2024,08:00,4.788
18/11/2024,09:00,6.25
18/11/2024,10:00,7.476
18/11/2024,11:00,4.222
18/11/2024,12:00,3.42
18/11/2024,13:00,3.349
18/11/2024,14:00,4.057
18/11/2024,15:00,4.316
18/11/2024,16:00,4.882
18/11/2024,17:00,5.094
18/11/2024,18:00,7.618
18/11/2024,19:00,6.297
18/11/2024,20:00,6.368
18/11/2024,21:00,8.561
18/11/2024,22:00,4.882
18/11/2024,23:00,3.868
18/11/2024,24:00:00,4.458
19/11/2024,01:00,5.236
19/11/2024,02:00,4.316
19/11/2024,03:00,6.439
19/11/2024,04:00,6.156
19/11/2024,05:00,5.283
19/11/2024,06:00,6.085
19/11/2024,07:00,8.066
19/11/2024,08:00,8.514
19/11/2024,09:00,8.491
19/11/2024,10:00,7.948
19/11/2024,11:00,6.816
19/11/2024,12:00,6.014
19/11/2024,13:00,4.953
19/11/2024,14:00,4.788
19/11/2024,15:00,4.575
19/11/2024,16:00,13.443
19/11/2024,17:00,18.868
19/11/2024,18:00,8.443
19/11/2024,19:00,5.849
19/11/2024,20:00,4.67
19/11/2024,21:00,3.137
19/11/2024,22:00,2.311
19/11/2024,23:00,2.241
19/11/2024,24:00:00,2.406
20/11/2024,01:00,1.557
20/11/2024,02:00,1.179
20/11/2024,03:00,1.509
20/11/2024,04:00,1.226
20/11/2024,05:00,1.109
20/11/2024,06:00,2.146
20/11/2024,07:00,1.745
20/11/2024,08:00,3.019
20/11/2024,09:00,5.071
20/11/2024,10:00,5.637
20/11/2024,11:00,2.406
20/11/2024,12:00,2.901
20/11/2024,13:00,3.325
20/11/2024,14:00,3.585
20/11/2024,15:00,3.679
20/11/2024,16:00,4.033
20/11/2024,17:00,4.481
20/11/2024,18:00,4.811
20/11/2024,19:00,5.189
20/11/2024,20:00,7.17
20/11/2024,21:00,6.675
20/11/2024,22:00,4.387
20/11/2024,23:00,3.962
20/11/2024,24:00:00,4.434
21/11/2024,01:00,5.637
21/11/2024,02:00,4.363
21/11/2024,03:00,2.948
21/11/2024,04:00,3.137
21/11/2024,05:00,3.208
21/11/2024,06:00,3.019
21/11/2024,07:00,4.976
21/11/2024,08:00,7.241
21/11/2024,09:00,10.637
21/11/2024,10:00,15.637
21/11/2024,11:00,10.047
21/11/2024,12:00,5.377
21/11/2024,13:00,4.505
21/11/2024,14:00,4.764
21/11/2024,15:00,5.377
21/11/2024,16:00,5.047
21/11/2024,17:00,5.542
21/11/2024,18:00,5.165
21/11/2024,19:00,6.014
21/11/2024,20:00,1.745
21/11/2024,21:00,1.863
21/11/2024,22:00,2.972
21/11/2024,23:00,4.458
21/11/2024,24:00:00,3.868
22/11/2024,01:00,2.217
22/11/2024,02:00,1.769
22/11/2024,03:00,2.524
22/11/2024,04:00,2.712
22/11/2024,05:00,2.948
22/11/2024,06:00,1.462
22/11/2024,07:00,1.321
22/11/2024,08:00,1.745
22/11/2024,09:00,1.557
22/11/2024,10:00,2.948
22/11/2024,11:00,2.335
22/11/2024,12:00,1.958
22/11/2024,13:00,4.976
22/11/2024,14:00,4.835
22/11/2024,15:00,3.302
22/11/2024,16:00,3.302
22/11/2024,17:00,3.609
22/11/2024,18:00,6.014
22/11/2024,19:00,7.123
22/11/2024,20:00,11.132
22/11/2024,21:00,5.849
22/11/2024,22:00,8.231
22/11/2024,23:00,9.127
22/11/2024,24:00:00,8.703
23/11/2024,01:00,8.231
23/11/2024,02:00,8.302
23/11/2024,03:00,7.854
23/11/2024,04:00,11.203
23/11/2024,05:00,10
23/11/2024,06:00,7.335
23/11/2024,07:00,4.599
23/11/2024,08:00,3.443
23/11/2024,09:00,3.019
23/11/2024,10:00,3.609
23/11/2024,11:00,2.783
23/11/2024,12:00,1.887
23/11/2024,13:00,1.675
23/11/2024,14:00,2.052
23/11/2024,15:00,2.075
23/11/2024,16:00,1.651
23/11/2024,17:00,2.311
23/11/2024,18:00,2.005
23/11/2024,19:00,1.627
23/11/2024,20:00,1.533
23/11/2024,21:00,1.792
23/11/2024,22:00,2.995
23/11/2024,23:00,3.915
23/11/2024,24:00:00,2.759
24/11/2024,01:00,1.84
24/11/2024,02:00,1.085
24/11/2024,03:00,0.92
24/11/2024,04:00,0.802
24/11/2024,05:00,1.061
24/11/2024,06:00,1.486
24/11/2024,07:00,1.58
24/11/2024,08:00,1.604
24/11/2024,09:00,1.698
24/11/2024,10:00,1.109
24/11/2024,11:00,0.825
24/11/2024,12:00,0.637
24/11/2024,13:00,0.755
24/11/2024,14:00,1.297
24/11/2024,15:00,1.203
24/11/2024,16:00,2.5
24/11/2024,17:00,3.514
24/11/2024,18:00,3.302
24/11/2024,19:00,3.302
24/11/2024,20:00,3.066
24/11/2024,21:00,2.972
24/11/2024,22:00,3.255
24/11/2024,23:00,3.726
24/11/2024,24:00:00,4.788
25/11/2024,01:00,5.495
25/11/2024,02:00,6.109
25/11/2024,03:00,6.297
25/11/2024,04:00,6.745
25/11/2024,05:00,5.849
25/11/2024,06:00,3.373
25/11/2024,07:00,3.892
25/11/2024,08:00,4.717
25/11/2024,09:00,6.085
25/11/2024,10:00,5.967
25/11/2024,11:00,5.778
25/11/2024,12:00,5.731
25/11/2024,13:00,4.811
25/11/2024,14:00,3.42
25/11/2024,15:00,3.726
25/11/2024,16:00,3.609
25/11/2024,17:00,3.491
25/11/2024,18:00,2.807
25/11/2024,19:00,2.5
25/11/2024,20:00,2.995
25/11/2024,21:00,3.561
25/11/2024,22:00,4.269
25/11/2024,23:00,3.939
25/11/2024,24:00:00,2.736
26/11/2024,01:00,2.618
26/11/2024,02:00,3.208
26/11/2024,03:00,3.066
26/11/2024,04:00,2.618
26/11/2024,05:00,3.467
26/11/2024,06:00,2.995
26/11/2024,07:00,3.561
26/11/2024,08:00,7.618
26/11/2024,09:00,6.769
26/11/2024,10:00,3.821
26/11/2024,11:00,4.363
26/11/2024,12:00,4.693
26/11/2024,13:00,4.693
26/11/2024,14:00,4.788
26/11/2024,15:00,5.495
26/11/2024,16:00,5.566
26/11/2024,17:00,6.981
26/11/2024,18:00,7.736
26/11/2024,19:00,9.646
26/11/2024,20:00,15.778
26/11/2024,21:00,21.109
26/11/2024,22:00,23.066
26/11/2024,23:00,15.613
26/11/2024,24:00:00,18.892
27/11/2024,01:00,21.368
27/11/2024,02:00,22.146
27/11/2024,03:00,18.16
27/11/2024,04:00,16.604
27/11/2024,05:00,18.892
27/11/2024,06:00,18.585
27/11/2024,07:00,16.297
27/11/2024,08:00,16.58
27/11/2024,09:00,16.486
27/11/2024,10:00,11.934
27/11/2024,11:00,8.679
27/11/2024,12:00,7.594
27/11/2024,13:00,7.972
27/11/2024,14:00,5.307
27/11/2024,15:00,4.175
27/11/2024,16:00,3.09
27/11/2024,17:00,3.467
27/11/2024,18:00,3.019
27/11/2024,19:00,3.467
27/11/2024,20:00,5.566
27/11/2024,21:00,6.981
27/11/2024,22:00,4.953
27/11/2024,23:00,4.976
27/11/2024,24:00:00,4.057
28/11/2024,01:00,2.925
28/11/2024,02:00,3.042
28/11/2024,03:00,3.915
28/11/2024,04:00,3.373
28/11/2024,05:00,2.948
28/11/2024,06:00,3.821
28/11/2024,07:00,6.061
28/11/2024,08:00,7.618
28/11/2024,09:00,10.566
28/11/2024,10:00,17.005
28/11/2024,11:00,13.208
28/11/2024,12:00,8.184
28/11/2024,13:00,11.627
28/11/2024,14:00,8.609
28/11/2024,15:00,8.679
28/11/2024,16:00,8.986
28/11/2024,17:00,9.764
28/11/2024,18:00,10.637
28/11/2024,19:00,11.486
28/11/2024,20:00,10.66
28/11/2024,21:00,11.203
28/11/2024,22:00,11.887
28/11/2024,23:00,15.708
28/11/2024,24:00:00,18.043
29/11/2024,01:00,15.071
29/11/2024,02:00,13.585
29/11/2024,03:00,12.925
29/11/2024,04:00,11.533
29/11/2024,05:00,10.967
29/11/2024,06:00,11.439
29/11/2024,07:00,12.547
29/11/2024,08:00,13.019
29/11/2024,09:00,11.486
29/11/2024,10:00,14.198
29/11/2024,11:00,8.491
29/11/2024,12:00,8.726
29/11/2024,13:00,9.693
29/11/2024,14:00,8.09
29/11/2024,15:00,6.109
29/11/2024,16:00,6.745
29/11/2024,17:00,7.429
29/11/2024,18:00,8.113
29/11/2024,19:00,11.651
29/11/2024,20:00,8.349
29/11/2024,21:00,7.524
29/11/2024,22:00,7.005
29/11/2024,23:00,10.59
29/11/2024,24:00:00,6.651
30/11/2024,01:00,7.736
30/11/2024,02:00,8.656
30/11/2024,03:00,10.401
30/11/2024,04:00,12.854
30/11/2024,05:00,16.156
30/11/2024,06:00,15.236
30/11/2024,07:00,15.613
30/11/2024,08:00,12.052
30/11/2024,09:00,8.75
30/11/2024,10:00,7.193
30/11/2024,11:00,6.816
30/11/2024,12:00,10.189
30/11/2024,13:00,3.797
30/11/2024,14:00,5.731
30/11/2024,15:00,9.34
30/11/2024,16:00,4.623
30/11/2024,17:00,4.859
30/11/2024,18:00,8.373
30/11/2024,19:00,7.17
30/11/2024,20:00,7.925
30/11/2024,21:00,6.25
30/11/2024,22:00,23.609
30/11/2024,23:00,14.623
30/11/2024,24:00:00,9.08
01/12/2024,01:00,15.236
01/12/2024,02:00,12.5
01/12/2024,03:00,14.104
01/12/2024,04:00,24.646
01/12/2024,05:00,9.175
01/12/2024,06:00,8.255
01/12/2024,07:00,5.118
01/12/2024,08:00,16.604
01/12/2024,09:00,13.255
01/12/2024,10:00,5.59
01/12/2024,11:00,6.462
01/12/2024,12:00,6.958
01/12/2024,13:00,3.184
01/12/2024,14:00,2.547
01/12/2024,15:00,2.359
01/12/2024,16:00,2.288
01/12/2024,17:00,2.099
01/12/2024,18:00,2.335
01/12/2024,19:00,3.066
01/12/2024,20:00,3.349
01/12/2024,21:00,3.609
01/12/2024,22:00,2.571
01/12/2024,23:00,2.028
01/12/2024,24:00:00,1.368
02/12/2024,01:00,1.061
02/12/2024,02:00,0.92
02/12/2024,03:00,1.132
02/12/2024,04:00,1.863
02/12/2024,05:00,1.745
02/12/2024,06:00,1.887
02/12/2024,07:00,2.335
02/12/2024,08:00,3.443
02/12/2024,09:00,3.868
02/12/2024,10:00,2.665
02/12/2024,11:00,2.524
02/12/2024,12:00,1.627
02/12/2024,13:00,1.91
02/12/2024,14:00,2.241
02/12/2024,15:00,3.561
02/12/2024,16:00,3.16
02/12/2024,17:00,3.538
02/12/2024,18:00,4.67
02/12/2024,19:00,5.283
02/12/2024,20:00,4.788
02/12/2024,21:00,8.632
02/12/2024,22:00,4.859
02/12/2024,23:00,4.811
02/12/2024,24:00:00,3.75
03/12/2024,01:00,1.91
03/12/2024,02:00,1.792
03/12/2024,03:00,2.123
03/12/2024,04:00,2.877
03/12/2024,05:00,2.925
03/12/2024,06:00,3.632
03/12/2024,07:00,5.024
03/12/2024,08:00,7.524
03/12/2024,09:00,8.561
03/12/2024,10:00,9.882
03/12/2024,11:00,13.443
03/12/2024,12:00,12.618
03/12/2024,13:00,12.736
03/12/2024,14:00,8.868
03/12/2024,15:00,7.5
03/12/2024,16:00,7.901
03/12/2024,17:00,6.84
03/12/2024,18:00,8.609
03/12/2024,19:00,9.882
03/12/2024,20:00,12.759
03/12/2024,21:00,17.076
03/12/2024,22:00,18.538
03/12/2024,23:00,16.344
03/12/2024,24:00:00,17.83
04/12/2024,01:00,8.939
04/12/2024,02:00,5.849
04/12/2024,03:00,4.175
04/12/2024,04:00,6.392
04/12/2024,05:00,8.019
04/12/2024,06:00,7.807
04/12/2024,07:00,9.811
04/12/2024,08:00,11.557
04/12/2024,09:00,12.594
04/12/2024,10:00,14.316
04/12/2024,11:00,15.094
04/12/2024,12:00,14.717
04/12/2024,13:00,8.302
04/12/2024,14:00,8.255
04/12/2024,15:00,8.42
04/12/2024,16:00,12.453
04/12/2024,17:00,11.604
04/12/2024,18:00,15.495
04/12/2024,19:00,15.377
04/12/2024,20:00,10.495
04/12/2024,21:00,7.665
04/12/2024,22:00,4.906
04/12/2024,23:00,4.104
04/12/2024,24:00:00,3.255
05/12/2024,01:00,1.58
05/12/2024,02:00,1.274
05/12/2024,03:00,1.156
05/12/2024,04:00,1.156
05/12/2024,05:00,1.698
05/12/2024,06:00,1.934
05/12/2024,07:00,3.538
05/12/2024,08:00,7.193
05/12/2024,09:00,6.462
05/12/2024,10:00,6.179
05/12/2024,11:00,4.175
05/12/2024,12:00,3.443
05/12/2024,13:00,5.283
05/12/2024,14:00,5.755
05/12/2024,15:00,3.703
05/12/2024,16:00,6.344
05/12/2024,17:00,3.514
05/12/2024,18:00,1.604
05/12/2024,19:00,2.359
05/12/2024,20:00,3.255
05/12/2024,21:00,4.316
05/12/2024,22:00,4.151
05/12/2024,23:00,3.113
05/12/2024,24:00:00,2.311
06/12/2024,01:00,5.212
06/12/2024,02:00,7.123
06/12/2024,03:00,7.948
06/12/2024,04:00,7.642
06/12/2024,05:00,7.311
06/12/2024,06:00,6.392
06/12/2024,07:00,6.486
06/12/2024,08:00,5.212
06/12/2024,09:00,4.41
06/12/2024,10:00,5.637
06/12/2024,11:00,6.557
06/12/2024,12:00,7.877
06/12/2024,13:00,8.986
06/12/2024,14:00,9.906
06/12/2024,15:00,7.052
06/12/2024,16:00,6.958
06/12/2024,17:00,7.783
06/12/2024,18:00,7.665
06/12/2024,19:00,6.462
06/12/2024,20:00,5.92
06/12/2024,21:00,5.495
06/12/2024,22:00,4.175
06/12/2024,23:00,2.241
06/12/2024,24:00:00,0.873
07/12/2024,01:00,1.604
07/12/2024,02:00,2.972
07/12/2024,03:00,3.137
07/12/2024,04:00,1.863
07/12/2024,05:00,0.66
07/12/2024,06:00,1.014
07/12/2024,07:00,0.849
07/12/2024,08:00,1.132
07/12/2024,09:00,1.014
07/12/2024,10:00,0.896
07/12/2024,11:00,0.943
07/12/2024,12:00,0.873
07/12/2024,13:00,0.59
07/12/2024,14:00,0.755
07/12/2024,15:00,0.613
07/12/2024,16:00,0.59
07/12/2024,17:00,0.59
07/12/2024,18:00,0.66
07/12/2024,19:00,0.92
07/12/2024,20:00,0.755
07/12/2024,21:00,0.755
07/12/2024,22:00,1.392
07/12/2024,23:00,1.509
07/12/2024,24:00:00,3.278
08/12/2024,01:00,2.925
08/12/2024,02:00,2.406
08/12/2024,03:00,1.203
08/12/2024,04:00,1.675
08/12/2024,05:00,2.476
08/12/2024,06:00,2.759
08/12/2024,07:00,4.127
08/12/2024,08:00,6.156
08/12/2024,09:00,5.283
08/12/2024,10:00,4.835
08/12/2024,11:00,4.505
08/12/2024,12:00,4.481
08/12/2024,13:00,3.821
08/12/2024,14:00,3.09
08/12/2024,15:00,2.005
08/12/2024,16:00,3.09
08/12/2024,17:00,4.316
08/12/2024,18:00,4.292
08/12/2024,19:00,4.104
08/12/2024,20:00,3.892
08/12/2024,21:00,4.41
08/12/2024,22:00,4.481
08/12/2024,23:00,5.283
08/12/2024,24:00:00,5.519
09/12/2024,01:00,4.976
09/12/2024,02:00,5.448
09/12/2024,03:00,4.646
09/12/2024,04:00,4.104
09/12/2024,05:00,3.939
09/12/2024,06:00,3.797
09/12/2024,07:00,4.033
09/12/2024,08:00,4.764
09/12/2024,09:00,4.528
09/12/2024,10:00,3.986
09/12/2024,11:00,4.198
09/12/2024,12:00,4.269
09/12/2024,13:00,3.939
09/12/2024,14:00,4.269
09/12/2024,15:00,4.575
09/12/2024,16:00,5.59
09/12/2024,17:00,5.66
09/12/2024,18:00,5.118
09/12/2024,19:00,4.175
09/12/2024,20:00,4.929
09/12/2024,21:00,4.811
09/12/2024,22:00,5.212
09/12/2024,23:00,5.566
09/12/2024,24:00:00,5.401
10/12/2024,01:00,5.566
10/12/2024,02:00,5.165
10/12/2024,03:00,5.236
10/12/2024,04:00,5.307
10/12/2024,05:00,5.354
10/12/2024,06:00,5.236
10/12/2024,07:00,5.118
10/12/2024,08:00,5.189
10/12/2024,09:00,8.986
10/12/2024,10:00,5.92
10/12/2024,11:00,7.264
10/12/2024,12:00,6.226
10/12/2024,13:00,5.66
10/12/2024,14:00,4.764
10/12/2024,15:00,5.472
10/12/2024,16:00,4.764
10/12/2024,17:00,4.033
10/12/2024,18:00,3.491
10/12/2024,19:00,4.127
10/12/2024,20:00,3.868
10/12/2024,21:00,4.292
10/12/2024,22:00,4.175
10/12/2024,23:00,4.623
10/12/2024,24:00:00,4.009
11/12/2024,01:00,3.986
11/12/2024,02:00,4.033
11/12/2024,03:00,4.057
11/12/2024,04:00,3.986
11/12/2024,05:00,4.08
11/12/2024,06:00,4.41
11/12/2024,07:00,4.316
11/12/2024,08:00,5.33
11/12/2024,09:00,6.462
11/12/2024,10:00,9.34
11/12/2024,11:00,7.335
11/12/2024,12:00,8.797
11/12/2024,13:00,6.58
11/12/2024,14:00,7.642
11/12/2024,15:00,8.42
11/12/2024,16:00,7.995
11/12/2024,17:00,6.109
11/12/2024,18:00,5.047
11/12/2024,19:00,5.307
11/12/2024,20:00,6.203
11/12/2024,21:00,6.132
11/12/2024,22:00,5.59
11/12/2024,23:00,6.604
11/12/2024,24:00:00,10.307
12/12/2024,01:00,9.293
12/12/2024,02:00,8.208
12/12/2024,03:00,6.533
12/12/2024,04:00,6.792
12/12/2024,05:00,8.09
12/12/2024,06:00,8.632
12/12/2024,07:00,6.722
12/12/2024,08:00,7.877
12/12/2024,09:00,13.514
12/12/2024,10:00,13.514
12/12/2024,11:00,13.066
12/12/2024,12:00,13.302
12/12/2024,13:00,12.807
12/12/2024,14:00,11.627
12/12/2024,15:00,11.486
12/12/2024,16:00,12.759
12/12/2024,17:00,11.509
12/12/2024,18:00,11.038
12/12/2024,19:00,12.759
12/12/2024,20:00,9.835
12/12/2024,21:00,5.165
12/12/2024,22:00,6.109
12/12/2024,23:00,6.061
12/12/2024,24:00:00,5.519
13/12/2024,01:00,2.972
13/12/2024,02:00,3.09
13/12/2024,03:00,3.868
13/12/2024,04:00,6.085
13/12/2024,05:00,7.665
13/12/2024,06:00,9.481
13/12/2024,07:00,10.377
13/12/2024,08:00,10.66
13/12/2024,09:00,11.887
13/12/2024,10:00,14.057
13/12/2024,11:00,16.722
13/12/2024,12:00,14.929
13/12/2024,13:00,12.193
13/12/2024,14:00,9.528
13/12/2024,15:00,10.849
13/12/2024,16:00,11.014
13/12/2024,17:00,8.939
13/12/2024,18:00,9.08
13/12/2024,19:00,10.33
13/12/2024,20:00,9.646
13/12/2024,21:00,11.274
13/12/2024,22:00,12.241
13/12/2024,23:00,12.17
13/12/2024,24:00:00,9.953
14/12/2024,01:00,6.745
14/12/2024,02:00,7.618
14/12/2024,03:00,6.415
14/12/2024,04:00,3.632
14/12/2024,05:00,4.08
14/12/2024,06:00,4.387
14/12/2024,07:00,2.925
14/12/2024,08:00,1.981
14/12/2024,09:00,2.075
14/12/2024,10:00,2.217
14/12/2024,11:00,2.359
14/12/2024,12:00,2.17
14/12/2024,13:00,2.995
14/12/2024,14:00,3.208
14/12/2024,15:00,2.901
14/12/2024,16:00,3.373
14/12/2024,17:00,3.373
14/12/2024,18:00,3.821
14/12/2024,19:00,3.821
14/12/2024,20:00,2.948
14/12/2024,21:00,1.651
14/12/2024,22:00,1.698
14/12/2024,23:00,3.939
14/12/2024,24:00:00,3.184
15/12/2024,01:00,0.92
15/12/2024,02:00,0.802
15/12/2024,03:00,0.33
15/12/2024,04:00,0.33
15/12/2024,05:00,0.519
15/12/2024,06:00,0.943
15/12/2024,07:00,0.708
15/12/2024,08:00,1.321
15/12/2024,09:00,1.297
15/12/2024,10:00,1.722
15/12/2024,11:00,1.321
15/12/2024,12:00,1.179
15/12/2024,13:00,0.991
15/12/2024,14:00,0.943
15/12/2024,15:00,1.179
15/12/2024,16:00,1.344
15/12/2024,17:00,2.594
15/12/2024,18:00,4.976
15/12/2024,19:00,3.797
15/12/2024,20:00,2.123
15/12/2024,21:00,2.311
15/12/2024,22:00,2.075
15/12/2024,23:00,1.226
15/12/2024,24:00:00,1.934
16/12/2024,01:00,2.429
16/12/2024,02:00,2.311
16/12/2024,03:00,2.028
16/12/2024,04:00,1.863
16/12/2024,05:00,1.344
16/12/2024,06:00,1.486
16/12/2024,07:00,1.792
16/12/2024,08:00,2.123
16/12/2024,09:00,3.231
16/12/2024,10:00,3.726
16/12/2024,11:00,3.75
16/12/2024,12:00,3.491
16/12/2024,13:00,3.703
16/12/2024,14:00,3.538
16/12/2024,15:00,3.679
16/12/2024,16:00,4.269
16/12/2024,17:00,4.953
16/12/2024,18:00,5.024
16/12/2024,19:00,4.505
16/12/2024,20:00,4.292
16/12/2024,21:00,4.575
16/12/2024,22:00,5.59
16/12/2024,23:00,4.033
16/12/2024,24:00:00,3.632
17/12/2024,01:00,3.726
17/12/2024,02:00,3.184
17/12/2024,03:00,3.16
17/12/2024,04:00,3.302
17/12/2024,05:00,2.712
17/12/2024,06:00,3.349
17/12/2024,07:00,5.047
17/12/2024,08:00,6.816
17/12/2024,09:00,8.231
17/12/2024,10:00,21.132
17/12/2024,11:00,20.047
17/12/2024,12:00,11.179
17/12/2024,13:00,12.594
17/12/2024,14:00,7.547
17/12/2024,15:00,5.165
17/12/2024,16:00,4.693
17/12/2024,17:00,4.481
17/12/2024,18:00,5.259
17/12/2024,19:00,5.495
17/12/2024,20:00,6.58
17/12/2024,21:00,6.297
17/12/2024,22:00,6.156
17/12/2024,23:00,6.321
17/12/2024,24:00:00,5.849
18/12/2024,01:00,7.335
18/12/2024,02:00,4.575
18/12/2024,03:00,2.476
18/12/2024,04:00,1.014
18/12/2024,05:00,1.038
18/12/2024,06:00,0.755
18/12/2024,07:00,0.802
18/12/2024,08:00,0.708
18/12/2024,09:00,1.179
18/12/2024,10:00,0.991
18/12/2024,11:00,1.557
18/12/2024,12:00,1.533
18/12/2024,13:00,2.406
18/12/2024,14:00,2.689
18/12/2024,15:00,2.83
18/12/2024,16:00,4.127
18/12/2024,17:00,6.368
18/12/2024,18:00,5.071
18/12/2024,19:00,5.189
18/12/2024,20:00,7.288
18/12/2024,21:00,8.75
18/12/2024,22:00,3.443
18/12/2024,23:00,2.995
18/12/2024,24:00:00,2.264
19/12/2024,01:00,2.594
19/12/2024,02:00,1.792
19/12/2024,03:00,1.109
19/12/2024,04:00,1.981
19/12/2024,05:00,2.264
19/12/2024,06:00,2.335
19/12/2024,07:00,1.58
19/12/2024,08:00,1.863
19/12/2024,09:00,2.075
19/12/2024,10:00,1.792
19/12/2024,11:00,1.934
19/12/2024,12:00,2.075
19/12/2024,13:00,2.123
19/12/2024,14:00,2.241
19/12/2024,15:00,2.476
19/12/2024,16:00,2.807
19/12/2024,17:00,2.995
19/12/2024,18:00,3.373
19/12/2024,19:00,3.703
19/12/2024,20:00,3.137
19/12/2024,21:00,3.019
19/12/2024,22:00,3.656
19/12/2024,23:00,3.679
19/12/2024,24:00:00,4.717
20/12/2024,01:00,5.047
20/12/2024,02:00,4.811
20/12/2024,03:00,5.448
20/12/2024,04:00,5.071
20/12/2024,05:00,7.193
20/12/2024,06:00,6.132
20/12/2024,07:00,4.552
20/12/2024,08:00,8.066
20/12/2024,09:00,11.415
20/12/2024,10:00,4.693
20/12/2024,11:00,9.481
20/12/2024,12:00,2.972
20/12/2024,13:00,2.642
20/12/2024,14:00,2.736
20/12/2024,15:00,2.736
20/12/2024,16:00,1.887
20/12/2024,17:00,2.759
20/12/2024,18:00,4.363
20/12/2024,19:00,5.094
20/12/2024,20:00,5.802
20/12/2024,21:00,5.731
20/12/2024,22:00,5.425
20/12/2024,23:00,6.226
20/12/2024,24:00:00,5.33
21/12/2024,01:00,5.684
21/12/2024,02:00,5.896
21/12/2024,03:00,5.212
21/12/2024,04:00,4.434
21/12/2024,05:00,4.009
21/12/2024,06:00,4.222
21/12/2024,07:00,3.514
21/12/2024,08:00,2.5
21/12/2024,09:00,1.698
21/12/2024,10:00,1.344
21/12/2024,11:00,1.439
21/12/2024,12:00,1.792
21/12/2024,13:00,8.16
21/12/2024,14:00,11.981
21/12/2024,15:00,10.684
21/12/2024,16:00,11.132
21/12/2024,17:00,9.693
21/12/2024,18:00,5.991
21/12/2024,19:00,6.226
21/12/2024,20:00,3.656
21/12/2024,21:00,2.948
21/12/2024,22:00,4.528
21/12/2024,23:00,4.929
21/12/2024,24:00:00,6.156
22/12/2024,01:00,4.363
22/12/2024,02:00,4.175
22/12/2024,03:00,3.113
22/12/2024,04:00,3.467
22/12/2024,05:00,4.222
22/12/2024,06:00,4.67
22/12/2024,07:00,4.269
22/12/2024,08:00,3.231
22/12/2024,09:00,4.245
22/12/2024,10:00,3.302
22/12/2024,11:00,3.302
22/12/2024,12:00,4.552
22/12/2024,13:00,2.925
22/12/2024,14:00,2.948
22/12/2024,15:00,5.613
22/12/2024,16:00,7.571
22/12/2024,17:00,12.571
22/12/2024,18:00,13.538
22/12/2024,19:00,12.335
22/12/2024,20:00,12.099
22/12/2024,21:00,10.991
22/12/2024,22:00,9.953
22/12/2024,23:00,9.764
22/12/2024,24:00:00,9.245
23/12/2024,01:00,8.585
23/12/2024,02:00,7.948
23/12/2024,03:00,7.618
23/12/2024,04:00,7.406
23/12/2024,05:00,7.193
23/12/2024,06:00,7.005
23/12/2024,07:00,6.698
23/12/2024,08:00,6.58
23/12/2024,09:00,6.675
23/12/2024,10:00,7.193
23/12/2024,11:00,6.887
23/12/2024,12:00,6.132
23/12/2024,13:00,5.802
23/12/2024,14:00,5.142
23/12/2024,15:00,6.203
23/12/2024,16:00,6.651
23/12/2024,17:00,11.203
23/12/2024,18:00,6.179
23/12/2024,19:00,6.509
23/12/2024,20:00,7.854
23/12/2024,21:00,9.741
23/12/2024,22:00,9.835
23/12/2024,23:00,9.434
23/12/2024,24:00:00,8.703
24/12/2024,01:00,12.642
24/12/2024,02:00,6.509
24/12/2024,03:00,1.887
24/12/2024,04:00,1.58
24/12/2024,05:00,1.462
24/12/2024,06:00,1.958
24/12/2024,07:00,1.25
24/12/2024,08:00,1.156
24/12/2024,09:00,1.745
24/12/2024,10:00,0.92
24/12/2024,11:00,1.415
24/12/2024,12:00,0.943
24/12/2024,13:00,1.203
24/12/2024,14:00,1.958
24/12/2024,15:00,3.726
24/12/2024,16:00,4.741
24/12/2024,17:00,3.939
24/12/2024,18:00,6.863
24/12/2024,19:00,6.816
24/12/2024,20:00,6.651
24/12/2024,21:00,9.057
24/12/2024,22:00,12.759
24/12/2024,23:00,11.132
24/12/2024,24:00:00,8.042
25/12/2024,01:00,5.731
25/12/2024,02:00,2.972
25/12/2024,03:00,1.934
25/12/2024,04:00,7.618
25/12/2024,05:00,9.599
25/12/2024,06:00,5.212
25/12/2024,07:00,4.033
25/12/2024,08:00,2.5
25/12/2024,09:00,3.75
25/12/2024,10:00,3.278
25/12/2024,11:00,4.41
25/12/2024,12:00,1.722
25/12/2024,13:00,2.052
25/12/2024,14:00,2.429
25/12/2024,15:00,2.618
25/12/2024,16:00,2.123
25/12/2024,17:00,4.788
25/12/2024,18:00,8.844
25/12/2024,19:00,13.892
25/12/2024,20:00,15.967
25/12/2024,21:00,13.939
25/12/2024,22:00,12.146
25/12/2024,23:00,10.118
25/12/2024,24:00:00,9.552
26/12/2024,01:00,11.651
26/12/2024,02:00,10.708
26/12/2024,03:00,12.311
26/12/2024,04:00,12.736
26/12/2024,05:00,11.627
26/12/2024,06:00,10.873
26/12/2024,07:00,10.991
26/12/2024,08:00,11.486
26/12/2024,09:00,12.948
26/12/2024,10:00,10.991
26/12/2024,11:00,12.17
26/12/2024,12:00,11.509
26/12/2024,13:00,14.859
26/12/2024,14:00,10.094
26/12/2024,15:00,7.759
26/12/2024,16:00,9.693
26/12/2024,17:00,10.873
26/12/2024,18:00,12.877
26/12/2024,19:00,10.425
26/12/2024,20:00,9.151
26/12/2024,21:00,9.552
26/12/2024,22:00,8.726
26/12/2024,23:00,7.972
26/12/2024,24:00:00,7.83
27/12/2024,01:00,8.373
27/12/2024,02:00,9.269
27/12/2024,03:00,6.863
27/12/2024,04:00,6.203
27/12/2024,05:00,5.92
27/12/2024,06:00,7.335
27/12/2024,07:00,4.481
27/12/2024,08:00,3.561
27/12/2024,09:00,3.467
27/12/2024,10:00,3.443
27/12/2024,11:00,4.505
27/12/2024,12:00,9.222
27/12/2024,13:00,11.415
27/12/2024,14:00,9.717
27/12/2024,15:00,10.519
27/12/2024,16:00,10.896
27/12/2024,17:00,12.476
27/12/2024,18:00,11.368
27/12/2024,19:00,12.689
27/12/2024,20:00,11.344
27/12/2024,21:00,12.406
27/12/2024,22:00,12.594
27/12/2024,23:00,11.863
27/12/2024,24:00:00,11.297
28/12/2024,01:00,12.712
28/12/2024,02:00,17.217
28/12/2024,03:00,20.684
28/12/2024,04:00,17.712
28/12/2024,05:00,15.943
28/12/2024,06:00,14.363
28/12/2024,07:00,13.396
28/12/2024,08:00,9.646
28/12/2024,09:00,8.585
28/12/2024,10:00,11.038
28/12/2024,11:00,7.264
28/12/2024,12:00,8.514
28/12/2024,13:00,8.16
28/12/2024,14:00,9.387
28/12/2024,15:00,9.387
28/12/2024,16:00,12.193
28/12/2024,17:00,14.293
28/12/2024,18:00,10.212
28/12/2024,19:00,5.755
28/12/2024,20:00,4.906
28/12/2024,21:00,7.712
28/12/2024,22:00,9.835
28/12/2024,23:00,10.307
28/12/2024,24:00:00,8.42
29/12/2024,01:00,3.302
29/12/2024,02:00,1.863
29/12/2024,03:00,2.925
29/12/2024,04:00,4.34
29/12/2024,05:00,3.797
29/12/2024,06:00,2.524
29/12/2024,07:00,2.288
29/12/2024,08:00,2.524
29/12/2024,09:00,2.995
29/12/2024,10:00,3.09
29/12/2024,11:00,4.033
29/12/2024,12:00,4.057
29/12/2024,13:00,3.703
29/12/2024,14:00,3.09
29/12/2024,15:00,4.245
29/12/2024,16:00,4.717
29/12/2024,17:00,3.538
29/12/2024,18:00,1.745
29/12/2024,19:00,1.84
29/12/2024,20:00,2.075
29/12/2024,21:00,2.123
29/12/2024,22:00,2.642
29/12/2024,23:00,2.712
29/12/2024,24:00:00,2.264
30/12/2024,01:00,2.217
30/12/2024,02:00,2.075
30/12/2024,03:00,1.698
30/12/2024,04:00,1.274
30/12/2024,05:00,1.014
30/12/2024,06:00,1.061
30/12/2024,07:00,1.722
30/12/2024,08:00,1.651
30/12/2024,09:00,1.038
30/12/2024,10:00,0.943
30/12/2024,11:00,1.84
30/12/2024,12:00,1.557
30/12/2024,13:00,1.297
30/12/2024,14:00,1.297
30/12/2024,15:00,1.156
30/12/2024,16:00,1.226
30/12/2024,17:00,2.17
30/12/2024,18:00,3.514
30/12/2024,19:00,2.736
30/12/2024,20:00,1.934
30/12/2024,21:00,1.816
30/12/2024,22:00,1.226
30/12/2024,23:00,0.778
30/12/2024,24:00:00,0.519
31/12/2024,01:00,0.637
31/12/2024,02:00,0.825
31/12/2024,03:00,0.873
31/12/2024,04:00,1.109
31/12/2024,05:00,0.755
31/12/2024,06:00,0.542
31/12/2024,07:00,0.566
31/12/2024,08:00,0.59
31/12/2024,09:00,0.849
31/12/2024,10:00,1.321
31/12/2024,11:00,1.934
31/12/2024,12:00,2.17
31/12/2024,13:00,1.84
31/12/2024,14:00,2.264
31/12/2024,15:00,3.066
31/12/2024,16:00,2.689
31/12/2024,17:00,1.863
31/12/2024,18:00,1.816
31/12/2024,19:00,1.627
31/12/2024,20:00,1.462
31/12/2024,21:00,1.203
31/12/2024,22:00,0.943
31/12/2024,23:00,0.991
31/12/2024,24:00:00,0.708
01/01/2025,01:00,1.58
01/01/2025,02:00,0.613
01/01/2025,03:00,0.519
01/01/2025,04:00,0.731
01/01/2025,05:00,0.92
01/01/2025,06:00,0.731
01/01/2025,07:00,0.33
01/01/2025,08:00,0.283
01/01/2025,09:00,0.66
01/01/2025,10:00,2.005
01/01/2025,11:00,2.123
01/01/2025,12:00,2.241
01/01/2025,13:00,2.406
01/01/2025,14:00,2.877
01/01/2025,15:00,1.392
01/01/2025,16:00,2.783
01/01/2025,17:00,2.642
01/01/2025,18:00,1.297
01/01/2025,19:00,2.807
01/01/2025,20:00,4.175
01/01/2025,21:00,6.981
01/01/2025,22:00,6.156
01/01/2025,23:00,4.811
01/01/2025,24:00:00,4.363
02/01/2025,01:00,3.915
02/01/2025,02:00,3.844
02/01/2025,03:00,3.137
02/01/2025,04:00,2.571
02/01/2025,05:00,2.524
02/01/2025,06:00,2.594
02/01/2025,07:00,2.642
02/01/2025,08:00,3.231
02/01/2025,09:00,3.137
02/01/2025,10:00,4.104
02/01/2025,11:00,2.83
02/01/2025,12:00,2.618
02/01/2025,13:00,3.137
02/01/2025,14:00,2.877
02/01/2025,15:00,2.925
02/01/2025,16:00,3.467
02/01/2025,17:00,4.316
02/01/2025,18:00,4.552
02/01/2025,19:00,4.835
02/01/2025,20:00,5.542
02/01/2025,21:00,6.557
02/01/2025,22:00,4.835
02/01/2025,23:00,4.906
02/01/2025,24:00:00,4.575
03/01/2025,01:00,2.759
03/01/2025,02:00,1.84
03/01/2025,03:00,2.099
03/01/2025,04:00,2.264
03/01/2025,05:00,2.665
03/01/2025,06:00,2.594
03/01/2025,07:00,2.901
03/01/2025,08:00,2.901
03/01/2025,09:00,3.16
03/01/2025,10:00,3.726
03/01/2025,11:00,3.632
03/01/2025,12:00,2.689
03/01/2025,13:00,2.877
03/01/2025,14:00,3.892
03/01/2025,15:00,3.042
03/01/2025,16:00,2.948
03/01/2025,17:00,3.255
03/01/2025,18:00,3.373
03/01/2025,19:00,4.104
03/01/2025,20:00,5.967
03/01/2025,21:00,15.118
03/01/2025,22:00,13.137
03/01/2025,23:00,11.627
03/01/2025,24:00:00,7.264
04/01/2025,01:00,7.524
04/01/2025,02:00,9.104
04/01/2025,03:00,8.137
04/01/2025,04:00,10.189
04/01/2025,05:00,10.637
04/01/2025,06:00,9.245
04/01/2025,07:00,8.42
04/01/2025,08:00,9.057
04/01/2025,09:00,11.84
04/01/2025,10:00,10.236
04/01/2025,11:00,11.698
04/01/2025,12:00,10.755
04/01/2025,13:00,8.609
04/01/2025,14:00,6.745
04/01/2025,15:00,10.024
04/01/2025,16:00,13.255
04/01/2025,17:00,11.863
04/01/2025,18:00,17.901
04/01/2025,19:00,20.472
04/01/2025,20:00,17.382
04/01/2025,21:00,14.104
04/01/2025,22:00,12.925
04/01/2025,23:00,11.84
04/01/2025,24:00:00,8.302
05/01/2025,01:00,6.722
05/01/2025,02:00,5.495
05/01/2025,03:00,4.127
05/01/2025,04:00,3.561
05/01/2025,05:00,2.925
05/01/2025,06:00,2.005
05/01/2025,07:00,1.203
05/01/2025,08:00,0.472
05/01/2025,09:00,0.33
05/01/2025,10:00,0.778
05/01/2025,11:00,1.156
05/01/2025,12:00,3.325
05/01/2025,13:00,4.811
05/01/2025,14:00,5.66
05/01/2025,15:00,7.759
05/01/2025,16:00,8.915
05/01/2025,17:00,6.816
05/01/2025,18:00,6.321
05/01/2025,19:00,4.693
05/01/2025,20:00,4.222
05/01/2025,21:00,3.184
05/01/2025,22:00,1.792
05/01/2025,23:00,2.193
05/01/2025,24:00:00,2.571
06/01/2025,01:00,1.698
06/01/2025,02:00,3.278
06/01/2025,03:00,2.17
06/01/2025,04:00,2.359
06/01/2025,05:00,1.25
06/01/2025,06:00,0.425
06/01/2025,07:00,0.472
06/01/2025,08:00,0.849
06/01/2025,09:00,0.873
06/01/2025,10:00,1.132
06/01/2025,11:00,1.509
06/01/2025,12:00,1.368
06/01/2025,13:00,1.462
06/01/2025,14:00,2.712
06/01/2025,15:00,3.42
06/01/2025,16:00,2.972
06/01/2025,17:00,3.797
06/01/2025,18:00,3.797
06/01/2025,19:00,3.797
06/01/2025,20:00,3.349
06/01/2025,21:00,2.524
06/01/2025,22:00,4.269
06/01/2025,23:00,5.212
06/01/2025,24:00:00,5.047
07/01/2025,01:00,5.472
07/01/2025,02:00,1.179
07/01/2025,03:00,1.061
07/01/2025,04:00,1.297
07/01/2025,05:00,1.792
07/01/2025,06:00,2.689
07/01/2025,07:00,3.113
07/01/2025,08:00,5.047
07/01/2025,09:00,7.264
07/01/2025,10:00,8.609
07/01/2025,11:00,8.231
07/01/2025,12:00,6.156
07/01/2025,13:00,3.632
07/01/2025,14:00,3.443
07/01/2025,15:00,3.703
07/01/2025,16:00,5.425
07/01/2025,17:00,4.316
07/01/2025,18:00,4.104
07/01/2025,19:00,3.821
07/01/2025,20:00,3.868
07/01/2025,21:00,3.844
07/01/2025,22:00,4.033
07/01/2025,23:00,4.151
07/01/2025,24:00:00,3.892
08/01/2025,01:00,5.33
08/01/2025,02:00,4.764
08/01/2025,03:00,3.609
08/01/2025,04:00,3.231
08/01/2025,05:00,5.354
08/01/2025,06:00,3.16
08/01/2025,07:00,3.538
08/01/2025,08:00,8.632
08/01/2025,09:00,10.189
08/01/2025,10:00,9.316
08/01/2025,11:00,11.085
08/01/2025,12:00,14.859
08/01/2025,13:00,16.014
08/01/2025,14:00,16.415
08/01/2025,15:00,18.326
08/01/2025,16:00,32.972
08/01/2025,17:00,26.344
08/01/2025,18:00,26.91
08/01/2025,19:00,20.425
08/01/2025,20:00,17.193
08/01/2025,21:00,22.052
08/01/2025,22:00,22.241
08/01/2025,23:00,24.576
08/01/2025,24:00:00,21.627
09/01/2025,01:00,22.076
09/01/2025,02:00,16.462
09/01/2025,03:00,11.722
09/01/2025,04:00,7.406
09/01/2025,05:00,10.708
09/01/2025,06:00,10.047
09/01/2025,07:00,11.085
09/01/2025,08:00,11.179
09/01/2025,09:00,11.745
09/01/2025,10:00,17.193
09/01/2025,11:00,7.901
09/01/2025,12:00,6.274
09/01/2025,13:00,6.203
09/01/2025,14:00,7.288
09/01/2025,15:00,6.934
09/01/2025,16:00,7.854
09/01/2025,17:00,8.019
09/01/2025,18:00,7.972
09/01/2025,19:00,7.925
09/01/2025,20:00,8.278
09/01/2025,21:00,7.311
09/01/2025,22:00,5.92
09/01/2025,23:00,6.698
09/01/2025,24:00:00,8.514
10/01/2025,01:00,7.948
10/01/2025,02:00,7.005
10/01/2025,03:00,7.123
10/01/2025,04:00,5.92
10/01/2025,05:00,4.906
10/01/2025,06:00,5.519
10/01/2025,07:00,6.179
10/01/2025,08:00,7.241
10/01/2025,09:00,10.283
10/01/2025,10:00,13.231
10/01/2025,11:00,17.264
10/01/2025,12:00,8.844
10/01/2025,13:00,8.467
10/01/2025,14:00,7.877
10/01/2025,15:00,9.882
10/01/2025,16:00,10.59
10/01/2025,17:00,12.925
10/01/2025,18:00,16.887
10/01/2025,19:00,17.925
10/01/2025,20:00,20.189
10/01/2025,21:00,21.604
10/01/2025,22:00,26.132
10/01/2025,23:00,23.255
10/01/2025,24:00:00,24.245
11/01/2025,01:00,23.538
11/01/2025,02:00,19.646
11/01/2025,03:00,17.571
11/01/2025,04:00,13.75
11/01/2025,05:00,11.179
11/01/2025,06:00,12.17
11/01/2025,07:00,11.462
11/01/2025,08:00,11.816
11/01/2025,09:00,13.302
11/01/2025,10:00,12.005
11/01/2025,11:00,13.75
11/01/2025,12:00,21.816
11/01/2025,13:00,20.142
11/01/2025,14:00,19.198
11/01/2025,15:00,17.311
11/01/2025,16:00,18.043
11/01/2025,17:00,22.76
11/01/2025,18:00,30.896
11/01/2025,19:00,31.604
11/01/2025,20:00,26.557
11/01/2025,21:00,26.392
11/01/2025,22:00,27.689
11/01/2025,23:00,27.406
11/01/2025,24:00:00,28.774
12/01/2025,01:00,31.604
12/01/2025,02:00,31.038
12/01/2025,03:00,29.906
12/01/2025,04:00,29.481
12/01/2025,05:00,25.684
12/01/2025,06:00,23.915
12/01/2025,07:00,20.472
12/01/2025,08:00,21.109
12/01/2025,09:00,18.373
12/01/2025,10:00,15.519
12/01/2025,11:00,13.396
12/01/2025,12:00,11.816
12/01/2025,13:00,8.679
12/01/2025,14:00,11.509
12/01/2025,15:00,17.594
12/01/2025,16:00,13.42
12/01/2025,17:00,23.467
12/01/2025,18:00,26.91
12/01/2025,19:00,27.5
12/01/2025,20:00,29.34
12/01/2025,21:00,36.439
12/01/2025,22:00,29.741
12/01/2025,23:00,23.444
12/01/2025,24:00:00,18.75
13/01/2025,01:00,12.948
13/01/2025,02:00,10.283
13/01/2025,03:00,10.212
13/01/2025,04:00,11.179
13/01/2025,05:00,7.335
13/01/2025,06:00,6.156
13/01/2025,07:00,5.92
13/01/2025,08:00,5.684
13/01/2025,09:00,6.557
13/01/2025,10:00,7.783
13/01/2025,11:00,7.972
13/01/2025,12:00,4.953
13/01/2025,13:00,5.448
13/01/2025,14:00,6.486
13/01/2025,15:00,6.462
13/01/2025,16:00,6.415
13/01/2025,17:00,5.826
13/01/2025,18:00,5.896
13/01/2025,19:00,5.92
13/01/2025,20:00,6.509
13/01/2025,21:00,7.076
13/01/2025,22:00,7.052
13/01/2025,23:00,7.571
13/01/2025,24:00:00,8.019
14/01/2025,01:00,7.712
14/01/2025,02:00,7.665
14/01/2025,03:00,7.028
14/01/2025,04:00,5.92
14/01/2025,05:00,5.33
14/01/2025,06:00,4.835
14/01/2025,07:00,5.566
14/01/2025,08:00,5.92
14/01/2025,09:00,7.264
14/01/2025,10:00,3.066
14/01/2025,11:00,1.958
14/01/2025,12:00,2.429
14/01/2025,13:00,1.84
14/01/2025,14:00,1.792
14/01/2025,15:00,3.208
14/01/2025,16:00,4.198
14/01/2025,17:00,6.486
14/01/2025,18:00,8.774
14/01/2025,19:00,11.627
14/01/2025,20:00,15.92
14/01/2025,21:00,24.08
14/01/2025,22:00,27.359
14/01/2025,23:00,22.618
14/01/2025,24:00:00,23.585
15/01/2025,01:00,19.552
15/01/2025,02:00,15.755
15/01/2025,03:00,22.547
15/01/2025,04:00,21.415
15/01/2025,05:00,20.189
15/01/2025,06:00,11.156
15/01/2025,07:00,11.769
15/01/2025,08:00,12.83
15/01/2025,09:00,16.793
15/01/2025,10:00,18.349
15/01/2025,11:00,19.859
15/01/2025,12:00,15.708
15/01/2025,13:00,10.401
15/01/2025,14:00,7.877
15/01/2025,15:00,7.476
15/01/2025,16:00,8.019
15/01/2025,17:00,10.071
15/01/2025,18:00,18.278
15/01/2025,19:00,15.991
15/01/2025,20:00,20.024
15/01/2025,21:00,22.524
15/01/2025,22:00,22.689
15/01/2025,23:00,26.156
15/01/2025,24:00:00,20.472
16/01/2025,01:00,21.745
16/01/2025,02:00,22.736
16/01/2025,03:00,21.132
16/01/2025,04:00,19.859
16/01/2025,05:00,20.047
16/01/2025,06:00,20.401
16/01/2025,07:00,18.962
16/01/2025,08:00,18.137
16/01/2025,09:00,18.396
16/01/2025,10:00,19.741
16/01/2025,11:00,18.16
16/01/2025,12:00,22.146
16/01/2025,13:00,18.514
16/01/2025,14:00,13.066
16/01/2025,15:00,12.406
16/01/2025,16:00,12.429
16/01/2025,17:00,13.184
16/01/2025,18:00,15.896
16/01/2025,19:00,17.193
16/01/2025,20:00,16.84
16/01/2025,21:00,18.75
16/01/2025,22:00,22.264
16/01/2025,23:00,25.307
16/01/2025,24:00:00,25.731
17/01/2025,01:00,23.679
17/01/2025,02:00,22.524
17/01/2025,03:00,20.92
17/01/2025,04:00,18.774
17/01/2025,05:00,16.415
17/01/2025,06:00,14.104
17/01/2025,07:00,13.656
17/01/2025,08:00,13.467
17/01/2025,09:00,15.566
17/01/2025,10:00,13.939
17/01/2025,11:00,11.675
17/01/2025,12:00,10.684
17/01/2025,13:00,11.58
17/01/2025,14:00,10.189
17/01/2025,15:00,11.627
17/01/2025,16:00,15.991
17/01/2025,17:00,16.58
17/01/2025,18:00,14.788
17/01/2025,19:00,16.439
17/01/2025,20:00,14.08
17/01/2025,21:00,15.92
17/01/2025,22:00,14.245
17/01/2025,23:00,13.821
17/01/2025,24:00:00,16.58
18/01/2025,01:00,18.821
18/01/2025,02:00,18.302
18/01/2025,03:00,18.043
18/01/2025,04:00,18.019
18/01/2025,05:00,17.854
18/01/2025,06:00,17.689
18/01/2025,07:00,18.939
18/01/2025,08:00,22.005
18/01/2025,09:00,20.802
18/01/2025,10:00,20.354
18/01/2025,11:00,20.024
18/01/2025,12:00,19.717
18/01/2025,13:00,19.363
18/01/2025,14:00,19.717
18/01/2025,15:00,20.118
18/01/2025,16:00,19.293
18/01/2025,17:00,18.349
18/01/2025,18:00,19.481
18/01/2025,19:00,22.453
18/01/2025,20:00,26.981
18/01/2025,21:00,25.094
18/01/2025,22:00,31.769
18/01/2025,23:00,29.458
18/01/2025,24:00:00,29.788
19/01/2025,01:00,34.033
19/01/2025,02:00,32.099
19/01/2025,03:00,25.566
19/01/2025,04:00,16.321
19/01/2025,05:00,15.189
19/01/2025,06:00,15.566
19/01/2025,07:00,17.099
19/01/2025,08:00,15.495
19/01/2025,09:00,11.651
19/01/2025,10:00,14.175
19/01/2025,11:00,13.892
19/01/2025,12:00,13.986
19/01/2025,13:00,15.472
19/01/2025,14:00,15.425
19/01/2025,15:00,13.632
19/01/2025,16:00,12.783
19/01/2025,17:00,16.297
19/01/2025,18:00,19.599
19/01/2025,19:00,19.859
19/01/2025,20:00,20.071
19/01/2025,21:00,20.543
19/01/2025,22:00,20.66
19/01/2025,23:00,20.59
19/01/2025,24:00:00,23.538
20/01/2025,01:00,21.368
20/01/2025,02:00,21.344
20/01/2025,03:00,20.637
20/01/2025,04:00,19.104
20/01/2025,05:00,17.995
20/01/2025,06:00,14.552
20/01/2025,07:00,17.665
20/01/2025,08:00,16.51
20/01/2025,09:00,15.896
20/01/2025,10:00,18.278
20/01/2025,11:00,13.585
20/01/2025,12:00,
20/01/2025,13:00,10.071
20/01/2025,14:00,15.401
20/01/2025,15:00,12.453
20/01/2025,16:00,10.991
20/01/2025,17:00,11.58
20/01/2025,18:00,21.109
20/01/2025,19:00,20.519
20/01/2025,20:00,17.382
20/01/2025,21:00,15.401
20/01/2025,22:00,14.976
20/01/2025,23:00,11.014
20/01/2025,24:00:00,10.59
21/01/2025,01:00,12.382
21/01/2025,02:00,10.283
21/01/2025,03:00,8.656
21/01/2025,04:00,9.528
21/01/2025,05:00,7.406
21/01/2025,06:00,8.373
21/01/2025,07:00,12.123
21/01/2025,08:00,11.557
21/01/2025,09:00,13.066
21/01/2025,10:00,13.302
21/01/2025,11:00,14.104
21/01/2025,12:00,12.712
21/01/2025,13:00,11.793
21/01/2025,14:00,11.368
21/01/2025,15:00,10.826
21/01/2025,16:00,10.307
21/01/2025,17:00,11.486
21/01/2025,18:00,14.269
21/01/2025,19:00,17.311
21/01/2025,20:00,16.769
21/01/2025,21:00,19.505
21/01/2025,22:00,21.085
21/01/2025,23:00,20.731
21/01/2025,24:00:00,21.675
22/01/2025,01:00,21.769
22/01/2025,02:00,23.774
22/01/2025,03:00,24.67
22/01/2025,04:00,25.637
22/01/2025,05:00,26.132
22/01/2025,06:00,25.33
22/01/2025,07:00,26.462
22/01/2025,08:00,27.925
22/01/2025,09:00,28.797
22/01/2025,10:00,28.915
22/01/2025,11:00,23.703
22/01/2025,12:00,17.618
22/01/2025,13:00,18.939
22/01/2025,14:00,18.326
22/01/2025,15:00,15.307
22/01/2025,16:00,13.892
22/01/2025,17:00,15.283
22/01/2025,18:00,16.604
22/01/2025,19:00,18.491
22/01/2025,20:00,18.514
22/01/2025,21:00,20.543
22/01/2025,22:00,17.571
22/01/2025,23:00,16.226
22/01/2025,24:00:00,16.297
23/01/2025,01:00,12.712
23/01/2025,02:00,11.863
23/01/2025,03:00,9.906
23/01/2025,04:00,10.495
23/01/2025,05:00,11.675
23/01/2025,06:00,12.476
23/01/2025,07:00,14.552
23/01/2025,08:00,7.759
23/01/2025,09:00,10.307
23/01/2025,10:00,9.222
23/01/2025,11:00,9.976
23/01/2025,12:00,8.75
23/01/2025,13:00,8.231
23/01/2025,14:00,11.274
23/01/2025,15:00,6.722
23/01/2025,16:00,2.995
23/01/2025,17:00,3.231
23/01/2025,18:00,2.453
23/01/2025,19:00,3.939
23/01/2025,20:00,5
23/01/2025,21:00,4.245
23/01/2025,22:00,4.693
23/01/2025,23:00,4.882
23/01/2025,24:00:00,7.099
24/01/2025,01:00,9.363
24/01/2025,02:00,8.066
24/01/2025,03:00,7.193
24/01/2025,04:00,5.59
24/01/2025,05:00,5.024
24/01/2025,06:00,2.783
24/01/2025,07:00,3.302
24/01/2025,08:00,9.953
24/01/2025,09:00,10.236
24/01/2025,10:00,14.646
24/01/2025,11:00,16.038
24/01/2025,12:00,15.165
24/01/2025,13:00,12.359
24/01/2025,14:00,11.061
24/01/2025,15:00,9.906
24/01/2025,16:00,10.637
24/01/2025,17:00,9.458
24/01/2025,18:00,9.929
24/01/2025,19:00,9.811
24/01/2025,20:00,9.175
24/01/2025,21:00,7.854
24/01/2025,22:00,5.59
24/01/2025,23:00,3.797
24/01/2025,24:00:00,2.099
25/01/2025,01:00,4.67
25/01/2025,02:00,2.618
25/01/2025,03:00,3.16
25/01/2025,04:00,3.042
25/01/2025,05:00,3.255
25/01/2025,06:00,3.349
25/01/2025,07:00,3.042
25/01/2025,08:00,3.184
25/01/2025,09:00,3.962
25/01/2025,10:00,5.495
25/01/2025,11:00,3.821
25/01/2025,12:00,4.104
25/01/2025,13:00,6.132
25/01/2025,14:00,6.203
25/01/2025,15:00,5.307
25/01/2025,16:00,4.929
25/01/2025,17:00,5.212
25/01/2025,18:00,7.076
25/01/2025,19:00,8.066
25/01/2025,20:00,11.816
25/01/2025,21:00,12.028
25/01/2025,22:00,10.047
25/01/2025,23:00,12.783
25/01/2025,24:00:00,12.028
26/01/2025,01:00,10.802
26/01/2025,02:00,8.868
26/01/2025,03:00,5.755
26/01/2025,04:00,6.509
26/01/2025,05:00,5.59
26/01/2025,06:00,6.509
26/01/2025,07:00,4.316
26/01/2025,08:00,5
26/01/2025,09:00,4.009
26/01/2025,10:00,4.953
26/01/2025,11:00,4.906
26/01/2025,12:00,4.434
26/01/2025,13:00,3.962
26/01/2025,14:00,3.868
26/01/2025,15:00,3.373
26/01/2025,16:00,2.689
26/01/2025,17:00,1.533
26/01/2025,18:00,1.91
26/01/2025,19:00,2.901
26/01/2025,20:00,4.434
26/01/2025,21:00,5.66
26/01/2025,22:00,7.594
26/01/2025,23:00,5.708
26/01/2025,24:00:00,6.392
27/01/2025,01:00,6.816
27/01/2025,02:00,5.542
27/01/2025,03:00,1.203
27/01/2025,04:00,0.613
27/01/2025,05:00,1.274
27/01/2025,06:00,1.179
27/01/2025,07:00,3.349
27/01/2025,08:00,3.443
27/01/2025,09:00,4.764
27/01/2025,10:00,6.745
27/01/2025,11:00,5.802
27/01/2025,12:00,7.712
27/01/2025,13:00,6.392
27/01/2025,14:00,7.5
27/01/2025,15:00,9.481
27/01/2025,16:00,9.009
27/01/2025,17:00,12.547
27/01/2025,18:00,8.113
27/01/2025,19:00,5.59
27/01/2025,20:00,6.038
27/01/2025,21:00,6.085
27/01/2025,22:00,6.439
27/01/2025,23:00,5.118
27/01/2025,24:00:00,9.245
28/01/2025,01:00,11.132
28/01/2025,02:00,5.613
28/01/2025,03:00,5.047
28/01/2025,04:00,5.189
28/01/2025,05:00,3.538
28/01/2025,06:00,3.797
28/01/2025,07:00,4.34
28/01/2025,08:00,4.316
28/01/2025,09:00,5.377
28/01/2025,10:00,6.014
28/01/2025,11:00,6.557
28/01/2025,12:00,4.363
28/01/2025,13:00,6.203
28/01/2025,14:00,9.222
28/01/2025,15:00,6.179
28/01/2025,16:00,4.41
28/01/2025,17:00,3.892
28/01/2025,18:00,3.278
28/01/2025,19:00,3.208
28/01/2025,20:00,2.972
28/01/2025,21:00,2.712
28/01/2025,22:00,2.571
28/01/2025,23:00,2.877
28/01/2025,24:00:00,2.594
29/01/2025,01:00,3.113
29/01/2025,02:00,2.311
29/01/2025,03:00,2.028
29/01/2025,04:00,2.642
29/01/2025,05:00,2.642
29/01/2025,06:00,3.184
29/01/2025,07:00,3.208
29/01/2025,08:00,3.962
29/01/2025,09:00,3.774
29/01/2025,10:00,4.127
29/01/2025,11:00,4.057
29/01/2025,12:00,3.844
29/01/2025,13:00,6.698
29/01/2025,14:00,3.302
29/01/2025,15:00,3.255
29/01/2025,16:00,4.175
29/01/2025,17:00,3.585
29/01/2025,18:00,3.656
29/01/2025,19:00,4.175
29/01/2025,20:00,4.552
29/01/2025,21:00,4.623
29/01/2025,22:00,4.387
29/01/2025,23:00,4.811
29/01/2025,24:00:00,3.325
30/01/2025,01:00,3.915
30/01/2025,02:00,4.269
30/01/2025,03:00,2.5
30/01/2025,04:00,3.184
30/01/2025,05:00,4.316
30/01/2025,06:00,4.764
30/01/2025,07:00,3.868
30/01/2025,08:00,4.741
30/01/2025,09:00,5.283
30/01/2025,10:00,4.363
30/01/2025,11:00,4.009
30/01/2025,12:00,3.609
30/01/2025,13:00,3.679
30/01/2025,14:00,4.552
30/01/2025,15:00,3.396
30/01/2025,16:00,3.255
30/01/2025,17:00,4.575
30/01/2025,18:00,7.217
30/01/2025,19:00,7.382
30/01/2025,20:00,18.396
30/01/2025,21:00,7.854
30/01/2025,22:00,7.995
30/01/2025,23:00,8.255
30/01/2025,24:00:00,4.67
31/01/2025,01:00,4.528
31/01/2025,02:00,4.953
31/01/2025,03:00,4.528
31/01/2025,04:00,3.892
31/01/2025,05:00,4.198
31/01/2025,06:00,4.127
31/01/2025,07:00,7.759
31/01/2025,08:00,6.557
31/01/2025,09:00,8.396
31/01/2025,10:00,9.34
31/01/2025,11:00,7.712
31/01/2025,12:00,9.882
31/01/2025,13:00,9.481
31/01/2025,14:00,8.349
31/01/2025,15:00,7.052
31/01/2025,16:00,7.335
31/01/2025,17:00,6.439
31/01/2025,18:00,5.071
31/01/2025,19:00,5.259
31/01/2025,20:00,4.198
31/01/2025,21:00,4.976
31/01/2025,22:00,6.344
31/01/2025,23:00,7.406
31/01/2025,24:00:00,8.774
01/02/2025,01:00,9.458
01/02/2025,02:00,10.259
01/02/2025,03:00,10.755
01/02/2025,04:00,10.708
01/02/2025,05:00,10.307
01/02/2025,06:00,10.708
01/02/2025,07:00,13.326
01/02/2025,08:00,16.722
01/02/2025,09:00,17.264
01/02/2025,10:00,17.807
01/02/2025,11:00,15.543
01/02/2025,12:00,12.311
01/02/2025,13:00,9.293
01/02/2025,14:00,10.212
01/02/2025,15:00,13.679
01/02/2025,16:00,11.439
01/02/2025,17:00,9.245
01/02/2025,18:00,8.137
01/02/2025,19:00,6.557
01/02/2025,20:00,6.321
01/02/2025,21:00,7.642
01/02/2025,22:00,8.396
01/02/2025,23:00,8.373
01/02/2025,24:00:00,14.222
02/02/2025,01:00,10.307
02/02/2025,02:00,6.722
02/02/2025,03:00,5.59
02/02/2025,04:00,6.745
02/02/2025,05:00,4.859
02/02/2025,06:00,4.929
02/02/2025,07:00,4.552
02/02/2025,08:00,4.835
02/02/2025,09:00,5.307
02/02/2025,10:00,6.84
02/02/2025,11:00,7.877
02/02/2025,12:00,6.58
02/02/2025,13:00,5.896
02/02/2025,14:00,5.66
02/02/2025,15:00,5.755
02/02/2025,16:00,6.297
02/02/2025,17:00,7.783
02/02/2025,18:00,27.335
02/02/2025,19:00,13.632
02/02/2025,20:00,17.241
02/02/2025,21:00,37.854
02/02/2025,22:00,25.684
02/02/2025,23:00,18.609
02/02/2025,24:00:00,14.198
03/02/2025,01:00,24.811
03/02/2025,02:00,12.453
03/02/2025,03:00,8.892
03/02/2025,04:00,7.995
03/02/2025,05:00,6.958
03/02/2025,06:00,6.58
03/02/2025,07:00,11.698
03/02/2025,08:00,6.698
03/02/2025,09:00,6.769
03/02/2025,10:00,4.458
03/02/2025,11:00,5.967
03/02/2025,12:00,7.925
03/02/2025,13:00,4.859
03/02/2025,14:00,6.368
03/02/2025,15:00,5.967
03/02/2025,16:00,5.566
03/02/2025,17:00,5.307
03/02/2025,18:00,7.712
03/02/2025,19:00,6.698
03/02/2025,20:00,5.472
03/02/2025,21:00,22.217
03/02/2025,22:00,13.302
03/02/2025,23:00,9.057
03/02/2025,24:00:00,6.25
04/02/2025,01:00,7.052
04/02/2025,02:00,5.236
04/02/2025,03:00,5.024
04/02/2025,04:00,5.495
04/02/2025,05:00,5.165
04/02/2025,06:00,4.717
04/02/2025,07:00,4.788
04/02/2025,08:00,5.708
04/02/2025,09:00,5.448
04/02/2025,10:00,6.132
04/02/2025,11:00,6.627
04/02/2025,12:00,5.826
04/02/2025,13:00,5.189
04/02/2025,14:00,4.151
04/02/2025,15:00,3.491
04/02/2025,16:00,3.962
04/02/2025,17:00,4.481
04/02/2025,18:00,2.901
04/02/2025,19:00,3.585
04/02/2025,20:00,6.226
04/02/2025,21:00,6.981
04/02/2025,22:00,6.179
04/02/2025,23:00,5.142
04/02/2025,24:00:00,4.057
05/02/2025,01:00,3.491
05/02/2025,02:00,3.349
05/02/2025,03:00,2.83
05/02/2025,04:00,3.019
05/02/2025,05:00,2.948
05/02/2025,06:00,2.995
05/02/2025,07:00,4.175
05/02/2025,08:00,8.443
05/02/2025,09:00,15.66
05/02/2025,10:00,6.698
05/02/2025,11:00,7.665
05/02/2025,12:00,6.297
05/02/2025,13:00,5.826
05/02/2025,14:00,6.038
05/02/2025,15:00,5.094
05/02/2025,16:00,6.132
05/02/2025,17:00,6.226
05/02/2025,18:00,6.557
05/02/2025,19:00,9.41
05/02/2025,20:00,12.193
05/02/2025,21:00,12.877
05/02/2025,22:00,11.816
05/02/2025,23:00,13.16
05/02/2025,24:00:00,15.896
06/02/2025,01:00,14.646
06/02/2025,02:00,14.788
06/02/2025,03:00,15.094
06/02/2025,04:00,13.396
06/02/2025,05:00,11.509
06/02/2025,06:00,9.953
06/02/2025,07:00,8.821
06/02/2025,08:00,12.594
06/02/2025,09:00,10.778
06/02/2025,10:00,15.472
06/02/2025,11:00,20.142
06/02/2025,12:00,20
06/02/2025,13:00,16.651
06/02/2025,14:00,17.217
06/02/2025,15:00,20.377
06/02/2025,16:00,20.495
06/02/2025,17:00,24.717
06/02/2025,18:00,27.689
06/02/2025,19:00,26.368
06/02/2025,20:00,26.061
06/02/2025,21:00,25.212
06/02/2025,22:00,22.005
06/02/2025,23:00,16.226
06/02/2025,24:00:00,11.321
07/02/2025,01:00,8.208
07/02/2025,02:00,6.462
07/02/2025,03:00,5.778
07/02/2025,04:00,5.307
07/02/2025,05:00,5.165
07/02/2025,06:00,5.236
07/02/2025,07:00,5.377
07/02/2025,08:00,6.014
07/02/2025,09:00,6.934
07/02/2025,10:00,7.17
07/02/2025,11:00,8.396
07/02/2025,12:00,9.953
07/02/2025,13:00,10.047
07/02/2025,14:00,11.25
07/02/2025,15:00,9.976
07/02/2025,16:00,9.576
07/02/2025,17:00,10.118
07/02/2025,18:00,9.41
07/02/2025,19:00,8.443
07/02/2025,20:00,8.137
07/02/2025,21:00,8.538
07/02/2025,22:00,7.948
07/02/2025,23:00,7.901
07/02/2025,24:00:00,7.877
08/02/2025,01:00,8.514
08/02/2025,02:00,9.175
08/02/2025,03:00,9.646
08/02/2025,04:00,10.943
08/02/2025,05:00,11.698
08/02/2025,06:00,11.321
08/02/2025,07:00,12.807
08/02/2025,08:00,13.373
08/02/2025,09:00,16.179
08/02/2025,10:00,15.354
08/02/2025,11:00,16.415
08/02/2025,12:00,19.576
08/02/2025,13:00,20.425
08/02/2025,14:00,20.967
08/02/2025,15:00,26.698
08/02/2025,16:00,24.222
08/02/2025,17:00,24.387
08/02/2025,18:00,25.307
08/02/2025,19:00,28.066
08/02/2025,20:00,27.736
08/02/2025,21:00,27.689
08/02/2025,22:00,28.231
08/02/2025,23:00,28.986
08/02/2025,24:00:00,29.811
09/02/2025,01:00,30.047
09/02/2025,02:00,30.047
09/02/2025,03:00,30.33
09/02/2025,04:00,30.401
09/02/2025,05:00,30.684
09/02/2025,06:00,33.868
09/02/2025,07:00,35.944
09/02/2025,08:00,36.769
09/02/2025,09:00,37.83
09/02/2025,10:00,37.17
09/02/2025,11:00,36.392
09/02/2025,12:00,37.217
09/02/2025,13:00,37.901
09/02/2025,14:00,36.227
09/02/2025,15:00,32.076
09/02/2025,16:00,31.061
09/02/2025,17:00,28.491
09/02/2025,18:00,25.472
09/02/2025,19:00,26.132
09/02/2025,20:00,29.788
09/02/2025,21:00,33.043
09/02/2025,22:00,30.047
09/02/2025,23:00,26.038
09/02/2025,24:00:00,24.882
10/02/2025,01:00,18.868
10/02/2025,02:00,16.203
10/02/2025,03:00,15.425
10/02/2025,04:00,17.901
10/02/2025,05:00,22.948
10/02/2025,06:00,22.901
10/02/2025,07:00,20.142
10/02/2025,08:00,20.448
10/02/2025,09:00,18.113
10/02/2025,10:00,16.486
10/02/2025,11:00,14.717
10/02/2025,12:00,11.604
10/02/2025,13:00,7.571
10/02/2025,14:00,9.646
10/02/2025,15:00,9.41
10/02/2025,16:00,12.665
10/02/2025,17:00,14.528
10/02/2025,18:00,15.566
10/02/2025,19:00,16.25
10/02/2025,20:00,16.038
10/02/2025,21:00,14.222
10/02/2025,22:00,13.396
10/02/2025,23:00,12.264
10/02/2025,24:00:00,11.91
11/02/2025,01:00,13.302
11/02/2025,02:00,14.953
11/02/2025,03:00,18.16
11/02/2025,04:00,22.689
11/02/2025,05:00,28.326
11/02/2025,06:00,29.151
11/02/2025,07:00,29.576
11/02/2025,08:00,32.571
11/02/2025,09:00,29.434
11/02/2025,10:00,29.481
11/02/2025,11:00,31.51
11/02/2025,12:00,31.274
11/02/2025,13:00,27.995
11/02/2025,14:00,24.859
11/02/2025,15:00,22.005
11/02/2025,16:00,25.448
11/02/2025,17:00,20.896
11/02/2025,18:00,19.835
11/02/2025,19:00,22.028
11/02/2025,20:00,23.278
11/02/2025,21:00,24.222
11/02/2025,22:00,26.156
11/02/2025,23:00,28.538
11/02/2025,24:00:00,30.401
12/02/2025,01:00,29.222
12/02/2025,02:00,27.099
12/02/2025,03:00,28.703
12/02/2025,04:00,29.033
12/02/2025,05:00,29.505
12/02/2025,06:00,31.368
12/02/2025,07:00,31.25
12/02/2025,08:00,28.939
12/02/2025,09:00,29.411
12/02/2025,10:00,27.807
12/02/2025,11:00,30.778
12/02/2025,12:00,33.703
12/02/2025,13:00,35
12/02/2025,14:00,33.939
12/02/2025,15:00,33.538
12/02/2025,16:00,28.326
12/02/2025,17:00,28.561
12/02/2025,18:00,27.83
12/02/2025,19:00,26.486
12/02/2025,20:00,26.415
12/02/2025,21:00,29.245
12/02/2025,22:00,29.623
12/02/2025,23:00,26.745
12/02/2025,24:00:00,23.113
13/02/2025,01:00,20.236
13/02/2025,02:00,18.42
13/02/2025,03:00,16.769
13/02/2025,04:00,14.269
13/02/2025,05:00,9.599
13/02/2025,06:00,7.807
13/02/2025,07:00,7.594
13/02/2025,08:00,9.127
13/02/2025,09:00,10.189
13/02/2025,10:00,10.873
13/02/2025,11:00,9.198
13/02/2025,12:00,8.585
13/02/2025,13:00,7.146
13/02/2025,14:00,6.415
13/02/2025,15:00,6.91
13/02/2025,16:00,6.061
13/02/2025,17:00,6.368
13/02/2025,18:00,6.863
13/02/2025,19:00,7.995
13/02/2025,20:00,7.17
13/02/2025,21:00,7.076
13/02/2025,22:00,7.217
13/02/2025,23:00,7.406
13/02/2025,24:00:00,7.759
14/02/2025,01:00,7.665
14/02/2025,02:00,8.561
14/02/2025,03:00,8.986
14/02/2025,04:00,9.057
14/02/2025,05:00,8.16
14/02/2025,06:00,8.538
14/02/2025,07:00,7.642
14/02/2025,08:00,7.359
14/02/2025,09:00,6.91
14/02/2025,10:00,7.264
14/02/2025,11:00,8.561
14/02/2025,12:00,7.877
14/02/2025,13:00,9.033
14/02/2025,14:00,10.047
14/02/2025,15:00,11.274
14/02/2025,16:00,11.509
14/02/2025,17:00,13.797
14/02/2025,18:00,20.543
14/02/2025,19:00,26.156
14/02/2025,20:00,27.547
14/02/2025,21:00,28.231
14/02/2025,22:00,27.618
14/02/2025,23:00,26.816
14/02/2025,24:00:00,30.118
15/02/2025,01:00,32.854
15/02/2025,02:00,34.057
15/02/2025,03:00,34.694
15/02/2025,04:00,36.462
15/02/2025,05:00,38.208
15/02/2025,06:00,39.387
15/02/2025,07:00,39.057
15/02/2025,08:00,37.618
15/02/2025,09:00,36.061
15/02/2025,10:00,32.925
15/02/2025,11:00,28.727
15/02/2025,12:00,23.609
15/02/2025,13:00,24.599
15/02/2025,14:00,28.278
15/02/2025,15:00,21.651
15/02/2025,16:00,20.448
15/02/2025,17:00,18.09
15/02/2025,18:00,20.33
15/02/2025,19:00,18.609
15/02/2025,20:00,15.991
15/02/2025,21:00,15.943
15/02/2025,22:00,20.849
15/02/2025,23:00,16.91
15/02/2025,24:00:00,13.986
16/02/2025,01:00,14.976
16/02/2025,02:00,20.495
16/02/2025,03:00,20.401
16/02/2025,04:00,21.274
16/02/2025,05:00,25.826
16/02/2025,06:00,21.061
16/02/2025,07:00,17.311
16/02/2025,08:00,11.981
16/02/2025,09:00,14.906
16/02/2025,10:00,21.51
16/02/2025,11:00,25.519
16/02/2025,12:00,24.316
16/02/2025,13:00,24.245
16/02/2025,14:00,22.995
16/02/2025,15:00,21.675
16/02/2025,16:00,24.057
16/02/2025,17:00,24.599
16/02/2025,18:00,17.83
16/02/2025,19:00,14.976
16/02/2025,20:00,12.642
16/02/2025,21:00,11.132
16/02/2025,22:00,11.651
16/02/2025,23:00,11.793
16/02/2025,24:00:00,11.486
17/02/2025,01:00,12.689
17/02/2025,02:00,12.429
17/02/2025,03:00,12.311
17/02/2025,04:00,11.981
17/02/2025,05:00,13.09
17/02/2025,06:00,14.552
17/02/2025,07:00,15.943
17/02/2025,08:00,18.491
17/02/2025,09:00,21.321
17/02/2025,10:00,24.033
17/02/2025,11:00,23.208
17/02/2025,12:00,20.967
17/02/2025,13:00,18.184
17/02/2025,14:00,15.849
17/02/2025,15:00,12.359
17/02/2025,16:00,8.986
17/02/2025,17:00,8.514
17/02/2025,18:00,7.948
17/02/2025,19:00,6.557
17/02/2025,20:00,5.896
17/02/2025,21:00,6.557
17/02/2025,22:00,6.392
17/02/2025,23:00,6.439
17/02/2025,24:00:00,8.467
18/02/2025,01:00,10.071
18/02/2025,02:00,11.014
18/02/2025,03:00,11.509
18/02/2025,04:00,12.453
18/02/2025,05:00,13.066
18/02/2025,06:00,14.741
18/02/2025,07:00,18.538
18/02/2025,08:00,29.316
18/02/2025,09:00,25.495
18/02/2025,10:00,27.359
18/02/2025,11:00,29.104
18/02/2025,12:00,26.84
18/02/2025,13:00,24.151
18/02/2025,14:00,17.406
18/02/2025,15:00,19.693
18/02/2025,16:00,22.453
18/02/2025,17:00,25.849
18/02/2025,18:00,27.901
18/02/2025,19:00,28.75
18/02/2025,20:00,28.939
18/02/2025,21:00,24.528
18/02/2025,22:00,22.052
18/02/2025,23:00,22.005
18/02/2025,24:00:00,23.679
19/02/2025,01:00,26.156
19/02/2025,02:00,27.712
19/02/2025,03:00,28.326
19/02/2025,04:00,28.727
19/02/2025,05:00,29.127
19/02/2025,06:00,31.109
19/02/2025,07:00,32.123
19/02/2025,08:00,33.892
19/02/2025,09:00,32.878
19/02/2025,10:00,34.01
19/02/2025,11:00,30.755
19/02/2025,12:00,33.255
19/02/2025,13:00,31.863
19/02/2025,14:00,35.26
19/02/2025,15:00,34.293
19/02/2025,16:00,34.882
19/02/2025,17:00,35.26
19/02/2025,18:00,35.212
19/02/2025,19:00,36.745
19/02/2025,20:00,33.609
19/02/2025,21:00,33.915
19/02/2025,22:00,39.411
19/02/2025,23:00,38.161
19/02/2025,24:00:00,33.161
20/02/2025,01:00,30.826
20/02/2025,02:00,25.543
20/02/2025,03:00,16.934
20/02/2025,04:00,12.17
20/02/2025,05:00,5.731
20/02/2025,06:00,6.769
20/02/2025,07:00,4.882
20/02/2025,08:00,4.835
20/02/2025,09:00,9.222
20/02/2025,10:00,18.703
20/02/2025,11:00,5.755
20/02/2025,12:00,7.264
20/02/2025,13:00,2.642
20/02/2025,14:00,1.722
20/02/2025,15:00,1.509
20/02/2025,16:00,2.193
20/02/2025,17:00,1.745
20/02/2025,18:00,2.807
20/02/2025,19:00,3.325
20/02/2025,20:00,5.307
20/02/2025,21:00,11.274
20/02/2025,22:00,9.717
20/02/2025,23:00,10.495
20/02/2025,24:00:00,8.868
21/02/2025,01:00,10.708
21/02/2025,02:00,8.986
21/02/2025,03:00,7.689
21/02/2025,04:00,8.797
21/02/2025,05:00,11.297
21/02/2025,06:00,5.943
21/02/2025,07:00,7.712
21/02/2025,08:00,9.505
21/02/2025,09:00,6.038
21/02/2025,10:00,6.274
21/02/2025,11:00,10.896
21/02/2025,12:00,10.896
21/02/2025,13:00,11.109
21/02/2025,14:00,11.816
21/02/2025,15:00,6.368
21/02/2025,16:00,5.495
21/02/2025,17:00,4.434
21/02/2025,18:00,5.307
21/02/2025,19:00,6.368
21/02/2025,20:00,6.203
21/02/2025,21:00,5.165
21/02/2025,22:00,5.189
21/02/2025,23:00,4.575
21/02/2025,24:00:00,5.755
22/02/2025,01:00,5.519
22/02/2025,02:00,4.811
22/02/2025,03:00,4.764
22/02/2025,04:00,4.788
22/02/2025,05:00,5.472
22/02/2025,06:00,5.943
22/02/2025,07:00,5.731
22/02/2025,08:00,5.66
22/02/2025,09:00,5.425
22/02/2025,10:00,6.038
22/02/2025,11:00,7.028
22/02/2025,12:00,7.17
22/02/2025,13:00,5.802
22/02/2025,14:00,5.236
22/02/2025,15:00,5.212
22/02/2025,16:00,5.401
22/02/2025,17:00,5.118
22/02/2025,18:00,5.826
22/02/2025,19:00,7.406
22/02/2025,20:00,7.972
22/02/2025,21:00,8.915
22/02/2025,22:00,7.948
22/02/2025,23:00,7.689
22/02/2025,24:00:00,7.665
23/02/2025,01:00,7.076
23/02/2025,02:00,7.453
23/02/2025,03:00,8.278
23/02/2025,04:00,10.778
23/02/2025,05:00,9.906
23/02/2025,06:00,10.613
23/02/2025,07:00,7.689
23/02/2025,08:00,7.712
23/02/2025,09:00,16.84
23/02/2025,10:00,9.929
23/02/2025,11:00,6.368
23/02/2025,12:00,6.462
23/02/2025,13:00,9.906
23/02/2025,14:00,7.264
23/02/2025,15:00,8.443
23/02/2025,16:00,3.844
23/02/2025,17:00,2.995
23/02/2025,18:00,1.981
23/02/2025,19:00,1.745
23/02/2025,20:00,1.509
23/02/2025,21:00,2.075
23/02/2025,22:00,1.58
23/02/2025,23:00,1.368
23/02/2025,24:00:00,1.297
24/02/2025,01:00,2.901
24/02/2025,02:00,1.58
24/02/2025,03:00,1.651
24/02/2025,04:00,1.91
24/02/2025,05:00,2.524
24/02/2025,06:00,5.873
24/02/2025,07:00,4.41
24/02/2025,08:00,3.986
24/02/2025,09:00,4.41
24/02/2025,10:00,4.34
24/02/2025,11:00,5.495
24/02/2025,12:00,5.283
24/02/2025,13:00,5.755
24/02/2025,14:00,5.495
24/02/2025,15:00,4.198
24/02/2025,16:00,6.887
24/02/2025,17:00,8.09
24/02/2025,18:00,7.099
24/02/2025,19:00,7.712
24/02/2025,20:00,7.453
24/02/2025,21:00,7.076
24/02/2025,22:00,5.991
24/02/2025,23:00,5.566
24/02/2025,24:00:00,4.906
25/02/2025,01:00,3.797
25/02/2025,02:00,3.467
25/02/2025,03:00,3.585
25/02/2025,04:00,2.618
25/02/2025,05:00,3.066
25/02/2025,06:00,5.307
25/02/2025,07:00,5.802
25/02/2025,08:00,4.811
25/02/2025,09:00,5.943
25/02/2025,10:00,5.118
25/02/2025,11:00,4.387
25/02/2025,12:00,4.458
25/02/2025,13:00,4.811
25/02/2025,14:00,5.731
25/02/2025,15:00,5.802
25/02/2025,16:00,5.542
25/02/2025,17:00,5.637
25/02/2025,18:00,5.991
25/02/2025,19:00,6.698
25/02/2025,20:00,8.443
25/02/2025,21:00,8.042
25/02/2025,22:00,7.453
25/02/2025,23:00,5.826
25/02/2025,24:00:00,4.151
26/02/2025,01:00,4.458
26/02/2025,02:00,5.778
26/02/2025,03:00,5.519
26/02/2025,04:00,6.344
26/02/2025,05:00,5.59
26/02/2025,06:00,6.25
26/02/2025,07:00,7.571
26/02/2025,08:00,9.222
26/02/2025,09:00,13.774
26/02/2025,10:00,8.42
26/02/2025,11:00,3.774
26/02/2025,12:00,3.113
26/02/2025,13:00,4.481
26/02/2025,14:00,5.637
26/02/2025,15:00,4.198
26/02/2025,16:00,4.434
26/02/2025,17:00,3.585
26/02/2025,18:00,4.057
26/02/2025,19:00,3.208
26/02/2025,20:00,3.443
26/02/2025,21:00,2.594
26/02/2025,22:00,2.028
26/02/2025,23:00,2.406
26/02/2025,24:00:00,4.316
27/02/2025,01:00,4.057
27/02/2025,02:00,2.759
27/02/2025,03:00,1.297
27/02/2025,04:00,1.25
27/02/2025,05:00,1.627
27/02/2025,06:00,2.193
27/02/2025,07:00,3.184
27/02/2025,08:00,3.609
27/02/2025,09:00,3.255
27/02/2025,10:00,3.844
27/02/2025,11:00,3.726
27/02/2025,12:00,3.443
27/02/2025,13:00,3.09
27/02/2025,14:00,2.783
27/02/2025,15:00,3.255
27/02/2025,16:00,4.057
27/02/2025,17:00,3.373
27/02/2025,18:00,3.514
27/02/2025,19:00,5.165
27/02/2025,20:00,7.099
27/02/2025,21:00,9.599
27/02/2025,22:00,7.83
27/02/2025,23:00,7.288
27/02/2025,24:00:00,8.467
28/02/2025,01:00,8.986
28/02/2025,02:00,11.91
28/02/2025,03:00,11.297
28/02/2025,04:00,10.802
28/02/2025,05:00,9.08
28/02/2025,06:00,9.08
28/02/2025,07:00,12.665
28/02/2025,08:00,18.844
28/02/2025,09:00,18.797
28/02/2025,10:00,16.226
28/02/2025,11:00,8.278
28/02/2025,12:00,5.33
28/02/2025,13:00,3.797
28/02/2025,14:00,3.491
28/02/2025,15:00,3.467
28/02/2025,16:00,4.127
28/02/2025,17:00,4.127
28/02/2025,18:00,6.274
28/02/2025,19:00,11.274
28/02/2025,20:00,17.335
28/02/2025,21:00,17.217
28/02/2025,22:00,21.038
28/02/2025,23:00,19.623
28/02/2025,24:00:00,16.722
01/03/2025,01:00,17.877
01/03/2025,02:00,17.618
01/03/2025,03:00,16.557
01/03/2025,04:00,16.887
01/03/2025,05:00,16.958
01/03/2025,06:00,17.925
01/03/2025,07:00,18.373
01/03/2025,08:00,17.594
01/03/2025,09:00,17.099
01/03/2025,10:00,20.59
01/03/2025,11:00,18.939
01/03/2025,12:00,6.321
01/03/2025,13:00,5.024
01/03/2025,14:00,3.75
01/03/2025,15:00,2.712
01/03/2025,16:00,2.807
01/03/2025,17:00,3.373
01/03/2025,18:00,7.901
01/03/2025,19:00,7.594
01/03/2025,20:00,17.665
01/03/2025,21:00,15.472
01/03/2025,22:00,14.953
01/03/2025,23:00,13.278
01/03/2025,24:00:00,12.076
02/03/2025,01:00,10.826
02/03/2025,02:00,10.142
02/03/2025,03:00,14.057
02/03/2025,04:00,11.745
02/03/2025,05:00,14.41
02/03/2025,06:00,17.571
02/03/2025,07:00,16.627
02/03/2025,08:00,17.665
02/03/2025,09:00,51.368
02/03/2025,10:00,32.453
02/03/2025,11:00,10.802
02/03/2025,12:00,5.354
02/03/2025,13:00,4.151
02/03/2025,14:00,2.712
02/03/2025,15:00,2.759
02/03/2025,16:00,2.83
02/03/2025,17:00,4.245
02/03/2025,18:00,3.443
02/03/2025,19:00,4.458
02/03/2025,20:00,5.967
02/03/2025,21:00,9.033
02/03/2025,22:00,9.458
02/03/2025,23:00,12.925
02/03/2025,24:00:00,10.354
03/03/2025,01:00,9.269
03/03/2025,02:00,8.09
03/03/2025,03:00,8.278
03/03/2025,04:00,8.703
03/03/2025,05:00,6.344
03/03/2025,06:00,6.58
03/03/2025,07:00,8.113
03/03/2025,08:00,10.826
03/03/2025,09:00,10.236
03/03/2025,10:00,11.698
03/03/2025,11:00,7.146
03/03/2025,12:00,5.849
03/03/2025,13:00,6.84
03/03/2025,14:00,8.09
03/03/2025,15:00,8.75
03/03/2025,16:00,5.708
03/03/2025,17:00,7.005
03/03/2025,18:00,6.675
03/03/2025,19:00,9.198
03/03/2025,20:00,8.019
03/03/2025,21:00,8.302
03/03/2025,22:00,8.09
03/03/2025,23:00,20.566
03/03/2025,24:00:00,22.783
04/03/2025,01:00,18.774
04/03/2025,02:00,12.594
04/03/2025,03:00,14.552
04/03/2025,04:00,13.467
04/03/2025,05:00,12.665
04/03/2025,06:00,13.373
04/03/2025,07:00,21.109
04/03/2025,08:00,23.585
04/03/2025,09:00,17.052
04/03/2025,10:00,12.241
04/03/2025,11:00,10.118
04/03/2025,12:00,7.948
04/03/2025,13:00,7.17
04/03/2025,14:00,8.278
04/03/2025,15:00,9.057
04/03/2025,16:00,8.915
04/03/2025,17:00,9.057
04/03/2025,18:00,7.712
04/03/2025,19:00,7.642
04/03/2025,20:00,7.476
04/03/2025,21:00,9.175
04/03/2025,22:00,7.736
04/03/2025,23:00,6.203
04/03/2025,24:00:00,6.698
05/03/2025,01:00,7.901
05/03/2025,02:00,9.34
05/03/2025,03:00,9.057
05/03/2025,04:00,7.712
05/03/2025,05:00,6.84
05/03/2025,06:00,9.293
05/03/2025,07:00,18.656
05/03/2025,08:00,14.127
05/03/2025,09:00,10.92
05/03/2025,10:00,8.915
05/03/2025,11:00,9.741
05/03/2025,12:00,8.184
05/03/2025,13:00,8.491
05/03/2025,14:00,7.453
05/03/2025,15:00,6.934
05/03/2025,16:00,7.618
05/03/2025,17:00,8.184
05/03/2025,18:00,9.222
05/03/2025,19:00,13.349
05/03/2025,20:00,16.769
05/03/2025,21:00,14.929
05/03/2025,22:00,13.962
05/03/2025,23:00,14.198
05/03/2025,24:00:00,15.519
06/03/2025,01:00,21.462
06/03/2025,02:00,26.958
06/03/2025,03:00,31.816
06/03/2025,04:00,34.316
06/03/2025,05:00,33.396
06/03/2025,06:00,35
06/03/2025,07:00,40.896
06/03/2025,08:00,42.453
06/03/2025,09:00,37.595
06/03/2025,10:00,38.42
06/03/2025,11:00,27.689
06/03/2025,12:00,26.344
06/03/2025,13:00,18.632
06/03/2025,14:00,13.915
06/03/2025,15:00,15.354
06/03/2025,16:00,18.797
06/03/2025,17:00,22.547
06/03/2025,18:00,18.726
06/03/2025,19:00,12.877
06/03/2025,20:00,18.043
06/03/2025,21:00,14.458
06/03/2025,22:00,13.019
06/03/2025,23:00,14.505
06/03/2025,24:00:00,14.009
07/03/2025,01:00,14.222
07/03/2025,02:00,14.293
07/03/2025,03:00,13.821
07/03/2025,04:00,15.236
07/03/2025,05:00,17.76
07/03/2025,06:00,19.175
07/03/2025,07:00,22.076
07/03/2025,08:00,25.212
07/03/2025,09:00,17.594
07/03/2025,10:00,22.359
07/03/2025,11:00,14.953
07/03/2025,12:00,17.005
07/03/2025,13:00,16.84
07/03/2025,14:00,17.382
07/03/2025,15:00,18.868
07/03/2025,16:00,16.675
07/03/2025,17:00,13.915
07/03/2025,18:00,13.538
07/03/2025,19:00,12.028
07/03/2025,20:00,16.604
07/03/2025,21:00,19.741
07/03/2025,22:00,21.604
07/03/2025,23:00,28.632
07/03/2025,24:00:00,18.42
08/03/2025,01:00,15.236
08/03/2025,02:00,15.212
08/03/2025,03:00,16.061
08/03/2025,04:00,16.321
08/03/2025,05:00,20.094
08/03/2025,06:00,19.127
08/03/2025,07:00,18.703
08/03/2025,08:00,22.429
08/03/2025,09:00,23.844
08/03/2025,10:00,29.127
08/03/2025,11:00,25.094
08/03/2025,12:00,20.66
08/03/2025,13:00,25.401
08/03/2025,14:00,18.443
08/03/2025,15:00,17.076
08/03/2025,16:00,16.486
08/03/2025,17:00,12.594
08/03/2025,18:00,15.849
08/03/2025,19:00,19.835
08/03/2025,20:00,22.335
08/03/2025,21:00,26.58
08/03/2025,22:00,23.774
08/03/2025,23:00,28.727
08/03/2025,24:00:00,32.146
09/03/2025,01:00,30.189
09/03/2025,02:00,29.859
09/03/2025,03:00,30.92
09/03/2025,04:00,37.571
09/03/2025,05:00,45.165
09/03/2025,06:00,49.387
09/03/2025,07:00,49.01
09/03/2025,08:00,45.755
09/03/2025,09:00,42.099
09/03/2025,10:00,40.095
09/03/2025,11:00,39.198
09/03/2025,12:00,38.561
09/03/2025,13:00,37.028
09/03/2025,14:00,36.722
09/03/2025,15:00,38.396
09/03/2025,16:00,33.797
09/03/2025,17:00,33.231
09/03/2025,18:00,44.741
09/03/2025,19:00,45.661
09/03/2025,20:00,62.406
09/03/2025,21:00,57.194
09/03/2025,22:00,55.613
09/03/2025,23:00,55.472
09/03/2025,24:00:00,59.293
10/03/2025,01:00,57.807
10/03/2025,02:00,58.679
10/03/2025,03:00,59.953
10/03/2025,04:00,60.425
10/03/2025,05:00,58.679
10/03/2025,06:00,56.321
10/03/2025,07:00,54.434
10/03/2025,08:00,56.274
10/03/2025,09:00,48.632
10/03/2025,10:00,45.212
10/03/2025,11:00,40.566
10/03/2025,12:00,35.354
10/03/2025,13:00,43.656
10/03/2025,14:00,47.948
10/03/2025,15:00,49.929
10/03/2025,16:00,47.736
10/03/2025,17:00,48.845
10/03/2025,18:00,32.901
10/03/2025,19:00,15.708
10/03/2025,20:00,10.142
10/03/2025,21:00,8.208
10/03/2025,22:00,7.311
10/03/2025,23:00,8.302
10/03/2025,24:00:00,8.396
11/03/2025,01:00,8.302
11/03/2025,02:00,8.184
11/03/2025,03:00,6.462
11/03/2025,04:00,5.33
11/03/2025,05:00,5.802
11/03/2025,06:00,6.061
11/03/2025,07:00,6.156
11/03/2025,08:00,5.708
11/03/2025,09:00,6.226
11/03/2025,10:00,6.486
11/03/2025,11:00,5.377
11/03/2025,12:00,3.915
11/03/2025,13:00,3.184
11/03/2025,14:00,2.311
11/03/2025,15:00,4.575
11/03/2025,16:00,4.009
11/03/2025,17:00,8.797
11/03/2025,18:00,12.146
11/03/2025,19:00,5.59
11/03/2025,20:00,4.387
11/03/2025,21:00,4.08
11/03/2025,22:00,2.854
11/03/2025,23:00,2.382
11/03/2025,24:00:00,3.019
12/03/2025,01:00,3.491
12/03/2025,02:00,4.599
12/03/2025,03:00,3.844
12/03/2025,04:00,3.137
12/03/2025,05:00,3.16
12/03/2025,06:00,2.901
12/03/2025,07:00,2.665
12/03/2025,08:00,2.948
12/03/2025,09:00,2.736
12/03/2025,10:00,2.524
12/03/2025,11:00,
12/03/2025,12:00,
12/03/2025,13:00,3.325
12/03/2025,14:00,3.066
12/03/2025,15:00,1.58
12/03/2025,16:00,1.769
12/03/2025,17:00,1.934
12/03/2025,18:00,2.241
12/03/2025,19:00,4.175
12/03/2025,20:00,5.142
12/03/2025,21:00,5.708
12/03/2025,22:00,4.859
12/03/2025,23:00,4.811
12/03/2025,24:00:00,3.703
13/03/2025,01:00,4.764
13/03/2025,02:00,2.948
13/03/2025,03:00,2.5
13/03/2025,04:00,2.807
13/03/2025,05:00,2.476
13/03/2025,06:00,3.09
13/03/2025,07:00,3.467
13/03/2025,08:00,3.726
13/03/2025,09:00,3.538
13/03/2025,10:00,3.656
13/03/2025,11:00,4.104
13/03/2025,12:00,3.679
13/03/2025,13:00,3.019
13/03/2025,14:00,1.84
13/03/2025,15:00,4.104
13/03/2025,16:00,2.83
13/03/2025,17:00,4.387
13/03/2025,18:00,4.292
13/03/2025,19:00,2.83
13/03/2025,20:00,4.528
13/03/2025,21:00,5.307
13/03/2025,22:00,6.297
13/03/2025,23:00,7.028
13/03/2025,24:00:00,6.816
14/03/2025,01:00,6.297
14/03/2025,02:00,6.604
14/03/2025,03:00,6.698
14/03/2025,04:00,6.604
14/03/2025,05:00,6.958
14/03/2025,06:00,6.25
14/03/2025,07:00,7.618
14/03/2025,08:00,9.34
14/03/2025,09:00,7.076
14/03/2025,10:00,5.354
14/03/2025,11:00,5.047
14/03/2025,12:00,5.401
14/03/2025,13:00,3.396
14/03/2025,14:00,4.222
14/03/2025,15:00,10.401
14/03/2025,16:00,4.929
14/03/2025,17:00,2.571
14/03/2025,18:00,1.462
14/03/2025,19:00,2.052
14/03/2025,20:00,3.042
14/03/2025,21:00,5.802
14/03/2025,22:00,4.788
14/03/2025,23:00,4.151
14/03/2025,24:00:00,4.151
15/03/2025,01:00,4.34
15/03/2025,02:00,5.259
15/03/2025,03:00,5.236
15/03/2025,04:00,5.142
15/03/2025,05:00,4.741
15/03/2025,06:00,4.623
15/03/2025,07:00,4.481
15/03/2025,08:00,4.363
15/03/2025,09:00,4.057
15/03/2025,10:00,4.127
15/03/2025,11:00,3.585
15/03/2025,12:00,3.726
15/03/2025,13:00,3.019
15/03/2025,14:00,3.396
15/03/2025,15:00,3.302
15/03/2025,16:00,3.302
15/03/2025,17:00,3.821
15/03/2025,18:00,4.057
15/03/2025,19:00,4.835
15/03/2025,20:00,6.792
15/03/2025,21:00,7.83
15/03/2025,22:00,9.67
15/03/2025,23:00,6.179
15/03/2025,24:00:00,7.571
16/03/2025,01:00,10.259
16/03/2025,02:00,11.509
16/03/2025,03:00,12.076
16/03/2025,04:00,12.123
16/03/2025,05:00,11.509
16/03/2025,06:00,10.967
16/03/2025,07:00,10.165
16/03/2025,08:00,11.958
16/03/2025,09:00,12.076
16/03/2025,10:00,8.184
16/03/2025,11:00,5.212
16/03/2025,12:00,5.212
16/03/2025,13:00,4.976
16/03/2025,14:00,5.212
16/03/2025,15:00,4.316
16/03/2025,16:00,3.255
16/03/2025,17:00,1.745
16/03/2025,18:00,2.712
16/03/2025,19:00,3.208
16/03/2025,20:00,3.514
16/03/2025,21:00,3.774
16/03/2025,22:00,4.151
16/03/2025,23:00,4.127
16/03/2025,24:00:00,4.953
17/03/2025,01:00,4.835
17/03/2025,02:00,5.354
17/03/2025,03:00,5.165
17/03/2025,04:00,3.302
17/03/2025,05:00,2.382
17/03/2025,06:00,3.066
17/03/2025,07:00,3.797
17/03/2025,08:00,4.788
17/03/2025,09:00,7.099
17/03/2025,10:00,8.373
17/03/2025,11:00,8.255
17/03/2025,12:00,8.538
17/03/2025,13:00,6.274
17/03/2025,14:00,5.991
17/03/2025,15:00,6.392
17/03/2025,16:00,7.288
17/03/2025,17:00,7.807
17/03/2025,18:00,5.896
17/03/2025,19:00,5.849
17/03/2025,20:00,5.967
17/03/2025,21:00,6.439
17/03/2025,22:00,6.816
17/03/2025,23:00,7.524
17/03/2025,24:00:00,8.797
18/03/2025,01:00,10.92
18/03/2025,02:00,13.774
18/03/2025,03:00,12.642
18/03/2025,04:00,11.557
18/03/2025,05:00,9.481
18/03/2025,06:00,9.175
18/03/2025,07:00,11.392
18/03/2025,08:00,15.566
18/03/2025,09:00,17.241
18/03/2025,10:00,10.991
18/03/2025,11:00,9.222
18/03/2025,12:00,9.434
18/03/2025,13:00,9.481
18/03/2025,14:00,7.948
18/03/2025,15:00,8.585
18/03/2025,16:00,9.741
18/03/2025,17:00,9.835
18/03/2025,18:00,10.967
18/03/2025,19:00,10.755
18/03/2025,20:00,10.047
18/03/2025,21:00,11.226
18/03/2025,22:00,11.58
18/03/2025,23:00,13.278
18/03/2025,24:00:00,15.92
19/03/2025,01:00,17.547
19/03/2025,02:00,18.326
19/03/2025,03:00,18.774
19/03/2025,04:00,19.859
19/03/2025,05:00,23.231
19/03/2025,06:00,21.769
19/03/2025,07:00,21.934
19/03/2025,08:00,24.929
19/03/2025,09:00,32.901
19/03/2025,10:00,32.123
19/03/2025,11:00,32.406
19/03/2025,12:00,25.873
19/03/2025,13:00,24.977
19/03/2025,14:00,24.646
19/03/2025,15:00,26.203
19/03/2025,16:00,26.344
19/03/2025,17:00,25.66
19/03/2025,18:00,28.679
19/03/2025,19:00,27.194
19/03/2025,20:00,34.198
19/03/2025,21:00,36.533
19/03/2025,22:00,31.156
19/03/2025,23:00,31.533
19/03/2025,24:00:00,37.099
20/03/2025,01:00,46.014
20/03/2025,02:00,42.335
20/03/2025,03:00,32.83
20/03/2025,04:00,33.75
20/03/2025,05:00,32.406
20/03/2025,06:00,32.264
20/03/2025,07:00,36.061
20/03/2025,08:00,40.661
20/03/2025,09:00,47.925
20/03/2025,10:00,62.17
20/03/2025,11:00,42.995
20/03/2025,12:00,39.599
20/03/2025,13:00,31.958
20/03/2025,14:00,16.297
20/03/2025,15:00,10.047
20/03/2025,16:00,12.17
20/03/2025,17:00,13.043
20/03/2025,18:00,14.127
20/03/2025,19:00,16.533
20/03/2025,20:00,27.406
20/03/2025,21:00,34.175
20/03/2025,22:00,33.821
20/03/2025,23:00,37.477
20/03/2025,24:00:00,39.929
21/03/2025,01:00,37.099
21/03/2025,02:00,35.448
21/03/2025,03:00,38.043
21/03/2025,04:00,37.712
21/03/2025,05:00,36.793
21/03/2025,06:00,36.392
21/03/2025,07:00,37.595
21/03/2025,08:00,41.321
21/03/2025,09:00,44.576
21/03/2025,10:00,44.34
21/03/2025,11:00,37.123
21/03/2025,12:00,26.486
21/03/2025,13:00,21.061
21/03/2025,14:00,19.434
21/03/2025,15:00,19.977
21/03/2025,16:00,25.92
21/03/2025,17:00,29.906
21/03/2025,18:00,31.25
21/03/2025,19:00,31.486
21/03/2025,20:00,32.783
21/03/2025,21:00,31.014
21/03/2025,22:00,31.981
21/03/2025,23:00,36.227
21/03/2025,24:00:00,31.274
22/03/2025,01:00,33.632
22/03/2025,02:00,30.778
22/03/2025,03:00,26.368
22/03/2025,04:00,25.991
22/03/2025,05:00,28.75
22/03/2025,06:00,26.769
22/03/2025,07:00,22.925
22/03/2025,08:00,19.316
22/03/2025,09:00,21.014
22/03/2025,10:00,19.127
22/03/2025,11:00,16.462
22/03/2025,12:00,15.472
22/03/2025,13:00,13.986
22/03/2025,14:00,13.231
22/03/2025,15:00,12.476
22/03/2025,16:00,11.486
22/03/2025,17:00,7.783
22/03/2025,18:00,10.755
22/03/2025,19:00,18.231
22/03/2025,20:00,18.278
22/03/2025,21:00,20.071
22/03/2025,22:00,22.335
22/03/2025,23:00,29.033
22/03/2025,24:00:00,33.514
23/03/2025,01:00,30.896
23/03/2025,02:00,32.665
23/03/2025,03:00,25.967
23/03/2025,04:00,20.849
23/03/2025,05:00,29.104
23/03/2025,06:00,22.972
23/03/2025,07:00,33.467
23/03/2025,08:00,35.425
23/03/2025,09:00,29.269
23/03/2025,10:00,23.326
23/03/2025,11:00,23.184
23/03/2025,12:00,23.326
23/03/2025,13:00,26.321
23/03/2025,14:00,30.873
23/03/2025,15:00,29.316
23/03/2025,16:00,27.736
23/03/2025,17:00,26.604
23/03/2025,18:00,26.297
23/03/2025,19:00,28.349
23/03/2025,20:00,28.16
23/03/2025,21:00,27.642
23/03/2025,22:00,27.359
23/03/2025,23:00,27.712
23/03/2025,24:00:00,29.057
24/03/2025,01:00,29.929
24/03/2025,02:00,30.425
24/03/2025,03:00,28.727
24/03/2025,04:00,27.571
24/03/2025,05:00,27.288
24/03/2025,06:00,25.448
24/03/2025,07:00,26.132
24/03/2025,08:00,27.311
24/03/2025,09:00,27.689
24/03/2025,10:00,28.208
24/03/2025,11:00,28.349
24/03/2025,12:00,26.462
24/03/2025,13:00,23.75
24/03/2025,14:00,20.495
24/03/2025,15:00,19.505
24/03/2025,16:00,18.019
24/03/2025,17:00,19.269
24/03/2025,18:00,10.943
24/03/2025,19:00,8.467
24/03/2025,20:00,11.509
24/03/2025,21:00,13.467
24/03/2025,22:00,13.467
24/03/2025,23:00,12.335
24/03/2025,24:00:00,12.689
25/03/2025,01:00,11.745
25/03/2025,02:00,9.576
25/03/2025,03:00,7.877
25/03/2025,04:00,8.208
25/03/2025,05:00,7.052
25/03/2025,06:00,6.981
25/03/2025,07:00,8.137
25/03/2025,08:00,3.491
25/03/2025,09:00,2.028
25/03/2025,10:00,2.359
25/03/2025,11:00,2.524
25/03/2025,12:00,2.335
25/03/2025,13:00,2.995
25/03/2025,14:00,2.877
25/03/2025,15:00,2.099
25/03/2025,16:00,2.807
25/03/2025,17:00,3.915
25/03/2025,18:00,5.047
25/03/2025,19:00,6.061
25/03/2025,20:00,6.226
25/03/2025,21:00,8.09
25/03/2025,22:00,12.877
25/03/2025,23:00,15.849
25/03/2025,24:00:00,14.269
26/03/2025,01:00,11.604
26/03/2025,02:00,11.58
26/03/2025,03:00,11.557
26/03/2025,04:00,11.863
26/03/2025,05:00,12.076
26/03/2025,06:00,12.311
26/03/2025,07:00,12.453
26/03/2025,08:00,14.151
26/03/2025,09:00,13.208
26/03/2025,10:00,13.514
26/03/2025,11:00,16.368
26/03/2025,12:00,9.08
26/03/2025,13:00,7.689
26/03/2025,14:00,7.453
26/03/2025,15:00,7.901
26/03/2025,16:00,9.175
26/03/2025,17:00,8.443
26/03/2025,18:00,8.113
26/03/2025,19:00,9.906
26/03/2025,20:00,12.807
26/03/2025,21:00,17.217
26/03/2025,22:00,20.967
26/03/2025,23:00,19.104
26/03/2025,24:00:00,23.939
27/03/2025,01:00,16.486
27/03/2025,02:00,13.491
27/03/2025,03:00,13.656
27/03/2025,04:00,12.783
27/03/2025,05:00,12.642
27/03/2025,06:00,9.198
27/03/2025,07:00,6.321
27/03/2025,08:00,4.127
27/03/2025,09:00,2.972
27/03/2025,10:00,2.406
27/03/2025,11:00,2.925
27/03/2025,12:00,2.948
27/03/2025,13:00,2.948
27/03/2025,14:00,2.948
27/03/2025,15:00,3.679
27/03/2025,16:00,3.679
27/03/2025,17:00,3.514
27/03/2025,18:00,2.877
27/03/2025,19:00,2.547
27/03/2025,20:00,2.453
27/03/2025,21:00,2.476
27/03/2025,22:00,1.297
27/03/2025,23:00,0.967
27/03/2025,24:00:00,0.778
28/03/2025,01:00,0.59
28/03/2025,02:00,0.472
28/03/2025,03:00,0.519
28/03/2025,04:00,1.203
28/03/2025,05:00,1.509
28/03/2025,06:00,3.844
28/03/2025,07:00,6.439
28/03/2025,08:00,7.264
28/03/2025,09:00,5.613
28/03/2025,10:00,4.245
28/03/2025,11:00,5.094
28/03/2025,12:00,5.212
28/03/2025,13:00,5.448
28/03/2025,14:00,5.92
28/03/2025,15:00,5.873
28/03/2025,16:00,5.047
28/03/2025,17:00,3.797
28/03/2025,18:00,4.009
28/03/2025,19:00,3.939
28/03/2025,20:00,4.057
28/03/2025,21:00,4.481
28/03/2025,22:00,4.222
28/03/2025,23:00,5.047
28/03/2025,24:00:00,5.259
29/03/2025,01:00,4.67
29/03/2025,02:00,5.118
29/03/2025,03:00,6.439
29/03/2025,04:00,6.651
29/03/2025,05:00,6.958
29/03/2025,06:00,7.17
29/03/2025,07:00,7.547
29/03/2025,08:00,8.42
29/03/2025,09:00,8.019
29/03/2025,10:00,6.981
29/03/2025,11:00,5.778
29/03/2025,12:00,4.599
29/03/2025,13:00,5.283
29/03/2025,14:00,4.835
29/03/2025,15:00,4.717
29/03/2025,16:00,4.646
29/03/2025,17:00,5
29/03/2025,18:00,4.434
29/03/2025,19:00,3.208
29/03/2025,20:00,2.83
29/03/2025,21:00,1.958
29/03/2025,22:00,1.722
29/03/2025,23:00,1.769
29/03/2025,24:00:00,3.396
30/03/2025,01:00,6.792
30/03/2025,02:00,11.014
30/03/2025,03:00,13.113
30/03/2025,04:00,13.844
30/03/2025,05:00,13.326
30/03/2025,06:00,13.302
30/03/2025,07:00,11.509
30/03/2025,08:00,10.543
30/03/2025,09:00,9.175
30/03/2025,10:00,8.986
30/03/2025,11:00,8.656
30/03/2025,12:00,8.255
30/03/2025,13:00,7.807
30/03/2025,14:00,8.16
30/03/2025,15:00,8.656
30/03/2025,16:00,8.491
30/03/2025,17:00,8.326
30/03/2025,18:00,8.42
30/03/2025,19:00,8.208
30/03/2025,20:00,8.443
30/03/2025,21:00,9.387
30/03/2025,22:00,10.142
30/03/2025,23:00,14.127
30/03/2025,24:00:00,9.859
31/03/2025,01:00,9.646
31/03/2025,02:00,9.434
31/03/2025,03:00,10.024
31/03/2025,04:00,8.962
31/03/2025,05:00,8.396
31/03/2025,06:00,9.693
31/03/2025,07:00,15.189
31/03/2025,08:00,17.099
31/03/2025,09:00,19.175
31/03/2025,10:00,16.415
31/03/2025,11:00,13.09
31/03/2025,12:00,12.311
31/03/2025,13:00,10.873
31/03/2025,14:00,9.127
31/03/2025,15:00,7.193
31/03/2025,16:00,5.118
31/03/2025,17:00,3.868
31/03/2025,18:00,12.995
31/03/2025,19:00,13.278
31/03/2025,20:00,15.896
31/03/2025,21:00,12.5
31/03/2025,22:00,7.123
31/03/2025,23:00,5.094
31/03/2025,24:00:00,7.005
01/04/2025,01:00,6.25
01/04/2025,02:00,5.566
01/04/2025,03:00,6.651
01/04/2025,04:00,6.415
01/04/2025,05:00,6.533
01/04/2025,06:00,5.849
01/04/2025,07:00,5.307
01/04/2025,08:00,5.425
01/04/2025,09:00,7.193
01/04/2025,10:00,8.703
01/04/2025,11:00,8.774
01/04/2025,12:00,7.052
01/04/2025,13:00,5.92
01/04/2025,14:00,3.066
01/04/2025,15:00,4.057
01/04/2025,16:00,5.377
01/04/2025,17:00,5.094
01/04/2025,18:00,4.929
01/04/2025,19:00,4.458
01/04/2025,20:00,6.651
01/04/2025,21:00,4.788
01/04/2025,22:00,5.472
01/04/2025,23:00,6.863
01/04/2025,24:00:00,8.892
02/04/2025,01:00,8.443
02/04/2025,02:00,9.693
02/04/2025,03:00,12.524
02/04/2025,04:00,11.651
02/04/2025,05:00,12.099
02/04/2025,06:00,12.5
02/04/2025,07:00,14.293
02/04/2025,08:00,16.793
02/04/2025,09:00,19.08
02/04/2025,10:00,15.024
02/04/2025,11:00,6.368
02/04/2025,12:00,6.627
02/04/2025,13:00,6.274
02/04/2025,14:00,8.373
02/04/2025,15:00,5.354
02/04/2025,16:00,7.618
02/04/2025,17:00,5.967
02/04/2025,18:00,6.557
02/04/2025,19:00,7.948
02/04/2025,20:00,8.184
02/04/2025,21:00,10.212
02/04/2025,22:00,9.811
02/04/2025,23:00,9.363
02/04/2025,24:00:00,9.528
03/04/2025,01:00,10.283
03/04/2025,02:00,11.321
03/04/2025,03:00,12.524
03/04/2025,04:00,14.198
03/04/2025,05:00,15.896
03/04/2025,06:00,18.561
03/04/2025,07:00,20.448
03/04/2025,08:00,21.297
03/04/2025,09:00,23.467
03/04/2025,10:00,24.34
03/04/2025,11:00,25.991
03/04/2025,12:00,24.953
03/04/2025,13:00,23.844
03/04/2025,14:00,18.797
03/04/2025,15:00,15.448
03/04/2025,16:00,15.425
03/04/2025,17:00,16.297
03/04/2025,18:00,17.005
03/04/2025,19:00,21.132
03/04/2025,20:00,24.104
03/04/2025,21:00,24.528
03/04/2025,22:00,19.505
03/04/2025,23:00,19.34
03/04/2025,24:00:00,18.184
04/04/2025,01:00,17.901
04/04/2025,02:00,17.877
04/04/2025,03:00,15.849
04/04/2025,04:00,14.811
04/04/2025,05:00,13.892
04/04/2025,06:00,13.844
04/04/2025,07:00,13.656
04/04/2025,08:00,12.854
04/04/2025,09:00,13.231
04/04/2025,10:00,14.175
04/04/2025,11:00,15.354
04/04/2025,12:00,14.741
04/04/2025,13:00,15.118
04/04/2025,14:00,15.613
04/04/2025,15:00,14.458
04/04/2025,16:00,12.547
04/04/2025,17:00,11.84
04/04/2025,18:00,12.406
04/04/2025,19:00,7.925
04/04/2025,20:00,9.127
04/04/2025,21:00,9.269
04/04/2025,22:00,8.585
04/04/2025,23:00,9.127
04/04/2025,24:00:00,10.708
05/04/2025,01:00,11.179
05/04/2025,02:00,11.085
05/04/2025,03:00,12.028
05/04/2025,04:00,10.354
05/04/2025,05:00,8.514
05/04/2025,06:00,7.972
05/04/2025,07:00,7.665
05/04/2025,08:00,7.995
05/04/2025,09:00,7.901
05/04/2025,10:00,7.854
05/04/2025,11:00,9.104
05/04/2025,12:00,9.34
05/04/2025,13:00,9.434
05/04/2025,14:00,8.137
05/04/2025,15:00,7.099
05/04/2025,16:00,5.566
05/04/2025,17:00,5.684
05/04/2025,18:00,7.382
05/04/2025,19:00,8.09
05/04/2025,20:00,9.198
05/04/2025,21:00,10.307
05/04/2025,22:00,11.934
05/04/2025,23:00,10.071
05/04/2025,24:00:00,9.505
06/04/2025,01:00,9.788
06/04/2025,02:00,9.788
06/04/2025,03:00,9.41
06/04/2025,04:00,8.561
06/04/2025,05:00,7.736
06/04/2025,06:00,7.571
06/04/2025,07:00,7.335
06/04/2025,08:00,7.217
06/04/2025,09:00,7.382
06/04/2025,10:00,6.25
06/04/2025,11:00,5.731
06/04/2025,12:00,5.731
06/04/2025,13:00,4.151
06/04/2025,14:00,4.009
06/04/2025,15:00,4.363
06/04/2025,16:00,3.514
06/04/2025,17:00,4.269
06/04/2025,18:00,5.778
06/04/2025,19:00,6.014
06/04/2025,20:00,7.193
06/04/2025,21:00,6.226
06/04/2025,22:00,6.863
06/04/2025,23:00,9.387
06/04/2025,24:00:00,9.717
07/04/2025,01:00,9.009
07/04/2025,02:00,7.901
07/04/2025,03:00,8.09
07/04/2025,04:00,8.349
07/04/2025,05:00,9.033
07/04/2025,06:00,9.363
07/04/2025,07:00,10.778
07/04/2025,08:00,14.033
07/04/2025,09:00,13.844
07/04/2025,10:00,8.231
07/04/2025,11:00,5.542
07/04/2025,12:00,4.387
07/04/2025,13:00,4.387
07/04/2025,14:00,3.349
07/04/2025,15:00,3.208
07/04/2025,16:00,3.349
07/04/2025,17:00,2.972
07/04/2025,18:00,2.665
07/04/2025,19:00,2.948
07/04/2025,20:00,2.995
07/04/2025,21:00,3.184
07/04/2025,22:00,3.703
07/04/2025,23:00,4.528
07/04/2025,24:00:00,5.613
08/04/2025,01:00,12.264
08/04/2025,02:00,9.387
08/04/2025,03:00,9.104
08/04/2025,04:00,9.057
08/04/2025,05:00,9.41
08/04/2025,06:00,9.646
08/04/2025,07:00,11.109
08/04/2025,08:00,27.382
08/04/2025,09:00,18.679
08/04/2025,10:00,13.184
08/04/2025,11:00,10.519
08/04/2025,12:00,8.396
08/04/2025,13:00,7.618
08/04/2025,14:00,7.217
08/04/2025,15:00,6.392
08/04/2025,16:00,5.778
08/04/2025,17:00,4.953
08/04/2025,18:00,6.132
08/04/2025,19:00,6.533
08/04/2025,20:00,10.896
08/04/2025,21:00,6.863
08/04/2025,22:00,7.311
08/04/2025,23:00,7.429
08/04/2025,24:00:00,9.505
09/04/2025,01:00,12.925
09/04/2025,02:00,11.25
09/04/2025,03:00,12.099
09/04/2025,04:00,15.708
09/04/2025,05:00,18.703
09/04/2025,06:00,22.524
09/04/2025,07:00,27.099
09/04/2025,08:00,21.887
09/04/2025,09:00,14.057
09/04/2025,10:00,11.297
09/04/2025,11:00,10.354
09/04/2025,12:00,11.297
09/04/2025,13:00,11.415
09/04/2025,14:00,12.571
09/04/2025,15:00,12.359
09/04/2025,16:00,11.297
09/04/2025,17:00,7.783
09/04/2025,18:00,9.41
09/04/2025,19:00,9.929
09/04/2025,20:00,9.363
09/04/2025,21:00,14.316
09/04/2025,22:00,11.91
09/04/2025,23:00,10.731
09/04/2025,24:00:00,12.736
10/04/2025,01:00,10.024
10/04/2025,02:00,12.335
10/04/2025,03:00,16.698
10/04/2025,04:00,18.019
10/04/2025,05:00,19.104
10/04/2025,06:00,20.826
10/04/2025,07:00,20.047
10/04/2025,08:00,20.024
10/04/2025,09:00,21.132
10/04/2025,10:00,21.415
10/04/2025,11:00,20.142
10/04/2025,12:00,19.528
10/04/2025,13:00,17.146
10/04/2025,14:00,15.094
10/04/2025,15:00,13.443
10/04/2025,16:00,12.17
10/04/2025,17:00,12.759
10/04/2025,18:00,13.915
10/04/2025,19:00,13.986
10/04/2025,20:00,16.627
10/04/2025,21:00,11.91
10/04/2025,22:00,11.061
10/04/2025,23:00,10.873
10/04/2025,24:00:00,15.849
11/04/2025,01:00,18.113
11/04/2025,02:00,17.807
11/04/2025,03:00,17.665
11/04/2025,04:00,18.467
11/04/2025,05:00,16.627
11/04/2025,06:00,17.359
11/04/2025,07:00,25.519
11/04/2025,08:00,20.731
11/04/2025,09:00,26.698
11/04/2025,10:00,11.557
11/04/2025,11:00,8.278
11/04/2025,12:00,8.302
11/04/2025,13:00,10.071
11/04/2025,14:00,10.118
11/04/2025,15:00,9.623
11/04/2025,16:00,9.481
11/04/2025,17:00,9.741
11/04/2025,18:00,10.33
11/04/2025,19:00,14.741
11/04/2025,20:00,13.326
11/04/2025,21:00,14.009
11/04/2025,22:00,14.953
11/04/2025,23:00,18.632
11/04/2025,24:00:00,16.132
12/04/2025,01:00,15.991
12/04/2025,02:00,16.25
12/04/2025,03:00,17.642
12/04/2025,04:00,18.491
12/04/2025,05:00,22.477
12/04/2025,06:00,26.179
12/04/2025,07:00,22.618
12/04/2025,08:00,23.821
12/04/2025,09:00,21.533
12/04/2025,10:00,16.321
12/04/2025,11:00,13.208
12/04/2025,12:00,12.642
12/04/2025,13:00,13.632
12/04/2025,14:00,12.877
12/04/2025,15:00,11.91
12/04/2025,16:00,13.396
12/04/2025,17:00,15.755
12/04/2025,18:00,15.802
12/04/2025,19:00,16.392
12/04/2025,20:00,18.019
12/04/2025,21:00,16.486
12/04/2025,22:00,9.505
12/04/2025,23:00,5.778
12/04/2025,24:00:00,5.047
13/04/2025,01:00,5.283
13/04/2025,02:00,6.745
13/04/2025,03:00,8.868
13/04/2025,04:00,12.288
13/04/2025,05:00,14.033
13/04/2025,06:00,9.835
13/04/2025,07:00,5.354
13/04/2025,08:00,2.854
13/04/2025,09:00,2.901
13/04/2025,10:00,3.184
13/04/2025,11:00,3.491
13/04/2025,12:00,3.373
13/04/2025,13:00,2.429
13/04/2025,14:00,2.335
13/04/2025,15:00,2.193
13/04/2025,16:00,2.712
13/04/2025,17:00,3.16
13/04/2025,18:00,2.736
13/04/2025,19:00,2.594
13/04/2025,20:00,2.995
13/04/2025,21:00,4.198
13/04/2025,22:00,4.481
13/04/2025,23:00,4.009
13/04/2025,24:00:00,3.797
14/04/2025,01:00,4.67
14/04/2025,02:00,3.184
14/04/2025,03:00,3.137
14/04/2025,04:00,4.08
14/04/2025,05:00,4.552
14/04/2025,06:00,5.189
14/04/2025,07:00,6.344
14/04/2025,08:00,10.991
14/04/2025,09:00,5.637
14/04/2025,10:00,5.542
14/04/2025,11:00,5.731
14/04/2025,12:00,4.835
14/04/2025,13:00,5.189
14/04/2025,14:00,5.896
14/04/2025,15:00,5.448
14/04/2025,16:00,4.859
14/04/2025,17:00,4.434
14/04/2025,18:00,4.528
14/04/2025,19:00,4.269
14/04/2025,20:00,4.41
14/04/2025,21:00,4.788
14/04/2025,22:00,14.458
14/04/2025,23:00,7.429
14/04/2025,24:00:00,12.146
15/04/2025,01:00,10.33
15/04/2025,02:00,7.406
15/04/2025,03:00,8.561
15/04/2025,04:00,7.925
15/04/2025,05:00,7.877
15/04/2025,06:00,9.104
15/04/2025,07:00,10.33
15/04/2025,08:00,12.524
15/04/2025,09:00,12.264
15/04/2025,10:00,12.146
15/04/2025,11:00,12.476
15/04/2025,12:00,13.585
15/04/2025,13:00,12.712
15/04/2025,14:00,13.09
15/04/2025,15:00,10.543
15/04/2025,16:00,7.972
15/04/2025,17:00,8.208
15/04/2025,18:00,7.5
15/04/2025,19:00,9.293
15/04/2025,20:00,12.193
15/04/2025,21:00,9.67
15/04/2025,22:00,12.571
15/04/2025,23:00,13.561
15/04/2025,24:00:00,12.406
16/04/2025,01:00,10.613
16/04/2025,02:00,8.231
16/04/2025,03:00,11.132
16/04/2025,04:00,7.665
16/04/2025,05:00,4.245
16/04/2025,06:00,3.514
16/04/2025,07:00,3.019
16/04/2025,08:00,5.708
16/04/2025,09:00,10.896
16/04/2025,10:00,11.651
16/04/2025,11:00,2.17
16/04/2025,12:00,1.651
16/04/2025,13:00,1.462
16/04/2025,14:00,2.193
16/04/2025,15:00,2.594
16/04/2025,16:00,2.877
16/04/2025,17:00,3.042
16/04/2025,18:00,2.854
16/04/2025,19:00,2.476
16/04/2025,20:00,2.453
16/04/2025,21:00,2.028
16/04/2025,22:00,1.958
16/04/2025,23:00,1.792
16/04/2025,24:00:00,1.486
17/04/2025,01:00,1.58
17/04/2025,02:00,1.58
17/04/2025,03:00,2.217
17/04/2025,04:00,2.972
17/04/2025,05:00,3.632
17/04/2025,06:00,7.594
17/04/2025,07:00,22.547
17/04/2025,08:00,5.873
17/04/2025,09:00,4.528
17/04/2025,10:00,2.665
17/04/2025,11:00,2.571
17/04/2025,12:00,2.264
17/04/2025,13:00,2.359
17/04/2025,14:00,2.736
17/04/2025,15:00,2.665
17/04/2025,16:00,2.783
17/04/2025,17:00,2.877
17/04/2025,18:00,2.995
17/04/2025,19:00,3.396
17/04/2025,20:00,7.925
17/04/2025,21:00,9.67
17/04/2025,22:00,12.5
17/04/2025,23:00,5.212
17/04/2025,24:00:00,5.613
18/04/2025,01:00,5.495
18/04/2025,02:00,4.693
18/04/2025,03:00,5.283
18/04/2025,04:00,5.118
18/04/2025,05:00,6.061
18/04/2025,06:00,7.123
18/04/2025,07:00,9.269
18/04/2025,08:00,11.132
18/04/2025,09:00,11.816
18/04/2025,10:00,20.708
18/04/2025,11:00,19.057
18/04/2025,12:00,13.962
18/04/2025,13:00,9.151
18/04/2025,14:00,6.934
18/04/2025,15:00,5.071
18/04/2025,16:00,4.458
18/04/2025,17:00,8.844
18/04/2025,18:00,7.807
18/04/2025,19:00,9.104
18/04/2025,20:00,7.665
18/04/2025,21:00,7.453
18/04/2025,22:00,6.203
18/04/2025,23:00,6.887
18/04/2025,24:00:00,6.203
19/04/2025,01:00,6.722
19/04/2025,02:00,8.137
19/04/2025,03:00,7.571
19/04/2025,04:00,7.783
19/04/2025,05:00,9.057
19/04/2025,06:00,7.193
19/04/2025,07:00,6.486
19/04/2025,08:00,6.344
19/04/2025,09:00,6.439
19/04/2025,10:00,7.689
19/04/2025,11:00,7.453
19/04/2025,12:00,7.547
19/04/2025,13:00,6.792
19/04/2025,14:00,5.33
19/04/2025,15:00,4.387
19/04/2025,16:00,4.481
19/04/2025,17:00,5.967
19/04/2025,18:00,3.986
19/04/2025,19:00,5.495
19/04/2025,20:00,6.368
19/04/2025,21:00,6.462
19/04/2025,22:00,5.142
19/04/2025,23:00,5.33
19/04/2025,24:00:00,6.297
20/04/2025,01:00,5.873
20/04/2025,02:00,6.226
20/04/2025,03:00,6.934
20/04/2025,04:00,5.519
20/04/2025,05:00,6.533
20/04/2025,06:00,6.816
20/04/2025,07:00,6.085
20/04/2025,08:00,4.552
20/04/2025,09:00,5.472
20/04/2025,10:00,9.811
20/04/2025,11:00,11.344
20/04/2025,12:00,9.127
20/04/2025,13:00,7.476
20/04/2025,14:00,5.826
20/04/2025,15:00,5.354
20/04/2025,16:00,4.741
20/04/2025,17:00,8.844
20/04/2025,18:00,5.802
20/04/2025,19:00,4.434
20/04/2025,20:00,4.599
20/04/2025,21:00,4.363
20/04/2025,22:00,4.717
20/04/2025,23:00,4.646
20/04/2025,24:00:00,4.057
21/04/2025,01:00,4.929
21/04/2025,02:00,5.708
21/04/2025,03:00,5.59
21/04/2025,04:00,5.519
21/04/2025,05:00,5.542
21/04/2025,06:00,6.297
21/04/2025,07:00,7.429
21/04/2025,08:00,8.868
21/04/2025,09:00,9.717
21/04/2025,10:00,10.66
21/04/2025,11:00,11.439
21/04/2025,12:00,11.769
21/04/2025,13:00,13.137
21/04/2025,14:00,14.175
21/04/2025,15:00,14.293
21/04/2025,16:00,13.797
21/04/2025,17:00,12.925
21/04/2025,18:00,10.826
21/04/2025,19:00,11.014
21/04/2025,20:00,5.425
21/04/2025,21:00,4.788
21/04/2025,22:00,6.675
21/04/2025,23:00,6.816
21/04/2025,24:00:00,6.604
22/04/2025,01:00,5.637
22/04/2025,02:00,6.792
22/04/2025,03:00,7.594
22/04/2025,04:00,8.538
22/04/2025,05:00,8.679
22/04/2025,06:00,8.939
22/04/2025,07:00,8.561
22/04/2025,08:00,8.844
22/04/2025,09:00,9.976
22/04/2025,10:00,7.217
22/04/2025,11:00,4.788
22/04/2025,12:00,3.325
22/04/2025,13:00,3.184
22/04/2025,14:00,3.42
22/04/2025,15:00,3.915
22/04/2025,16:00,4.009
22/04/2025,17:00,4.198
22/04/2025,18:00,3.986
22/04/2025,19:00,3.774
22/04/2025,20:00,5.189
22/04/2025,21:00,6.415
22/04/2025,22:00,5.802
22/04/2025,23:00,5.189
22/04/2025,24:00:00,4.67
23/04/2025,01:00,4.646
23/04/2025,02:00,4.528
23/04/2025,03:00,4.127
23/04/2025,04:00,4.41
23/04/2025,05:00,4.34
23/04/2025,06:00,5.519
23/04/2025,07:00,8.137
23/04/2025,08:00,9.953
23/04/2025,09:00,8.609
23/04/2025,10:00,6.462
23/04/2025,11:00,5.755
23/04/2025,12:00,6.722
23/04/2025,13:00,7.429
23/04/2025,14:00,5.59
23/04/2025,15:00,4.434
23/04/2025,16:00,6.958
23/04/2025,17:00,8.42
23/04/2025,18:00,9.245
23/04/2025,19:00,13.302
23/04/2025,20:00,15.543
23/04/2025,21:00,20.92
23/04/2025,22:00,15.802
23/04/2025,23:00,18.679
23/04/2025,24:00:00,17.76
24/04/2025,01:00,13.302
24/04/2025,02:00,12.736
24/04/2025,03:00,12.453
24/04/2025,04:00,10.896
24/04/2025,05:00,13.396
24/04/2025,06:00,12.193
24/04/2025,07:00,9.104
24/04/2025,08:00,7.264
24/04/2025,09:00,8.019
24/04/2025,10:00,7.689
24/04/2025,11:00,6.439
24/04/2025,12:00,5.472
24/04/2025,13:00,5.59
24/04/2025,14:00,14.764
24/04/2025,15:00,6.604
24/04/2025,16:00,6.297
24/04/2025,17:00,6.675
24/04/2025,18:00,7.288
24/04/2025,19:00,7.146
24/04/2025,20:00,6.014
24/04/2025,21:00,16.038
24/04/2025,22:00,24.245
24/04/2025,23:00,8.75
24/04/2025,24:00:00,10.401
25/04/2025,01:00,16.038
25/04/2025,02:00,9.175
25/04/2025,03:00,8.679
25/04/2025,04:00,8.962
25/04/2025,05:00,8.868
25/04/2025,06:00,12.995
25/04/2025,07:00,13.326
25/04/2025,08:00,16.863
25/04/2025,09:00,6.816
25/04/2025,10:00,5.66
25/04/2025,11:00,4.316
25/04/2025,12:00,5
25/04/2025,13:00,6.038
25/04/2025,14:00,5.071
25/04/2025,15:00,4.906
25/04/2025,16:00,5.118
25/04/2025,17:00,5.472
25/04/2025,18:00,5.92
25/04/2025,19:00,8.278
25/04/2025,20:00,10.566
25/04/2025,21:00,11.061
25/04/2025,22:00,10.448
25/04/2025,23:00,9.528
25/04/2025,24:00:00,10.354
26/04/2025,01:00,9.505
26/04/2025,02:00,9.741
26/04/2025,03:00,10.495
26/04/2025,04:00,10.873
26/04/2025,05:00,10.849
26/04/2025,06:00,12.406
26/04/2025,07:00,14.646
26/04/2025,08:00,16.415
26/04/2025,09:00,16.533
26/04/2025,10:00,13.373
26/04/2025,11:00,11.156
26/04/2025,12:00,10.967
26/04/2025,13:00,11.274
26/04/2025,14:00,11.014
26/04/2025,15:00,11.274
26/04/2025,16:00,11.179
26/04/2025,17:00,10.59
26/04/2025,18:00,10.731
26/04/2025,19:00,12.429
26/04/2025,20:00,23.043
26/04/2025,21:00,28.231
26/04/2025,22:00,28.609
26/04/2025,23:00,29.67
26/04/2025,24:00:00,29.411
27/04/2025,01:00,26.274
27/04/2025,02:00,25.944
27/04/2025,03:00,23.019
27/04/2025,04:00,24.835
27/04/2025,05:00,26.887
27/04/2025,06:00,26.014
27/04/2025,07:00,17.665
27/04/2025,08:00,5.212
27/04/2025,09:00,2.264
27/04/2025,10:00,2.028
27/04/2025,11:00,1.91
27/04/2025,12:00,1.792
27/04/2025,13:00,1.627
27/04/2025,14:00,1.769
27/04/2025,15:00,1.274
27/04/2025,16:00,1.627
27/04/2025,17:00,1.958
27/04/2025,18:00,2.075
27/04/2025,19:00,2.877
27/04/2025,20:00,4.67
27/04/2025,21:00,5.708
27/04/2025,22:00,5.802
27/04/2025,23:00,5.236
27/04/2025,24:00:00,4.198
28/04/2025,01:00,4.269
28/04/2025,02:00,6.675
28/04/2025,03:00,3.986
28/04/2025,04:00,3.703
28/04/2025,05:00,4.646
28/04/2025,06:00,8.09
28/04/2025,07:00,10.495
28/04/2025,08:00,7.759
28/04/2025,09:00,3.113
28/04/2025,10:00,4.481
28/04/2025,11:00,3.939
28/04/2025,12:00,3.868
28/04/2025,13:00,2.759
28/04/2025,14:00,2.689
28/04/2025,15:00,2.524
28/04/2025,16:00,2.689
28/04/2025,17:00,2.311
28/04/2025,18:00,2.5
28/04/2025,19:00,3.373
28/04/2025,20:00,5.283
28/04/2025,21:00,13.774
28/04/2025,22:00,17.972
28/04/2025,23:00,11.745
28/04/2025,24:00:00,11.604
29/04/2025,01:00,10.024
29/04/2025,02:00,9.316
29/04/2025,03:00,9.458
29/04/2025,04:00,9.434
29/04/2025,05:00,13.066
29/04/2025,06:00,13.467
29/04/2025,07:00,19.552
29/04/2025,08:00,17.429
29/04/2025,09:00,13.16
29/04/2025,10:00,14.67
29/04/2025,11:00,12.005
29/04/2025,12:00,10.755
29/04/2025,13:00,9.245
29/04/2025,14:00,7.099
29/04/2025,15:00,6.627
29/04/2025,16:00,7.193
29/04/2025,17:00,8.042
29/04/2025,18:00,7.759
29/04/2025,19:00,8.066
29/04/2025,20:00,8.75
29/04/2025,21:00,59.882
29/04/2025,22:00,42.878
29/04/2025,23:00,11.745
29/04/2025,24:00:00,12.571
30/04/2025,01:00,13.915
30/04/2025,02:00,14.033
30/04/2025,03:00,14.198
30/04/2025,04:00,14.953
30/04/2025,05:00,15.236
30/04/2025,06:00,15.142
30/04/2025,07:00,18.703
30/04/2025,08:00,16.344
30/04/2025,09:00,14.293
30/04/2025,10:00,4.623
30/04/2025,11:00,3.75
30/04/2025,12:00,3.585
30/04/2025,13:00,3.255
30/04/2025,14:00,3.208
30/04/2025,15:00,3.184
30/04/2025,16:00,3.467
30/04/2025,17:00,7.359
30/04/2025,18:00,9.576
30/04/2025,19:00,11.226
30/04/2025,20:00,8.302
30/04/2025,21:00,9.481
30/04/2025,22:00,12.359
30/04/2025,23:00,15.26
30/04/2025,24:00:00,16.274
01/05/2025,01:00,23.09
01/05/2025,02:00,18.231
01/05/2025,03:00,16.58
01/05/2025,04:00,16.486
01/05/2025,05:00,18.208
01/05/2025,06:00,19.835
01/05/2025,07:00,23.09
01/05/2025,08:00,22.099
01/05/2025,09:00,20.59
01/05/2025,10:00,16.368
01/05/2025,11:00,10.354
01/05/2025,12:00,7.736
01/05/2025,13:00,6.604
01/05/2025,14:00,5.708
01/05/2025,15:00,5.896
01/05/2025,16:00,5.59
01/05/2025,17:00,5.259
01/05/2025,18:00,6.156
01/05/2025,19:00,14.717
01/05/2025,20:00,26.321
01/05/2025,21:00,22.783
01/05/2025,22:00,11.439
01/05/2025,23:00,11.392
01/05/2025,24:00:00,10.236
02/05/2025,01:00,9.175
02/05/2025,02:00,9.363
02/05/2025,03:00,9.127
02/05/2025,04:00,8.679
02/05/2025,05:00,6.462
02/05/2025,06:00,5.094
02/05/2025,07:00,4.458
02/05/2025,08:00,3.892
02/05/2025,09:00,3.844
02/05/2025,10:00,4.316
02/05/2025,11:00,4.363
02/05/2025,12:00,5.165
02/05/2025,13:00,6.014
02/05/2025,14:00,6.226
02/05/2025,15:00,6.462
02/05/2025,16:00,6.934
02/05/2025,17:00,7.17
02/05/2025,18:00,6.462
02/05/2025,19:00,6.557
02/05/2025,20:00,6.085
02/05/2025,21:00,4.953
02/05/2025,22:00,5.66
02/05/2025,23:00,6.863
02/05/2025,24:00:00,9.788
03/05/2025,01:00,8.585
03/05/2025,02:00,5.495
03/05/2025,03:00,6.321
03/05/2025,04:00,5.071
03/05/2025,05:00,7.736
03/05/2025,06:00,8.113
03/05/2025,07:00,7.642
03/05/2025,08:00,7.783
03/05/2025,09:00,7.571
03/05/2025,10:00,5.448
03/05/2025,11:00,4.363
03/05/2025,12:00,4.009
03/05/2025,13:00,4.104
03/05/2025,14:00,3.514
03/05/2025,15:00,3.113
03/05/2025,16:00,3.467
03/05/2025,17:00,2.901
03/05/2025,18:00,2.665
03/05/2025,19:00,2.925
03/05/2025,20:00,5.071
03/05/2025,21:00,4.316
03/05/2025,22:00,5
03/05/2025,23:00,5.094
03/05/2025,24:00:00,5
04/05/2025,01:00,5.613
04/05/2025,02:00,5.094
04/05/2025,03:00,4.505
04/05/2025,04:00,3.962
04/05/2025,05:00,4.175
04/05/2025,06:00,4.198
04/05/2025,07:00,3.774
04/05/2025,08:00,3.821
04/05/2025,09:00,4.269
04/05/2025,10:00,2.948
04/05/2025,11:00,2.807
04/05/2025,12:00,2.618
04/05/2025,13:00,3.491
04/05/2025,14:00,3.208
04/05/2025,15:00,2.524
04/05/2025,16:00,2.948
04/05/2025,17:00,3.75
04/05/2025,18:00,3.113
04/05/2025,19:00,4.458
04/05/2025,20:00,4.764
04/05/2025,21:00,5.448
04/05/2025,22:00,5.142
04/05/2025,23:00,5.377
04/05/2025,24:00:00,5.943
05/05/2025,01:00,4.811
05/05/2025,02:00,4.434
05/05/2025,03:00,4.033
05/05/2025,04:00,4.434
05/05/2025,05:00,5.472
05/05/2025,06:00,5
05/05/2025,07:00,4.151
05/05/2025,08:00,4.528
05/05/2025,09:00,4.434
05/05/2025,10:00,4.222
05/05/2025,11:00,3.774
05/05/2025,12:00,3.42
05/05/2025,13:00,3.868
05/05/2025,14:00,3.892
05/05/2025,15:00,5.259
05/05/2025,16:00,5.472
05/05/2025,17:00,4.599
05/05/2025,18:00,4.717
05/05/2025,19:00,4.953
05/05/2025,20:00,5.708
05/05/2025,21:00,5.425
05/05/2025,22:00,5.212
05/05/2025,23:00,5.354
05/05/2025,24:00:00,5.991
06/05/2025,01:00,5.991
06/05/2025,02:00,6.203
06/05/2025,03:00,5.118
06/05/2025,04:00,5.189
06/05/2025,05:00,5.967
06/05/2025,06:00,6.486
06/05/2025,07:00,6.769
06/05/2025,08:00,7.241
06/05/2025,09:00,5.542
06/05/2025,10:00,4.151
06/05/2025,11:00,3.609
06/05/2025,12:00,4.316
06/05/2025,13:00,4.575
06/05/2025,14:00,4.717
06/05/2025,15:00,4.552
06/05/2025,16:00,4.882
06/05/2025,17:00,6.132
06/05/2025,18:00,5.59
06/05/2025,19:00,4.481
06/05/2025,20:00,4.717
06/05/2025,21:00,8.42
06/05/2025,22:00,9.788
06/05/2025,23:00,14.835
06/05/2025,24:00:00,12.429
07/05/2025,01:00,12.476
07/05/2025,02:00,14.835
07/05/2025,03:00,14.434
07/05/2025,04:00,13.349
07/05/2025,05:00,15
07/05/2025,06:00,11.014
07/05/2025,07:00,8.184
07/05/2025,08:00,10.637
07/05/2025,09:00,10.425
07/05/2025,10:00,10.047
07/05/2025,11:00,7.736
07/05/2025,12:00,7.571
07/05/2025,13:00,6.863
07/05/2025,14:00,5.943
07/05/2025,15:00,5.755
07/05/2025,16:00,6.014
07/05/2025,17:00,6.792
07/05/2025,18:00,5.873
07/05/2025,19:00,5.519
07/05/2025,20:00,5.259
07/05/2025,21:00,5.472
07/05/2025,22:00,5.094
07/05/2025,23:00,4.505
07/05/2025,24:00:00,4.458
08/05/2025,01:00,4.67
08/05/2025,02:00,4.198
08/05/2025,03:00,4.269
08/05/2025,04:00,4.599
08/05/2025,05:00,4.458
08/05/2025,06:00,4.623
08/05/2025,07:00,4.811
08/05/2025,08:00,4.316
08/05/2025,09:00,3.726
08/05/2025,10:00,3.821
08/05/2025,11:00,3.986
08/05/2025,12:00,4.057
08/05/2025,13:00,5.59
08/05/2025,14:00,5.684
08/05/2025,15:00,5.59
08/05/2025,16:00,5.472
08/05/2025,17:00,5.778
08/05/2025,18:00,5.66
08/05/2025,19:00,5.189
08/05/2025,20:00,5.283
08/05/2025,21:00,5.189
08/05/2025,22:00,5.92
08/05/2025,23:00,5.425
08/05/2025,24:00:00,9.41
09/05/2025,01:00,12.83
09/05/2025,02:00,12.311
09/05/2025,03:00,11.651
09/05/2025,04:00,10.118
09/05/2025,05:00,10.425
09/05/2025,06:00,10.566
09/05/2025,07:00,10.189
09/05/2025,08:00,12.547
09/05/2025,09:00,10.896
09/05/2025,10:00,8.278
09/05/2025,11:00,6.509
09/05/2025,12:00,7.571
09/05/2025,13:00,5.519
09/05/2025,14:00,5.307
09/05/2025,15:00,6.109
09/05/2025,16:00,5.377
09/05/2025,17:00,3.915
09/05/2025,18:00,4.151
09/05/2025,19:00,4.458
09/05/2025,20:00,4.552
09/05/2025,21:00,15.212
09/05/2025,22:00,7.854
09/05/2025,23:00,4.906
09/05/2025,24:00:00,5.519
10/05/2025,01:00,6.061
10/05/2025,02:00,8.16
10/05/2025,03:00,8.042
10/05/2025,04:00,8.302
10/05/2025,05:00,8.679
10/05/2025,06:00,10.519
10/05/2025,07:00,14.127
10/05/2025,08:00,13.585
10/05/2025,09:00,8.09
10/05/2025,10:00,7.5
10/05/2025,11:00,9.175
10/05/2025,12:00,6.675
10/05/2025,13:00,7.264
10/05/2025,14:00,5.943
10/05/2025,15:00,4.953
10/05/2025,16:00,4.835
10/05/2025,17:00,4.387
10/05/2025,18:00,5.047
10/05/2025,19:00,5.118
10/05/2025,20:00,5.024
10/05/2025,21:00,7.877
10/05/2025,22:00,14.552
10/05/2025,23:00,5.873
10/05/2025,24:00:00,6.509
11/05/2025,01:00,6.368
11/05/2025,02:00,7.618
11/05/2025,03:00,7.83
11/05/2025,04:00,8.326
11/05/2025,05:00,9.245
11/05/2025,06:00,11.722
11/05/2025,07:00,13.09
11/05/2025,08:00,13.326
11/05/2025,09:00,11.958
11/05/2025,10:00,11.651
11/05/2025,11:00,10.071
11/05/2025,12:00,7.948
11/05/2025,13:00,5.519
11/05/2025,14:00,7.524
11/05/2025,15:00,4.599
11/05/2025,16:00,3.986
11/05/2025,17:00,5.542
11/05/2025,18:00,6.344
11/05/2025,19:00,5.755
11/05/2025,20:00,7.241
11/05/2025,21:00,19.316
11/05/2025,22:00,11.226
11/05/2025,23:00,13.892
11/05/2025,24:00:00,18.844
12/05/2025,01:00,19.481
12/05/2025,02:00,20.354
12/05/2025,03:00,20.519
12/05/2025,04:00,18.609
12/05/2025,05:00,17.83
12/05/2025,06:00,17.288
12/05/2025,07:00,17.642
12/05/2025,08:00,16.557
12/05/2025,09:00,15.967
12/05/2025,10:00,15.755
12/05/2025,11:00,16.014
12/05/2025,12:00,12.854
12/05/2025,13:00,8.373
12/05/2025,14:00,6.745
12/05/2025,15:00,6.203
12/05/2025,16:00,5.778
12/05/2025,17:00,5.259
12/05/2025,18:00,5.495
12/05/2025,19:00,6.274
12/05/2025,20:00,7.476
12/05/2025,21:00,10.401
12/05/2025,22:00,15
12/05/2025,23:00,15.236
12/05/2025,24:00:00,13.278
13/05/2025,01:00,12.783
13/05/2025,02:00,12.382
13/05/2025,03:00,11.014
13/05/2025,04:00,10.826
13/05/2025,05:00,10.731
13/05/2025,06:00,10.566
13/05/2025,07:00,10.613
13/05/2025,08:00,9.08
13/05/2025,09:00,7.453
13/05/2025,10:00,7.335
13/05/2025,11:00,7.311
13/05/2025,12:00,7.689
13/05/2025,13:00,7.759
13/05/2025,14:00,7.099
13/05/2025,15:00,6.203
13/05/2025,16:00,6.321
13/05/2025,17:00,6.651
13/05/2025,18:00,7.264
13/05/2025,19:00,7.689
13/05/2025,20:00,39.104
13/05/2025,21:00,17.524
13/05/2025,22:00,14.41
13/05/2025,23:00,9.906
13/05/2025,24:00:00,9.764
14/05/2025,01:00,10.755
14/05/2025,02:00,9.741
14/05/2025,03:00,10.778
14/05/2025,04:00,12.099
14/05/2025,05:00,12.995
14/05/2025,06:00,12.453
14/05/2025,07:00,10.66
14/05/2025,08:00,10.259
14/05/2025,09:00,12.406
14/05/2025,10:00,13.113
14/05/2025,11:00,11.863
14/05/2025,12:00,12.359
14/05/2025,13:00,12.83
14/05/2025,14:00,12.665
14/05/2025,15:00,12.5
14/05/2025,16:00,10.33
14/05/2025,17:00,7.311
14/05/2025,18:00,6.179
14/05/2025,19:00,6.816
14/05/2025,20:00,6.816
14/05/2025,21:00,8.892
14/05/2025,22:00,8.939
14/05/2025,23:00,9.316
14/05/2025,24:00:00,8.774
15/05/2025,01:00,9.764
15/05/2025,02:00,10.118
15/05/2025,03:00,9.387
15/05/2025,04:00,9.316
15/05/2025,05:00,9.599
15/05/2025,06:00,9.693
15/05/2025,07:00,9.316
15/05/2025,08:00,9.151
15/05/2025,09:00,9.434
15/05/2025,10:00,9.976
15/05/2025,11:00,10.283
15/05/2025,12:00,10.472
15/05/2025,13:00,10.472
15/05/2025,14:00,10.66
15/05/2025,15:00,10.495
15/05/2025,16:00,10.401
15/05/2025,17:00,9.882
15/05/2025,18:00,10.047
15/05/2025,19:00,11.25
15/05/2025,20:00,11.604
15/05/2025,21:00,11.793
15/05/2025,22:00,11.816
15/05/2025,23:00,12.264
15/05/2025,24:00:00,12.193
16/05/2025,01:00,12.854
16/05/2025,02:00,14.835
16/05/2025,03:00,15.377
16/05/2025,04:00,13.821
16/05/2025,05:00,12.5
16/05/2025,06:00,11.557
16/05/2025,07:00,9.764
16/05/2025,08:00,8.679
16/05/2025,09:00,8.679
16/05/2025,10:00,8.231
16/05/2025,11:00,9.505
16/05/2025,12:00,10.236
16/05/2025,13:00,10.472
16/05/2025,14:00,26.91
16/05/2025,15:00,8.797
16/05/2025,16:00,8.467
16/05/2025,17:00,8.443
16/05/2025,18:00,8.892
16/05/2025,19:00,9.906
16/05/2025,20:00,11.179
16/05/2025,21:00,10.33
16/05/2025,22:00,9.859
16/05/2025,23:00,9.08
16/05/2025,24:00:00,12.028
17/05/2025,01:00,11.132
17/05/2025,02:00,9.316
17/05/2025,03:00,8.302
17/05/2025,04:00,7.618
17/05/2025,05:00,6.84
17/05/2025,06:00,6.203
17/05/2025,07:00,5.92
17/05/2025,08:00,5.094
17/05/2025,09:00,5.283
17/05/2025,10:00,6.816
17/05/2025,11:00,8.113
17/05/2025,12:00,9.222
17/05/2025,13:00,9.693
17/05/2025,14:00,9.764
17/05/2025,15:00,9.859
17/05/2025,16:00,10.495
17/05/2025,17:00,10
17/05/2025,18:00,7.925
17/05/2025,19:00,7.759
17/05/2025,20:00,6.557
17/05/2025,21:00,8.042
17/05/2025,22:00,9.67
17/05/2025,23:00,10.519
17/05/2025,24:00:00,9.976
18/05/2025,01:00,11.557
18/05/2025,02:00,12.146
18/05/2025,03:00,9.811
18/05/2025,04:00,8.42
18/05/2025,05:00,8.326
18/05/2025,06:00,9.033
18/05/2025,07:00,9.41
18/05/2025,08:00,9.859
18/05/2025,09:00,10.849
18/05/2025,10:00,12.689
18/05/2025,11:00,12.547
18/05/2025,12:00,13.656
18/05/2025,13:00,13.184
18/05/2025,14:00,12.925
18/05/2025,15:00,10.778
18/05/2025,16:00,11.321
18/05/2025,17:00,10.566
18/05/2025,18:00,8.774
18/05/2025,19:00,7.689
18/05/2025,20:00,7.217
18/05/2025,21:00,10.165
18/05/2025,22:00,10.566
18/05/2025,23:00,8.868
18/05/2025,24:00:00,8.821
19/05/2025,01:00,8.302
19/05/2025,02:00,8.302
19/05/2025,03:00,7.712
19/05/2025,04:00,7.594
19/05/2025,05:00,6.958
19/05/2025,06:00,8.373
19/05/2025,07:00,8.255
19/05/2025,08:00,7.972
19/05/2025,09:00,7.476
19/05/2025,10:00,8.255
19/05/2025,11:00,9.788
19/05/2025,12:00,10.802
19/05/2025,13:00,10.236
19/05/2025,14:00,7.759
19/05/2025,15:00,7.783
19/05/2025,16:00,7.995
19/05/2025,17:00,7.689
19/05/2025,18:00,7.311
19/05/2025,19:00,6.934
19/05/2025,20:00,11.509
19/05/2025,21:00,9.387
19/05/2025,22:00,18.137
19/05/2025,23:00,14.245
19/05/2025,24:00:00,11.934
20/05/2025,01:00,10.094
20/05/2025,02:00,10.613
20/05/2025,03:00,12.146
20/05/2025,04:00,12.453
20/05/2025,05:00,11.297
20/05/2025,06:00,11.462
20/05/2025,07:00,11.486
20/05/2025,08:00,10.425
20/05/2025,09:00,11.462
20/05/2025,10:00,10.613
20/05/2025,11:00,9.175
20/05/2025,12:00,7.453
20/05/2025,13:00,5.519
20/05/2025,14:00,6.109
20/05/2025,15:00,6.014
20/05/2025,16:00,6.203
20/05/2025,17:00,5.778
20/05/2025,18:00,5.896
20/05/2025,19:00,7.241
20/05/2025,20:00,8.514
20/05/2025,21:00,10.212
20/05/2025,22:00,7.052
20/05/2025,23:00,6.486
20/05/2025,24:00:00,6.415
21/05/2025,01:00,6.368
21/05/2025,02:00,8.09
21/05/2025,03:00,9.222
21/05/2025,04:00,10.873
21/05/2025,05:00,13.538
21/05/2025,06:00,12.925
21/05/2025,07:00,11.58
21/05/2025,08:00,10.425
21/05/2025,09:00,11.25
21/05/2025,10:00,12.972
21/05/2025,11:00,13.184
21/05/2025,12:00,13.491
21/05/2025,13:00,10.307
21/05/2025,14:00,9.363
21/05/2025,15:00,8.585
21/05/2025,16:00,7.948
21/05/2025,17:00,8.231
21/05/2025,18:00,8.231
21/05/2025,19:00,8.278
21/05/2025,20:00,8.821
21/05/2025,21:00,9.788
21/05/2025,22:00,11.392
21/05/2025,23:00,11.486
21/05/2025,24:00:00,9.929
22/05/2025,01:00,10.377
22/05/2025,02:00,9.528
22/05/2025,03:00,9.434
22/05/2025,04:00,9.41
22/05/2025,05:00,8.868
22/05/2025,06:00,9.104
22/05/2025,07:00,9.293
22/05/2025,08:00,6.25
22/05/2025,09:00,5.684
22/05/2025,10:00,6.061
22/05/2025,11:00,5.873
22/05/2025,12:00,6.109
22/05/2025,13:00,5.802
22/05/2025,14:00,5.047
22/05/2025,15:00,4.788
22/05/2025,16:00,3.844
22/05/2025,17:00,3.797
22/05/2025,18:00,3.892
22/05/2025,19:00,4.316
22/05/2025,20:00,5.071
22/05/2025,21:00,5.495
22/05/2025,22:00,4.788
22/05/2025,23:00,6.769
22/05/2025,24:00:00,6.132
23/05/2025,01:00,7.099
23/05/2025,02:00,6.038
23/05/2025,03:00,5.094
23/05/2025,04:00,4.741
23/05/2025,05:00,4.859
23/05/2025,06:00,6.226
23/05/2025,07:00,8.585
23/05/2025,08:00,6.439
23/05/2025,09:00,6.675
23/05/2025,10:00,7.123
23/05/2025,11:00,5.873
23/05/2025,12:00,4.481
23/05/2025,13:00,5.236
23/05/2025,14:00,5.259
23/05/2025,15:00,5.212
23/05/2025,16:00,5.33
23/05/2025,17:00,5
23/05/2025,18:00,6.958
23/05/2025,19:00,4.906
23/05/2025,20:00,4.127
23/05/2025,21:00,6.297
23/05/2025,22:00,6.486
23/05/2025,23:00,5.212
23/05/2025,24:00:00,5.802
24/05/2025,01:00,6.061
24/05/2025,02:00,5.826
24/05/2025,03:00,3.962
24/05/2025,04:00,2.075
24/05/2025,05:00,2.524
24/05/2025,06:00,3.113
24/05/2025,07:00,3.42
24/05/2025,08:00,3.797
24/05/2025,09:00,4.057
24/05/2025,10:00,4.67
24/05/2025,11:00,5.613
24/05/2025,12:00,6.58
24/05/2025,13:00,7.359
24/05/2025,14:00,7.382
24/05/2025,15:00,7.712
24/05/2025,16:00,7.665
24/05/2025,17:00,7.146
24/05/2025,18:00,6.25
24/05/2025,19:00,6.462
24/05/2025,20:00,5.33
24/05/2025,21:00,5.377
24/05/2025,22:00,5.896
24/05/2025,23:00,4.505
24/05/2025,24:00:00,3.774
25/05/2025,01:00,3.467
25/05/2025,02:00,2.689
25/05/2025,03:00,5.047
25/05/2025,04:00,6.651
25/05/2025,05:00,5.802
25/05/2025,06:00,3.231
25/05/2025,07:00,2.335
25/05/2025,08:00,3.538
25/05/2025,09:00,4.057
25/05/2025,10:00,3.892
25/05/2025,11:00,3.302
25/05/2025,12:00,3.231
25/05/2025,13:00,3.632
25/05/2025,14:00,3.986
25/05/2025,15:00,3.561
25/05/2025,16:00,3.302
25/05/2025,17:00,3.373
25/05/2025,18:00,2.406
25/05/2025,19:00,2.901
25/05/2025,20:00,2.83
25/05/2025,21:00,3.75
25/05/2025,22:00,3.514
25/05/2025,23:00,2.83
25/05/2025,24:00:00,4.292
26/05/2025,01:00,3.137
26/05/2025,02:00,2.901
26/05/2025,03:00,2.995
26/05/2025,04:00,3.16
26/05/2025,05:00,3.302
26/05/2025,06:00,3.349
26/05/2025,07:00,3.892
26/05/2025,08:00,4.269
26/05/2025,09:00,4.41
26/05/2025,10:00,4.481
26/05/2025,11:00,3.821
26/05/2025,12:00,3.774
26/05/2025,13:00,4.34
26/05/2025,14:00,3.585
26/05/2025,15:00,3.703
26/05/2025,16:00,3.962
26/05/2025,17:00,3.349
26/05/2025,18:00,2.689
26/05/2025,19:00,2.193
26/05/2025,20:00,1.958
26/05/2025,21:00,3.278
26/05/2025,22:00,2.783
26/05/2025,23:00,1.627
26/05/2025,24:00:00,0.991
27/05/2025,01:00,1.769
27/05/2025,02:00,2.524
27/05/2025,03:00,2.594
27/05/2025,04:00,2.052
27/05/2025,05:00,2.193
27/05/2025,06:00,2.5
27/05/2025,07:00,2.972
27/05/2025,08:00,3.491
27/05/2025,09:00,2.736
27/05/2025,10:00,1.722
27/05/2025,11:00,2.146
27/05/2025,12:00,2.146
27/05/2025,13:00,4.104
27/05/2025,14:00,4.741
27/05/2025,15:00,3.774
27/05/2025,16:00,3.255
27/05/2025,17:00,2.618
27/05/2025,18:00,2.972
27/05/2025,19:00,3.373
27/05/2025,20:00,3.184
27/05/2025,21:00,3.514
27/05/2025,22:00,4.741
27/05/2025,23:00,4.575
27/05/2025,24:00:00,2.146
28/05/2025,01:00,1.745
28/05/2025,02:00,1.863
28/05/2025,03:00,2.618
28/05/2025,04:00,3.443
28/05/2025,05:00,4.104
28/05/2025,06:00,4.599
28/05/2025,07:00,3.939
28/05/2025,08:00,3.019
28/05/2025,09:00,3.113
28/05/2025,10:00,2.264
28/05/2025,11:00,2.406
28/05/2025,12:00,2.736
28/05/2025,13:00,2.524
28/05/2025,14:00,3.561
28/05/2025,15:00,2.689
28/05/2025,16:00,2.642
28/05/2025,17:00,2.5
28/05/2025,18:00,2.335
28/05/2025,19:00,1.91
28/05/2025,20:00,2.099
28/05/2025,21:00,2.335
28/05/2025,22:00,3.349
28/05/2025,23:00,6.84
28/05/2025,24:00:00,11.014
29/05/2025,01:00,3.986
29/05/2025,02:00,4.623
29/05/2025,03:00,7.665
29/05/2025,04:00,14.08
29/05/2025,05:00,5.873
29/05/2025,06:00,4.976
29/05/2025,07:00,4.764
29/05/2025,08:00,3.726
29/05/2025,09:00,2.759
29/05/2025,10:00,2.241
29/05/2025,11:00,2.146
29/05/2025,12:00,2.925
29/05/2025,13:00,3.325
29/05/2025,14:00,3.656
29/05/2025,15:00,3.538
29/05/2025,16:00,2.877
29/05/2025,17:00,2.099
29/05/2025,18:00,1.627
29/05/2025,19:00,1.627
29/05/2025,20:00,1.698
29/05/2025,21:00,1.557
29/05/2025,22:00,1.533
29/05/2025,23:00,1.439
29/05/2025,24:00:00,1.415
30/05/2025,01:00,1.439
30/05/2025,02:00,1.627
30/05/2025,03:00,1.863
30/05/2025,04:00,2.028
30/05/2025,05:00,2.123
30/05/2025,06:00,2.547
30/05/2025,07:00,2.571
30/05/2025,08:00,3.561
30/05/2025,09:00,2.736
30/05/2025,10:00,2.217
30/05/2025,11:00,1.792
30/05/2025,12:00,1.368
30/05/2025,13:00,1.698
30/05/2025,14:00,2.005
30/05/2025,15:00,2.028
30/05/2025,16:00,2.948
30/05/2025,17:00,2.406
30/05/2025,18:00,2.524
30/05/2025,19:00,3.066
30/05/2025,20:00,3.467
30/05/2025,21:00,5.024
30/05/2025,22:00,7.005
30/05/2025,23:00,9.458
30/05/2025,24:00:00,12.099
31/05/2025,01:00,3.491
31/05/2025,02:00,2.689
31/05/2025,03:00,2.359
31/05/2025,04:00,3.373
31/05/2025,05:00,4.599
31/05/2025,06:00,2.759
31/05/2025,07:00,2.429
31/05/2025,08:00,3.231
31/05/2025,09:00,1.887
31/05/2025,10:00,1.981
31/05/2025,11:00,1.533
31/05/2025,12:00,1.58
31/05/2025,13:00,1.509
31/05/2025,14:00,1.698
31/05/2025,15:00,1.604
31/05/2025,16:00,2.311
31/05/2025,17:00,2.571
31/05/2025,18:00,2.052
31/05/2025,19:00,2.618
31/05/2025,20:00,3.066
31/05/2025,21:00,3.656
31/05/2025,22:00,6.109
31/05/2025,23:00,6.297
31/05/2025,24:00:00,7.359
01/06/2025,01:00,6.344
01/06/2025,02:00,6.462
01/06/2025,03:00,6.863
01/06/2025,04:00,7.146
01/06/2025,05:00,6.887
01/06/2025,06:00,6.651
01/06/2025,07:00,6.226
01/06/2025,08:00,4.882
01/06/2025,09:00,4.458
01/06/2025,10:00,4.127
01/06/2025,11:00,3.868
01/06/2025,12:00,3.962
01/06/2025,13:00,3.208
01/06/2025,14:00,3.184
01/06/2025,15:00,3.09
01/06/2025,16:00,3.066
01/06/2025,17:00,3.443
01/06/2025,18:00,2.712
01/06/2025,19:00,2.571
01/06/2025,20:00,2.925
01/06/2025,21:00,3.726
01/06/2025,22:00,3.538
01/06/2025,23:00,3.774
01/06/2025,24:00:00,3.632
02/06/2025,01:00,3.16
02/06/2025,02:00,3.42
02/06/2025,03:00,4.481
02/06/2025,04:00,4.953
02/06/2025,05:00,5.778
02/06/2025,06:00,7.052
02/06/2025,07:00,6.368
02/06/2025,08:00,5
02/06/2025,09:00,4.009
02/06/2025,10:00,3.774
02/06/2025,11:00,4.811
02/06/2025,12:00,4.976
02/06/2025,13:00,4.198
02/06/2025,14:00,4.505
02/06/2025,15:00,5.566
02/06/2025,16:00,4.505
02/06/2025,17:00,4.481
02/06/2025,18:00,4.222
02/06/2025,19:00,4.057
02/06/2025,20:00,4.434
02/06/2025,21:00,4.552
02/06/2025,22:00,3.868
02/06/2025,23:00,3.939
02/06/2025,24:00:00,4.552
03/06/2025,01:00,5.566
03/06/2025,02:00,6.604
03/06/2025,03:00,6.392
03/06/2025,04:00,6.297
03/06/2025,05:00,12.359
03/06/2025,06:00,9.316
03/06/2025,07:00,5.047
03/06/2025,08:00,4.693
03/06/2025,09:00,4.646
03/06/2025,10:00,3.962
03/06/2025,11:00,4.127
03/06/2025,12:00,3.939
03/06/2025,13:00,3.184
03/06/2025,14:00,3.703
03/06/2025,15:00,3.16
03/06/2025,16:00,3.703
03/06/2025,17:00,3.585
03/06/2025,18:00,2.948
03/06/2025,19:00,3.656
03/06/2025,20:00,3.42
03/06/2025,21:00,3.915
03/06/2025,22:00,3.325
03/06/2025,23:00,2.736
03/06/2025,24:00:00,3.491
04/06/2025,01:00,4.009
04/06/2025,02:00,4.693
04/06/2025,03:00,4.245
04/06/2025,04:00,4.67
04/06/2025,05:00,5.708
04/06/2025,06:00,6.132
04/06/2025,07:00,6.156
04/06/2025,08:00,6.392
04/06/2025,09:00,6.344
04/06/2025,10:00,5.236
04/06/2025,11:00,5.071
04/06/2025,12:00,4.764
04/06/2025,13:00,5.731
04/06/2025,14:00,5.472
04/06/2025,15:00,5.377
04/06/2025,16:00,5.542
04/06/2025,17:00,3.915
04/06/2025,18:00,3.679
04/06/2025,19:00,3.986
04/06/2025,20:00,3.679
04/06/2025,21:00,4.693
04/06/2025,22:00,5.259
04/06/2025,23:00,5.259
04/06/2025,24:00:00,5.731
05/06/2025,01:00,4.269
05/06/2025,02:00,3.42
05/06/2025,03:00,3.113
05/06/2025,04:00,2.618
05/06/2025,05:00,2.005
05/06/2025,06:00,1.486
05/06/2025,07:00,1.58
05/06/2025,08:00,1.934
05/06/2025,09:00,1.604
05/06/2025,10:00,1.462
05/06/2025,11:00,1.392
05/06/2025,12:00,1.675
05/06/2025,13:00,1.25
05/06/2025,14:00,1.675
05/06/2025,15:00,3.302
05/06/2025,16:00,1.958
05/06/2025,17:00,2.028
05/06/2025,18:00,3.349
05/06/2025,19:00,5.448
05/06/2025,20:00,4.623
05/06/2025,21:00,1.91
05/06/2025,22:00,2.123
05/06/2025,23:00,1.981
05/06/2025,24:00:00,1.722
06/06/2025,01:00,1.604
06/06/2025,02:00,1.863
06/06/2025,03:00,2.075
06/06/2025,04:00,3.467
06/06/2025,05:00,5.566
06/06/2025,06:00,6.816
06/06/2025,07:00,3.231
06/06/2025,08:00,2.288
06/06/2025,09:00,2.665
06/06/2025,10:00,2.807
06/06/2025,11:00,2.854
06/06/2025,12:00,2.807
06/06/2025,13:00,2.5
06/06/2025,14:00,2.783
06/06/2025,15:00,2.689
06/06/2025,16:00,2.335
06/06/2025,17:00,2.335
06/06/2025,18:00,2.807
06/06/2025,19:00,3.443
06/06/2025,20:00,3.868
06/06/2025,21:00,3.373
06/06/2025,22:00,3.538
06/06/2025,23:00,4.788
06/06/2025,24:00:00,4.387
07/06/2025,01:00,4.057
07/06/2025,02:00,3.821
07/06/2025,03:00,3.868
07/06/2025,04:00,3.538
07/06/2025,05:00,3.632
07/06/2025,06:00,3.797
07/06/2025,07:00,3.208
07/06/2025,08:00,2.594
07/06/2025,09:00,2.547
07/06/2025,10:00,2.217
07/06/2025,11:00,2.547
07/06/2025,12:00,2.665
07/06/2025,13:00,1.887
07/06/2025,14:00,2.311
07/06/2025,15:00,1.981
07/06/2025,16:00,1.627
07/06/2025,17:00,1.509
07/06/2025,18:00,1.981
07/06/2025,19:00,1.958
07/06/2025,20:00,52.83
07/06/2025,21:00,3.137
07/06/2025,22:00,4.434
07/06/2025,23:00,2.783
07/06/2025,24:00:00,2.736
08/06/2025,01:00,5.59
08/06/2025,02:00,3.585
08/06/2025,03:00,3.585
08/06/2025,04:00,3.514
08/06/2025,05:00,3.16
08/06/2025,06:00,2.618
08/06/2025,07:00,1.934
08/06/2025,08:00,2.241
08/06/2025,09:00,2.052
08/06/2025,10:00,2.217
08/06/2025,11:00,2.547
08/06/2025,12:00,2.241
08/06/2025,13:00,2.618
08/06/2025,14:00,3.726
08/06/2025,15:00,4.528
08/06/2025,16:00,6.297
08/06/2025,17:00,8.066
08/06/2025,18:00,9.953
08/06/2025,19:00,11.203
08/06/2025,20:00,10.354
08/06/2025,21:00,10.259
08/06/2025,22:00,11.132
08/06/2025,23:00,12.241
08/06/2025,24:00:00,14.387
09/06/2025,01:00,15.967
09/06/2025,02:00,14.929
09/06/2025,03:00,15.708
09/06/2025,04:00,17.712
09/06/2025,05:00,19.222
09/06/2025,06:00,19.363
09/06/2025,07:00,17.995
09/06/2025,08:00,22.547
09/06/2025,09:00,29.67
09/06/2025,10:00,34.434
09/06/2025,11:00,37.783
09/06/2025,12:00,36.84
09/06/2025,13:00,39.057
09/06/2025,14:00,33.585
09/06/2025,15:00,26.085
09/06/2025,16:00,25.189
09/06/2025,17:00,24.552
09/06/2025,18:00,25.778
09/06/2025,19:00,25.472
09/06/2025,20:00,24.316
09/06/2025,21:00,22.83
09/06/2025,22:00,20.472
09/06/2025,23:00,15.495
09/06/2025,24:00:00,8.656
10/06/2025,01:00,3.396
10/06/2025,02:00,1.274
10/06/2025,03:00,0.731
10/06/2025,04:00,1.462
10/06/2025,05:00,1.014
10/06/2025,06:00,1.25
10/06/2025,07:00,2.5
10/06/2025,08:00,2.618
10/06/2025,09:00,3.726
10/06/2025,10:00,5.826
10/06/2025,11:00,8.726
10/06/2025,12:00,10.708
10/06/2025,13:00,9.08
10/06/2025,14:00,8.75
10/06/2025,15:00,8.632
10/06/2025,16:00,8.373
10/06/2025,17:00,8.42
10/06/2025,18:00,8.609
10/06/2025,19:00,8.892
10/06/2025,20:00,9.693
10/06/2025,21:00,10.189
10/06/2025,22:00,12.264
10/06/2025,23:00,11.675
10/06/2025,24:00:00,20.165
11/06/2025,01:00,15.802
11/06/2025,02:00,12.712
11/06/2025,03:00,12.382
11/06/2025,04:00,13.986
11/06/2025,05:00,13.797
11/06/2025,06:00,14.528
11/06/2025,07:00,19.245
11/06/2025,08:00,14.151
11/06/2025,09:00,10.731
11/06/2025,10:00,9.576
11/06/2025,11:00,10.778
11/06/2025,12:00,11.014
11/06/2025,13:00,11.109
11/06/2025,14:00,11.132
11/06/2025,15:00,9.646
11/06/2025,16:00,9.764
11/06/2025,17:00,8.679
11/06/2025,18:00,9.363
11/06/2025,19:00,9.151
11/06/2025,20:00,8.255
11/06/2025,21:00,8.774
11/06/2025,22:00,8.868
11/06/2025,23:00,8.467
11/06/2025,24:00:00,7.736
12/06/2025,01:00,6.958
12/06/2025,02:00,6.651
12/06/2025,03:00,6.745
12/06/2025,04:00,7.618
12/06/2025,05:00,11.981
12/06/2025,06:00,12.123
12/06/2025,07:00,13.986
12/06/2025,08:00,12.264
12/06/2025,09:00,11.557
12/06/2025,10:00,11.604
12/06/2025,11:00,12.217
12/06/2025,12:00,11.439
12/06/2025,13:00,11.085
12/06/2025,14:00,11.439
12/06/2025,15:00,11.392
12/06/2025,16:00,13.066
12/06/2025,17:00,12.83
12/06/2025,18:00,8.821
12/06/2025,19:00,6.25
12/06/2025,20:00,5.024
12/06/2025,21:00,6.179
12/06/2025,22:00,9.788
12/06/2025,23:00,8.16
12/06/2025,24:00:00,7.406
13/06/2025,01:00,11.462
13/06/2025,02:00,14.198
13/06/2025,03:00,11.793
13/06/2025,04:00,9.434
13/06/2025,05:00,8.561
13/06/2025,06:00,12.005
13/06/2025,07:00,11.321
13/06/2025,08:00,10.212
13/06/2025,09:00,11.392
13/06/2025,10:00,10.33
13/06/2025,11:00,8.113
13/06/2025,12:00,7.193
13/06/2025,13:00,5.142
13/06/2025,14:00,4.434
13/06/2025,15:00,5.943
13/06/2025,16:00,5.33
13/06/2025,17:00,5.118
13/06/2025,18:00,5.66
13/06/2025,19:00,7.571
13/06/2025,20:00,5.236
13/06/2025,21:00,7.547
13/06/2025,22:00,7.524
13/06/2025,23:00,7.83
13/06/2025,24:00:00,7.807
14/06/2025,01:00,7.453
14/06/2025,02:00,7.689
14/06/2025,03:00,8.538
14/06/2025,04:00,9.882
14/06/2025,05:00,10.519
14/06/2025,06:00,12.146
14/06/2025,07:00,12.972
14/06/2025,08:00,12.288
14/06/2025,09:00,10.708
14/06/2025,10:00,15.283
14/06/2025,11:00,5.755
14/06/2025,12:00,5.212
14/06/2025,13:00,2.429
14/06/2025,14:00,1.91
14/06/2025,15:00,1.816
14/06/2025,16:00,1.415
14/06/2025,17:00,2.335
14/06/2025,18:00,2.642
14/06/2025,19:00,3.443
14/06/2025,20:00,4.292
14/06/2025,21:00,4.976
14/06/2025,22:00,5.259
14/06/2025,23:00,5.448
14/06/2025,24:00:00,4.316
15/06/2025,01:00,4.552
15/06/2025,02:00,4.151
15/06/2025,03:00,3.986
15/06/2025,04:00,4.363
15/06/2025,05:00,4.788
15/06/2025,06:00,6.392
15/06/2025,07:00,6.038
15/06/2025,08:00,5.637
15/06/2025,09:00,5.613
15/06/2025,10:00,5.33
15/06/2025,11:00,5.189
15/06/2025,12:00,4.882
15/06/2025,13:00,4.788
15/06/2025,14:00,4.859
15/06/2025,15:00,4.08
15/06/2025,16:00,5.189
15/06/2025,17:00,6.061
15/06/2025,18:00,5.472
15/06/2025,19:00,2.972
15/06/2025,20:00,2.877
15/06/2025,21:00,3.066
15/06/2025,22:00,2.571
15/06/2025,23:00,2.736
15/06/2025,24:00:00,2.972
16/06/2025,01:00,3.373
16/06/2025,02:00,3.726
16/06/2025,03:00,3.844
16/06/2025,04:00,4.033
16/06/2025,05:00,4.646
16/06/2025,06:00,5.967
16/06/2025,07:00,5.802
16/06/2025,08:00,5.873
16/06/2025,09:00,4.976
16/06/2025,10:00,5.047
16/06/2025,11:00,6.981
16/06/2025,12:00,6.344
16/06/2025,13:00,6.321
16/06/2025,14:00,6.203
16/06/2025,15:00,6.533
16/06/2025,16:00,6.769
16/06/2025,17:00,6.439
16/06/2025,18:00,5.92
16/06/2025,19:00,7.359
16/06/2025,20:00,9.576
16/06/2025,21:00,8.962
16/06/2025,22:00,9.906
16/06/2025,23:00,10.425
16/06/2025,24:00:00,9.057
17/06/2025,01:00,7.665
17/06/2025,02:00,6.981
17/06/2025,03:00,6.604
17/06/2025,04:00,6.557
17/06/2025,05:00,6.462
17/06/2025,06:00,7.146
17/06/2025,07:00,8.278
17/06/2025,08:00,9.717
17/06/2025,09:00,12.925
17/06/2025,10:00,15.283
17/06/2025,11:00,16.627
17/06/2025,12:00,17.052
17/06/2025,13:00,17.995
17/06/2025,14:00,18.656
17/06/2025,15:00,17.052
17/06/2025,16:00,16.675
17/06/2025,17:00,14.033
17/06/2025,18:00,12.17
17/06/2025,19:00,9.293
17/06/2025,20:00,6.014
17/06/2025,21:00,5.755
17/06/2025,22:00,5.165
17/06/2025,23:00,4.552
17/06/2025,24:00:00,12.359
18/06/2025,01:00,5.519
18/06/2025,02:00,4.198
18/06/2025,03:00,12.877
18/06/2025,04:00,8.326
18/06/2025,05:00,9.481
18/06/2025,06:00,8.326
18/06/2025,07:00,6.462
18/06/2025,08:00,7.5
18/06/2025,09:00,6.769
18/06/2025,10:00,7.217
18/06/2025,11:00,7.547
18/06/2025,12:00,6.557
18/06/2025,13:00,6.627
18/06/2025,14:00,6.792
18/06/2025,15:00,7.005
18/06/2025,16:00,6.958
18/06/2025,17:00,6.439
18/06/2025,18:00,6.132
18/06/2025,19:00,5.92
18/06/2025,20:00,7.099
18/06/2025,21:00,7.571
18/06/2025,22:00,6.627
18/06/2025,23:00,6.014
18/06/2025,24:00:00,5.755
19/06/2025,01:00,6.627
19/06/2025,02:00,6.392
19/06/2025,03:00,5.212
19/06/2025,04:00,4.929
19/06/2025,05:00,4.976
19/06/2025,06:00,6.392
19/06/2025,07:00,7.264
19/06/2025,08:00,10.259
19/06/2025,09:00,16.462
19/06/2025,10:00,9.623
19/06/2025,11:00,8.019
19/06/2025,12:00,7.311
19/06/2025,13:00,7.099
19/06/2025,14:00,7.052
19/06/2025,15:00,7.736
19/06/2025,16:00,7.972
19/06/2025,17:00,7.995
19/06/2025,18:00,8.255
19/06/2025,19:00,7.665
19/06/2025,20:00,6.627
19/06/2025,21:00,6.91
19/06/2025,22:00,8.255
19/06/2025,23:00,7.689
19/06/2025,24:00:00,6.792
20/06/2025,01:00,7.759
20/06/2025,02:00,8.184
20/06/2025,03:00,7.217
20/06/2025,04:00,7.783
20/06/2025,05:00,10.826
20/06/2025,06:00,12.146
20/06/2025,07:00,12.288
20/06/2025,08:00,12.17
20/06/2025,09:00,11.722
20/06/2025,10:00,13.043
20/06/2025,11:00,12.123
20/06/2025,12:00,12.241
20/06/2025,13:00,11.651
20/06/2025,14:00,10.495
20/06/2025,15:00,9.528
20/06/2025,16:00,9.505
20/06/2025,17:00,9.458
20/06/2025,18:00,9.481
20/06/2025,19:00,9.41
20/06/2025,20:00,9.764
20/06/2025,21:00,10.094
20/06/2025,22:00,12.571
20/06/2025,23:00,11.557
20/06/2025,24:00:00,9.127
21/06/2025,01:00,8.656
21/06/2025,02:00,8.255
21/06/2025,03:00,7.972
21/06/2025,04:00,8.302
21/06/2025,05:00,8.184
21/06/2025,06:00,8.467
21/06/2025,07:00,9.67
21/06/2025,08:00,7.264
21/06/2025,09:00,6.934
21/06/2025,10:00,6.509
21/06/2025,11:00,6.179
21/06/2025,12:00,6.58
21/06/2025,13:00,8.514
21/06/2025,14:00,8.915
21/06/2025,15:00,8.797
21/06/2025,16:00,10.165
21/06/2025,17:00,9.835
21/06/2025,18:00,10.142
21/06/2025,19:00,9.811
21/06/2025,20:00,9.811
21/06/2025,21:00,9.505
21/06/2025,22:00,10.731
21/06/2025,23:00,13.632
21/06/2025,24:00:00,9.41
22/06/2025,01:00,9.623
22/06/2025,02:00,14.693
22/06/2025,03:00,17.429
22/06/2025,04:00,10.094
22/06/2025,05:00,6.132
22/06/2025,06:00,5.071
22/06/2025,07:00,4.528
22/06/2025,08:00,4.151
22/06/2025,09:00,3.868
22/06/2025,10:00,3.585
22/06/2025,11:00,3.325
22/06/2025,12:00,3.113
22/06/2025,13:00,3.325
22/06/2025,14:00,3.679
22/06/2025,15:00,3.609
22/06/2025,16:00,4.033
22/06/2025,17:00,3.09
22/06/2025,18:00,1.863
22/06/2025,19:00,2.594
22/06/2025,20:00,3.09
22/06/2025,21:00,3.325
22/06/2025,22:00,2.359
22/06/2025,23:00,2.217
22/06/2025,24:00:00,1.934
23/06/2025,01:00,2.925
23/06/2025,02:00,3.184
23/06/2025,03:00,3.656
23/06/2025,04:00,3.892
23/06/2025,05:00,3.231
23/06/2025,06:00,3.797
23/06/2025,07:00,4.127
23/06/2025,08:00,4.175
23/06/2025,09:00,4.08
23/06/2025,10:00,4.127
23/06/2025,11:00,4.316
23/06/2025,12:00,4.811
23/06/2025,13:00,4.717
23/06/2025,14:00,4.458
23/06/2025,15:00,4.646
23/06/2025,16:00,4.316
23/06/2025,17:00,4.387
23/06/2025,18:00,3.915
23/06/2025,19:00,3.609
23/06/2025,20:00,3.915
23/06/2025,21:00,4.505
23/06/2025,22:00,4.434
23/06/2025,23:00,4.458
23/06/2025,24:00:00,5.283
24/06/2025,01:00,6.58
24/06/2025,02:00,6.84
24/06/2025,03:00,6.321
24/06/2025,04:00,4.646
24/06/2025,05:00,2.925
24/06/2025,06:00,1.91
24/06/2025,07:00,2.193
24/06/2025,08:00,1.604
24/06/2025,09:00,3.538
24/06/2025,10:00,2.618
24/06/2025,11:00,3.066
24/06/2025,12:00,3.042
24/06/2025,13:00,3.373
24/06/2025,14:00,3.514
24/06/2025,15:00,3.443
24/06/2025,16:00,2.925
24/06/2025,17:00,2.712
24/06/2025,18:00,2.429
24/06/2025,19:00,2.359
24/06/2025,20:00,2.028
24/06/2025,21:00,2.83
24/06/2025,22:00,2.83
24/06/2025,23:00,2.665
24/06/2025,24:00:00,3.373
25/06/2025,01:00,3.302
25/06/2025,02:00,1.203
25/06/2025,03:00,1.58
25/06/2025,04:00,1.392
25/06/2025,05:00,1.863
25/06/2025,06:00,1.91
25/06/2025,07:00,2.075
25/06/2025,08:00,1.84
25/06/2025,09:00,2.17
25/06/2025,10:00,3.113
25/06/2025,11:00,4.41
25/06/2025,12:00,2.901
25/06/2025,13:00,2.547
25/06/2025,14:00,2.406
25/06/2025,15:00,2.854
25/06/2025,16:00,3.184
25/06/2025,17:00,2.759
25/06/2025,18:00,2.665
25/06/2025,19:00,2.712
25/06/2025,20:00,3.467
25/06/2025,21:00,3.868
25/06/2025,22:00,6.415
25/06/2025,23:00,5.354
25/06/2025,24:00:00,6.533
26/06/2025,01:00,2.594
26/06/2025,02:00,1.58
26/06/2025,03:00,1.627
26/06/2025,04:00,1.934
26/06/2025,05:00,5.66
26/06/2025,06:00,1.816
26/06/2025,07:00,
26/06/2025,08:00,1.792
26/06/2025,09:00,1.816
26/06/2025,10:00,2.5
26/06/2025,11:00,4.458
26/06/2025,12:00,3.726
26/06/2025,13:00,5.401
26/06/2025,14:00,5.991
26/06/2025,15:00,5.401
26/06/2025,16:00,3.915
26/06/2025,17:00,3.042
26/06/2025,18:00,3.278
26/06/2025,19:00,4.033
26/06/2025,20:00,4.009
26/06/2025,21:00,4.575
26/06/2025,22:00,5.283
26/06/2025,23:00,5.377
26/06/2025,24:00:00,5.307
27/06/2025,01:00,4.316
27/06/2025,02:00,4.34
27/06/2025,03:00,6.085
27/06/2025,04:00,6.274
27/06/2025,05:00,4.67
27/06/2025,06:00,4.67
27/06/2025,07:00,4.741
27/06/2025,08:00,4.882
27/06/2025,09:00,4.434
27/06/2025,10:00,4.575
27/06/2025,11:00,5.896
27/06/2025,12:00,6.486
27/06/2025,13:00,6.533
27/06/2025,14:00,6.156
27/06/2025,15:00,5.259
27/06/2025,16:00,4.623
27/06/2025,17:00,4.104
27/06/2025,18:00,4.033
27/06/2025,19:00,4.104
27/06/2025,20:00,3.184
27/06/2025,21:00,1.863
27/06/2025,22:00,1.816
27/06/2025,23:00,1.321
27/06/2025,24:00:00,1.958
28/06/2025,01:00,1.604
28/06/2025,02:00,1.439
28/06/2025,03:00,1.816
28/06/2025,04:00,1.769
28/06/2025,05:00,1.627
28/06/2025,06:00,1.274
28/06/2025,07:00,1.368
28/06/2025,08:00,2.005
28/06/2025,09:00,2.099
28/06/2025,10:00,2.759
28/06/2025,11:00,2.972
28/06/2025,12:00,2.736
28/06/2025,13:00,3.16
28/06/2025,14:00,3.113
28/06/2025,15:00,3.145
28/06/2025,16:00,3.75
28/06/2025,17:00,4.41
28/06/2025,18:00,5
28/06/2025,19:00,5.283
28/06/2025,20:00,5.307
28/06/2025,21:00,
28/06/2025,22:00,5.142
28/06/2025,23:00,5.142
28/06/2025,24:00:00,5.425
29/06/2025,01:00,5.66
29/06/2025,02:00,6.179
29/06/2025,03:00,4.835
29/06/2025,04:00,2.311
29/06/2025,05:00,1.226
29/06/2025,06:00,1.226
29/06/2025,07:00,2.217
29/06/2025,08:00,1.816
29/06/2025,09:00,1.651
29/06/2025,10:00,1.958
29/06/2025,11:00,2.099
29/06/2025,12:00,1.509
29/06/2025,13:00,1.958
29/06/2025,14:00,1.887
29/06/2025,15:00,2.359
29/06/2025,16:00,2.17
29/06/2025,17:00,1.863
29/06/2025,18:00,1.981
29/06/2025,19:00,2.099
29/06/2025,20:00,2.099
29/06/2025,21:00,3.609
29/06/2025,22:00,10.755
29/06/2025,23:00,4.599
29/06/2025,24:00:00,8.42
30/06/2025,01:00,8.443
30/06/2025,02:00,15.59
30/06/2025,03:00,8.656
30/06/2025,04:00,6.651
30/06/2025,05:00,7.689
30/06/2025,06:00,12.83
30/06/2025,07:00,10.731
30/06/2025,08:00,6.58
30/06/2025,09:00,7.571
30/06/2025,10:00,7.736
30/06/2025,11:00,8.821
30/06/2025,12:00,9.693
30/06/2025,13:00,7.759
30/06/2025,14:00,6.91
30/06/2025,15:00,6.675
30/06/2025,16:00,7.217
30/06/2025,17:00,10.377
30/06/2025,18:00,6.462
30/06/2025,19:00,5.755
30/06/2025,20:00,3.585
30/06/2025,21:00,2.288
30/06/2025,22:00,5.142
30/06/2025,23:00,7.052
30/06/2025,24:00:00,7.028
01/07/2025,01:00,7.406
01/07/2025,02:00,4.929
01/07/2025,03:00,4.599
01/07/2025,04:00,3.75
01/07/2025,05:00,3.231
01/07/2025,06:00,3.16
01/07/2025,07:00,3.255
01/07/2025,08:00,3.302
01/07/2025,09:00,3.349
01/07/2025,10:00,4.222
01/07/2025,11:00,4.788
01/07/2025,12:00,4.788
01/07/2025,13:00,10.377
01/07/2025,14:00,4.717
01/07/2025,15:00,3.821
01/07/2025,16:00,4.198
01/07/2025,17:00,5.755
01/07/2025,18:00,6.014
01/07/2025,19:00,6.109
01/07/2025,20:00,6.061
01/07/2025,21:00,5.967
01/07/2025,22:00,6.203
01/07/2025,23:00,7.453
01/07/2025,24:00:00,6.604
02/07/2025,01:00,6.91
02/07/2025,02:00,9.198
02/07/2025,03:00,9.693
02/07/2025,04:00,7.594
02/07/2025,05:00,9.127
02/07/2025,06:00,7.076
02/07/2025,07:00,7.712
02/07/2025,08:00,7.759
02/07/2025,09:00,5.495
02/07/2025,10:00,3.373
02/07/2025,11:00,3.278
02/07/2025,12:00,4.458
02/07/2025,13:00,4.198
02/07/2025,14:00,3.585
02/07/2025,15:00,2.807
02/07/2025,16:00,2.476
02/07/2025,17:00,2.193
02/07/2025,18:00,1.58
02/07/2025,19:00,2.547
02/07/2025,20:00,2.288
02/07/2025,21:00,2.17
02/07/2025,22:00,2.17
02/07/2025,23:00,2.547
02/07/2025,24:00:00,2.359
03/07/2025,01:00,2.594
03/07/2025,02:00,2.476
03/07/2025,03:00,2.217
03/07/2025,04:00,2.453
03/07/2025,05:00,3.184
03/07/2025,06:00,3.75
03/07/2025,07:00,3.868
03/07/2025,08:00,3.538
03/07/2025,09:00,4.151
03/07/2025,10:00,3.609
03/07/2025,11:00,2.877
03/07/2025,12:00,2.642
03/07/2025,13:00,2.193
03/07/2025,14:00,2.382
03/07/2025,15:00,2.406
03/07/2025,16:00,2.571
03/07/2025,17:00,3.09
03/07/2025,18:00,2.807
03/07/2025,19:00,2.453
03/07/2025,20:00,2.642
03/07/2025,21:00,3.09
03/07/2025,22:00,3.137
03/07/2025,23:00,3.302
03/07/2025,24:00:00,2.877
04/07/2025,01:00,2.925
04/07/2025,02:00,3.278
04/07/2025,03:00,3.396
04/07/2025,04:00,3.939
04/07/2025,05:00,4.882
04/07/2025,06:00,5.708
04/07/2025,07:00,6.368
04/07/2025,08:00,7.028
04/07/2025,09:00,8.679
04/07/2025,10:00,7.028
04/07/2025,11:00,7.571
04/07/2025,12:00,7.217
04/07/2025,13:00,6.958
04/07/2025,14:00,6.25
04/07/2025,15:00,6.061
04/07/2025,16:00,7.028
04/07/2025,17:00,6.745
04/07/2025,18:00,5.731
04/07/2025,19:00,5.236
04/07/2025,20:00,5.542
04/07/2025,21:00,5.66
04/07/2025,22:00,5.33
04/07/2025,23:00,4.434
04/07/2025,24:00:00,3.09
05/07/2025,01:00,1.722
05/07/2025,02:00,1.368
05/07/2025,03:00,1.179
05/07/2025,04:00,0.967
05/07/2025,05:00,1.132
05/07/2025,06:00,1.392
05/07/2025,07:00,1.745
05/07/2025,08:00,2.264
05/07/2025,09:00,1.887
05/07/2025,10:00,1.84
05/07/2025,11:00,1.698
05/07/2025,12:00,1.297
05/07/2025,13:00,1.509
05/07/2025,14:00,1.698
05/07/2025,15:00,1.887
05/07/2025,16:00,2.571
05/07/2025,17:00,2.571
05/07/2025,18:00,2.524
05/07/2025,19:00,3.16
05/07/2025,20:00,3.467
05/07/2025,21:00,3.443
05/07/2025,22:00,3.892
05/07/2025,23:00,3.208
05/07/2025,24:00:00,2.83
06/07/2025,01:00,2.712
06/07/2025,02:00,4.104
06/07/2025,03:00,4.67
06/07/2025,04:00,4.505
06/07/2025,05:00,4.575
06/07/2025,06:00,4.953
06/07/2025,07:00,4.623
06/07/2025,08:00,4.458
06/07/2025,09:00,3.726
06/07/2025,10:00,2.925
06/07/2025,11:00,2.052
06/07/2025,12:00,1.462
06/07/2025,13:00,0.825
06/07/2025,14:00,0.943
06/07/2025,15:00,1.321
06/07/2025,16:00,1.934
06/07/2025,17:00,2.217
06/07/2025,18:00,2.547
06/07/2025,19:00,2.005
06/07/2025,20:00,2.005
06/07/2025,21:00,1.981
06/07/2025,22:00,3.42
06/07/2025,23:00,4.481
06/07/2025,24:00:00,3.726
07/07/2025,01:00,2.83
07/07/2025,02:00,3.703
07/07/2025,03:00,4.458
07/07/2025,04:00,5.236
07/07/2025,05:00,5.071
07/07/2025,06:00,4.552
07/07/2025,07:00,4.009
07/07/2025,08:00,3.726
07/07/2025,09:00,3.255
07/07/2025,10:00,2.571
07/07/2025,11:00,2.783
07/07/2025,12:00,2.901
07/07/2025,13:00,2.925
07/07/2025,14:00,3.137
07/07/2025,15:00,3.538
07/07/2025,16:00,4.552
07/07/2025,17:00,6.486
07/07/2025,18:00,7.476
07/07/2025,19:00,6.25
07/07/2025,20:00,4.481
07/07/2025,21:00,3.278
07/07/2025,22:00,1.722
07/07/2025,23:00,2.123
07/07/2025,24:00:00,2.099
08/07/2025,01:00,1.887
08/07/2025,02:00,1.958
08/07/2025,03:00,1.863
08/07/2025,04:00,2.17
08/07/2025,05:00,2.925
08/07/2025,06:00,4.222
08/07/2025,07:00,5.991
08/07/2025,08:00,7.028
08/07/2025,09:00,7.241
08/07/2025,10:00,8.302
08/07/2025,11:00,10.024
08/07/2025,12:00,10.33
08/07/2025,13:00,9.811
08/07/2025,14:00,8.821
08/07/2025,15:00,7.476
08/07/2025,16:00,6.109
08/07/2025,17:00,5.708
08/07/2025,18:00,5.189
08/07/2025,19:00,4.292
08/07/2025,20:00,5.047
08/07/2025,21:00,6.156
08/07/2025,22:00,5.283
08/07/2025,23:00,4.528
08/07/2025,24:00:00,2.571
09/07/2025,01:00,3.939
09/07/2025,02:00,4.788
09/07/2025,03:00,4.009
09/07/2025,04:00,4.552
09/07/2025,05:00,5.094
09/07/2025,06:00,6.132
09/07/2025,07:00,4.575
09/07/2025,08:00,2.807
09/07/2025,09:00,2.241
09/07/2025,10:00,2.901
09/07/2025,11:00,2.476
09/07/2025,12:00,2.5
09/07/2025,13:00,2.075
09/07/2025,14:00,3.09
09/07/2025,15:00,1.981
09/07/2025,16:00,1.863
09/07/2025,17:00,1.25
09/07/2025,18:00,1.627
09/07/2025,19:00,1.698
09/07/2025,20:00,1.792
09/07/2025,21:00,2.146
09/07/2025,22:00,2.17
09/07/2025,23:00,3.561
09/07/2025,24:00:00,3.656
10/07/2025,01:00,4.741
10/07/2025,02:00,3.915
10/07/2025,03:00,4.057
10/07/2025,04:00,4.434
10/07/2025,05:00,4.245
10/07/2025,06:00,4.104
10/07/2025,07:00,4.882
10/07/2025,08:00,5
10/07/2025,09:00,4.08
10/07/2025,10:00,4.269
10/07/2025,11:00,4.292
10/07/2025,12:00,3.184
10/07/2025,13:00,3.066
10/07/2025,14:00,2.571
10/07/2025,15:00,2.075
10/07/2025,16:00,1.91
10/07/2025,17:00,2.146
10/07/2025,18:00,3.373
10/07/2025,19:00,6.297
10/07/2025,20:00,5.802
10/07/2025,21:00,4.788
10/07/2025,22:00,7.311
10/07/2025,23:00,9.08
10/07/2025,24:00:00,6.415
11/07/2025,01:00,6.274
11/07/2025,02:00,6.297
11/07/2025,03:00,6.014
11/07/2025,04:00,5.92
11/07/2025,05:00,6.321
11/07/2025,06:00,7.146
11/07/2025,07:00,8.066
11/07/2025,08:00,10.873
11/07/2025,09:00,8.16
11/07/2025,10:00,5.425
11/07/2025,11:00,5.401
11/07/2025,12:00,5.024
11/07/2025,13:00,5.59
11/07/2025,14:00,5.024
11/07/2025,15:00,5.189
11/07/2025,16:00,4.906
11/07/2025,17:00,4.434
11/07/2025,18:00,4.198
11/07/2025,19:00,5.142
11/07/2025,20:00,5.542
11/07/2025,21:00,5.66
11/07/2025,22:00,6.038
11/07/2025,23:00,6.651
11/07/2025,24:00:00,6.344
12/07/2025,01:00,6.58
12/07/2025,02:00,7.264
12/07/2025,03:00,9.269
12/07/2025,04:00,9.576
12/07/2025,05:00,10.401
12/07/2025,06:00,13.09
12/07/2025,07:00,16.014
12/07/2025,08:00,21.934
12/07/2025,09:00,19.882
12/07/2025,10:00,12.335
12/07/2025,11:00,7.995
12/07/2025,12:00,4.198
12/07/2025,13:00,3.184
12/07/2025,14:00,3.255
12/07/2025,15:00,2.665
12/07/2025,16:00,3.16
12/07/2025,17:00,2.925
12/07/2025,18:00,2.17
12/07/2025,19:00,1.863
12/07/2025,20:00,1.84
12/07/2025,21:00,2.17
12/07/2025,22:00,2.571
12/07/2025,23:00,2.759
12/07/2025,24:00:00,3.325
13/07/2025,01:00,3.09
13/07/2025,02:00,3.09
13/07/2025,03:00,3.09
13/07/2025,04:00,4.009
13/07/2025,05:00,3.09
13/07/2025,06:00,3.09
13/07/2025,07:00,3.656
13/07/2025,08:00,4.693
13/07/2025,09:00,5.59
13/07/2025,10:00,6.132
13/07/2025,11:00,6.84
13/07/2025,12:00,6.722
13/07/2025,13:00,6.769
13/07/2025,14:00,6.439
13/07/2025,15:00,7.736
13/07/2025,16:00,7.948
13/07/2025,17:00,8.467
13/07/2025,18:00,9.363
13/07/2025,19:00,10.094
13/07/2025,20:00,13.066
13/07/2025,21:00,8.561
13/07/2025,22:00,7.076
13/07/2025,23:00,6.368
13/07/2025,24:00:00,6.651
14/07/2025,01:00,8.16
14/07/2025,02:00,8.962
14/07/2025,03:00,11.769
14/07/2025,04:00,9.34
14/07/2025,05:00,10.519
14/07/2025,06:00,10.165
14/07/2025,07:00,11.675
14/07/2025,08:00,11.179
14/07/2025,09:00,11.061
14/07/2025,10:00,8.915
14/07/2025,11:00,7.594
14/07/2025,12:00,4.953
14/07/2025,13:00,5.33
14/07/2025,14:00,6.439
14/07/2025,15:00,6.061
14/07/2025,16:00,4.976
14/07/2025,17:00,4.458
14/07/2025,18:00,4.127
14/07/2025,19:00,3.373
14/07/2025,20:00,3.302
14/07/2025,21:00,3.208
14/07/2025,22:00,3.184
14/07/2025,23:00,4.033
14/07/2025,24:00:00,3.467
15/07/2025,01:00,3.939
15/07/2025,02:00,4.151
15/07/2025,03:00,4.41
15/07/2025,04:00,4.41
15/07/2025,05:00,4.387
15/07/2025,06:00,4.906
15/07/2025,07:00,5.236
15/07/2025,08:00,5.684
15/07/2025,09:00,5.165
15/07/2025,10:00,5.354
15/07/2025,11:00,4.363
15/07/2025,12:00,3.325
15/07/2025,13:00,3.75
15/07/2025,14:00,3.113
15/07/2025,15:00,2.524
15/07/2025,16:00,2.83
15/07/2025,17:00,2.807
15/07/2025,18:00,2.854
15/07/2025,19:00,2.83
15/07/2025,20:00,3.09
15/07/2025,21:00,2.807
15/07/2025,22:00,2.642
15/07/2025,23:00,4.222
15/07/2025,24:00:00,4.882
16/07/2025,01:00,3.844
16/07/2025,02:00,4.623
16/07/2025,03:00,2.689
16/07/2025,04:00,2.925
16/07/2025,05:00,2.547
16/07/2025,06:00,1.722
16/07/2025,07:00,1.958
16/07/2025,08:00,2.524
16/07/2025,09:00,2.335
16/07/2025,10:00,2.689
16/07/2025,11:00,2.712
16/07/2025,12:00,2.547
16/07/2025,13:00,2.83
16/07/2025,14:00,2.476
16/07/2025,15:00,2.264
16/07/2025,16:00,2.123
16/07/2025,17:00,2.359
16/07/2025,18:00,2.429
16/07/2025,19:00,2.948
16/07/2025,20:00,3.632
16/07/2025,21:00,4.269
16/07/2025,22:00,4.08
16/07/2025,23:00,4.08
16/07/2025,24:00:00,4.198
17/07/2025,01:00,8.16
17/07/2025,02:00,4.67
17/07/2025,03:00,4.623
17/07/2025,04:00,5.708
17/07/2025,05:00,5.873
17/07/2025,06:00,10.472
17/07/2025,07:00,6.061
17/07/2025,08:00,6.486
17/07/2025,09:00,6.792
17/07/2025,10:00,6.769
17/07/2025,11:00,6.533
17/07/2025,12:00,7.146
17/07/2025,13:00,8.656
17/07/2025,14:00,4.175
17/07/2025,15:00,3.962
17/07/2025,16:00,3.726
17/07/2025,17:00,3.42
17/07/2025,18:00,3.514
17/07/2025,19:00,4.67
17/07/2025,20:00,5.637
17/07/2025,21:00,5.236
17/07/2025,22:00,8.467
17/07/2025,23:00,11.226
17/07/2025,24:00:00,10.684
18/07/2025,01:00,10.047
18/07/2025,02:00,11.439
18/07/2025,03:00,8.231
18/07/2025,04:00,6.061
18/07/2025,05:00,2.972
18/07/2025,06:00,4.34
18/07/2025,07:00,3.679
18/07/2025,08:00,3.019
18/07/2025,09:00,2.901
18/07/2025,10:00,2.736
18/07/2025,11:00,3.703
18/07/2025,12:00,2.689
18/07/2025,13:00,2.972
18/07/2025,14:00,2.807
18/07/2025,15:00,2.736
18/07/2025,16:00,2.429
18/07/2025,17:00,2.476
18/07/2025,18:00,2.689
18/07/2025,19:00,3.278
18/07/2025,20:00,4.764
18/07/2025,21:00,5.401
18/07/2025,22:00,5.637
18/07/2025,23:00,6.675
18/07/2025,24:00:00,4.882
19/07/2025,01:00,4.552
19/07/2025,02:00,5.873
19/07/2025,03:00,4.67
19/07/2025,04:00,9.552
19/07/2025,05:00,5.142
19/07/2025,06:00,4.575
19/07/2025,07:00,5.307
19/07/2025,08:00,6.863
19/07/2025,09:00,10.59
19/07/2025,10:00,9.929
19/07/2025,11:00,13.302
19/07/2025,12:00,13.09
19/07/2025,13:00,11.415
19/07/2025,14:00,6.84
19/07/2025,15:00,5.826
19/07/2025,16:00,5.849
19/07/2025,17:00,5.401
19/07/2025,18:00,5.425
19/07/2025,19:00,5.873
19/07/2025,20:00,6.344
19/07/2025,21:00,7.665
19/07/2025,22:00,8.632
19/07/2025,23:00,10.637
19/07/2025,24:00:00,12.453
20/07/2025,01:00,12.642
20/07/2025,02:00,12.382
20/07/2025,03:00,13.821
20/07/2025,04:00,11.509
20/07/2025,05:00,9.953
20/07/2025,06:00,8.561
20/07/2025,07:00,6.651
20/07/2025,08:00,4.316
20/07/2025,09:00,3.302
20/07/2025,10:00,3.184
20/07/2025,11:00,3.986
20/07/2025,12:00,4.009
20/07/2025,13:00,4.67
20/07/2025,14:00,3.184
20/07/2025,15:00,2.524
20/07/2025,16:00,2.712
20/07/2025,17:00,2.524
20/07/2025,18:00,3.325
20/07/2025,19:00,4.646
20/07/2025,20:00,4.292
20/07/2025,21:00,4.222
20/07/2025,22:00,5.401
20/07/2025,23:00,5.566
20/07/2025,24:00:00,4.222
21/07/2025,01:00,4.104
21/07/2025,02:00,5.024
21/07/2025,03:00,4.505
21/07/2025,04:00,4.906
21/07/2025,05:00,4.222
21/07/2025,06:00,6.557
21/07/2025,07:00,6.934
21/07/2025,08:00,8.656
21/07/2025,09:00,8.302
21/07/2025,10:00,7.618
21/07/2025,11:00,5.92
21/07/2025,12:00,4.033
21/07/2025,13:00,3.278
21/07/2025,14:00,2.689
21/07/2025,15:00,
21/07/2025,16:00,4.151
21/07/2025,17:00,3.255
21/07/2025,18:00,2.689
21/07/2025,19:00,4.316
21/07/2025,20:00,5.071
21/07/2025,21:00,5.212
21/07/2025,22:00,5.66
21/07/2025,23:00,4.575
21/07/2025,24:00:00,5.307
22/07/2025,01:00,4.057
22/07/2025,02:00,3.609
22/07/2025,03:00,3.892
22/07/2025,04:00,2.689
22/07/2025,05:00,2.406
22/07/2025,06:00,2.783
22/07/2025,07:00,1.722
22/07/2025,08:00,2.052
22/07/2025,09:00,2.783
22/07/2025,10:00,2.571
22/07/2025,11:00,2.028
22/07/2025,12:00,1.675
22/07/2025,13:00,1.91
22/07/2025,14:00,2.052
22/07/2025,15:00,1.934
22/07/2025,16:00,2.028
22/07/2025,17:00,2.264
22/07/2025,18:00,2.736
22/07/2025,19:00,3.538
22/07/2025,20:00,3.962
22/07/2025,21:00,4.222
22/07/2025,22:00,4.623
22/07/2025,23:00,3.915
22/07/2025,24:00:00,4.316
23/07/2025,01:00,7.17
23/07/2025,02:00,9.623
23/07/2025,03:00,13.915
23/07/2025,04:00,19.293
23/07/2025,05:00,20.684
23/07/2025,06:00,21.91
23/07/2025,07:00,25.425
23/07/2025,08:00,25.142
23/07/2025,09:00,22.547
23/07/2025,10:00,19.151
23/07/2025,11:00,14.859
23/07/2025,12:00,13.019
23/07/2025,13:00,12.547
23/07/2025,14:00,12.429
23/07/2025,15:00,12.476
23/07/2025,16:00,15.26
23/07/2025,17:00,13.609
23/07/2025,18:00,11.816
23/07/2025,19:00,11.344
23/07/2025,20:00,6.533
23/07/2025,21:00,7.901
23/07/2025,22:00,8.585
23/07/2025,23:00,9.009
23/07/2025,24:00:00,9.127
24/07/2025,01:00,7.453
24/07/2025,02:00,6.627
24/07/2025,03:00,5.401
24/07/2025,04:00,4.057
24/07/2025,05:00,4.528
24/07/2025,06:00,5.637
24/07/2025,07:00,8.16
24/07/2025,08:00,9.835
24/07/2025,09:00,10.826
24/07/2025,10:00,12.217
24/07/2025,11:00,13.797
24/07/2025,12:00,14.458
24/07/2025,13:00,14.646
24/07/2025,14:00,14.788
24/07/2025,15:00,14.717
24/07/2025,16:00,14.293
24/07/2025,17:00,13.184
24/07/2025,18:00,16.203
24/07/2025,19:00,15.59
24/07/2025,20:00,16.321
24/07/2025,21:00,16.156
24/07/2025,22:00,18.349
24/07/2025,23:00,20.731
24/07/2025,24:00:00,21.675
25/07/2025,01:00,22.17
25/07/2025,02:00,21.274
25/07/2025,03:00,22.335
25/07/2025,04:00,22.877
25/07/2025,05:00,23.231
25/07/2025,06:00,23.868
25/07/2025,07:00,21.604
25/07/2025,08:00,17.288
25/07/2025,09:00,16.769
25/07/2025,10:00,16.627
25/07/2025,11:00,16.958
25/07/2025,12:00,17.736
25/07/2025,13:00,16.793
25/07/2025,14:00,16.226
25/07/2025,15:00,17.524
25/07/2025,16:00,15.967
25/07/2025,17:00,14.646
25/07/2025,18:00,15.448
25/07/2025,19:00,17.453
25/07/2025,20:00,11.486
25/07/2025,21:00,7.807
25/07/2025,22:00,4.458
25/07/2025,23:00,4.41
25/07/2025,24:00:00,5.542
26/07/2025,01:00,6.109
26/07/2025,02:00,6.109
26/07/2025,03:00,6.132
26/07/2025,04:00,4.458
26/07/2025,05:00,4.882
26/07/2025,06:00,4.41
26/07/2025,07:00,3.255
26/07/2025,08:00,3.868
26/07/2025,09:00,3.538
26/07/2025,10:00,3.349
26/07/2025,11:00,3.09
26/07/2025,12:00,3.561
26/07/2025,13:00,4.08
26/07/2025,14:00,4.151
26/07/2025,15:00,4.127
26/07/2025,16:00,3.679
26/07/2025,17:00,2.689
26/07/2025,18:00,2.17
26/07/2025,19:00,2.217
26/07/2025,20:00,3.679
26/07/2025,21:00,9.646
26/07/2025,22:00,4.717
26/07/2025,23:00,3.656
26/07/2025,24:00:00,3.844
27/07/2025,01:00,4.717
27/07/2025,02:00,5.118
27/07/2025,03:00,6.415
27/07/2025,04:00,6.651
27/07/2025,05:00,6.84
27/07/2025,06:00,7.547
27/07/2025,07:00,7.406
27/07/2025,08:00,4.811
27/07/2025,09:00,5.047
27/07/2025,10:00,5.259
27/07/2025,11:00,5.896
27/07/2025,12:00,5.802
27/07/2025,13:00,6.58
27/07/2025,14:00,5.755
27/07/2025,15:00,4.599
27/07/2025,16:00,4.528
27/07/2025,17:00,5.259
27/07/2025,18:00,6.557
27/07/2025,19:00,6.344
27/07/2025,20:00,6.392
27/07/2025,21:00,6.722
27/07/2025,22:00,6.25
27/07/2025,23:00,6.226
27/07/2025,24:00:00,6.274
28/07/2025,01:00,5.92
28/07/2025,02:00,4.575
28/07/2025,03:00,4.434
28/07/2025,04:00,4.151
28/07/2025,05:00,4.245
28/07/2025,06:00,4.693
28/07/2025,07:00,4.646
28/07/2025,08:00,4.552
28/07/2025,09:00,4.717
28/07/2025,10:00,4.127
28/07/2025,11:00,3.726
28/07/2025,12:00,3.656
28/07/2025,13:00,3.986
28/07/2025,14:00,3.302
28/07/2025,15:00,2.83
28/07/2025,16:00,2.807
28/07/2025,17:00,2.146
28/07/2025,18:00,2.241
28/07/2025,19:00,3.042
28/07/2025,20:00,3.231
28/07/2025,21:00,3.774
28/07/2025,22:00,3.915
28/07/2025,23:00,3.821
28/07/2025,24:00:00,3.868
29/07/2025,01:00,4.151
29/07/2025,02:00,3.703
29/07/2025,03:00,3.278
29/07/2025,04:00,3.467
29/07/2025,05:00,3.75
29/07/2025,06:00,3.868
29/07/2025,07:00,6.439
29/07/2025,08:00,7.736
29/07/2025,09:00,10.142
29/07/2025,10:00,10.425
29/07/2025,11:00,
29/07/2025,12:00,
29/07/2025,13:00,4.175
29/07/2025,14:00,4.458
29/07/2025,15:00,4.599
29/07/2025,16:00,4.41
29/07/2025,17:00,5.047
29/07/2025,18:00,4.458
29/07/2025,19:00,3.373
29/07/2025,20:00,4.717
29/07/2025,21:00,5.59
29/07/2025,22:00,7.099
29/07/2025,23:00,6.061
29/07/2025,24:00:00,4.646
30/07/2025,01:00,4.505
30/07/2025,02:00,4.764
30/07/2025,03:00,4.151
30/07/2025,04:00,3.915
30/07/2025,05:00,4.458
30/07/2025,06:00,4.363
30/07/2025,07:00,5.024
30/07/2025,08:00,6.085
30/07/2025,09:00,3.208
30/07/2025,10:00,2.807
30/07/2025,11:00,2.123
30/07/2025,12:00,2.17
30/07/2025,13:00,2.925
30/07/2025,14:00,2.783
30/07/2025,15:00,3.113
30/07/2025,16:00,3.208
30/07/2025,17:00,2.83
30/07/2025,18:00,2.995
30/07/2025,19:00,3.019
30/07/2025,20:00,2.948
30/07/2025,21:00,2.807
30/07/2025,22:00,2.335
30/07/2025,23:00,2.948
30/07/2025,24:00:00,3.844
31/07/2025,01:00,4.599
31/07/2025,02:00,6.439
31/07/2025,03:00,6.368
31/07/2025,04:00,3.726
31/07/2025,05:00,2.594
31/07/2025,06:00,3.962
31/07/2025,07:00,6.439
31/07/2025,08:00,5.708
31/07/2025,09:00,5.731
31/07/2025,10:00,5.142
31/07/2025,11:00,5.991
31/07/2025,12:00,7.5
31/07/2025,13:00,7.736
31/07/2025,14:00,6.651
31/07/2025,15:00,5.307
31/07/2025,16:00,3.915
31/07/2025,17:00,3.443
31/07/2025,18:00,3.703
31/07/2025,19:00,3.774
31/07/2025,20:00,3.868
31/07/2025,21:00,3.561
31/07/2025,22:00,3.915
31/07/2025,23:00,4.057
31/07/2025,24:00:00,3.797
01/08/2025,01:00,3.939
01/08/2025,02:00,4.057
01/08/2025,03:00,3.467
01/08/2025,04:00,2.854
01/08/2025,05:00,2.618
01/08/2025,06:00,2.571
01/08/2025,07:00,2.972
01/08/2025,08:00,3.491
01/08/2025,09:00,3.75
01/08/2025,10:00,2.854
01/08/2025,11:00,2.642
01/08/2025,12:00,2.807
01/08/2025,13:00,2.83
01/08/2025,14:00,2.382
01/08/2025,15:00,1.958
01/08/2025,16:00,1.887
01/08/2025,17:00,1.792
01/08/2025,18:00,2.83
01/08/2025,19:00,2.783
01/08/2025,20:00,2.453
01/08/2025,21:00,3.774
01/08/2025,22:00,3.467
01/08/2025,23:00,3.703
01/08/2025,24:00:00,3.514
02/08/2025,01:00,2.925
02/08/2025,02:00,2.877
02/08/2025,03:00,2.429
02/08/2025,04:00,2.382
02/08/2025,05:00,2.17
02/08/2025,06:00,1.91
02/08/2025,07:00,2.075
02/08/2025,08:00,2.028
02/08/2025,09:00,2.382
02/08/2025,10:00,2.052
02/08/2025,11:00,2.123
02/08/2025,12:00,2.193
02/08/2025,13:00,2.524
02/08/2025,14:00,2.783
02/08/2025,15:00,3.019
02/08/2025,16:00,2.925
02/08/2025,17:00,3.066
02/08/2025,18:00,3.797
02/08/2025,19:00,4.316
02/08/2025,20:00,4.693
02/08/2025,21:00,5.307
02/08/2025,22:00,5.472
02/08/2025,23:00,5.142
02/08/2025,24:00:00,5
03/08/2025,01:00,5.448
03/08/2025,02:00,6.203
03/08/2025,03:00,6.439
03/08/2025,04:00,6.816
03/08/2025,05:00,6.722
03/08/2025,06:00,7.028
03/08/2025,07:00,6.934
03/08/2025,08:00,4.458
03/08/2025,09:00,5.401
03/08/2025,10:00,3.561
03/08/2025,11:00,1.344
03/08/2025,12:00,0.825
03/08/2025,13:00,2.17
03/08/2025,14:00,3.797
03/08/2025,15:00,3.797
03/08/2025,16:00,3.868
03/08/2025,17:00,3.491
03/08/2025,18:00,2.783
03/08/2025,19:00,3.184
03/08/2025,20:00,3.325
03/08/2025,21:00,3.821
03/08/2025,22:00,3.231
03/08/2025,23:00,2.759
03/08/2025,24:00:00,3.349
04/08/2025,01:00,3.561
04/08/2025,02:00,4.458
04/08/2025,03:00,3.679
04/08/2025,04:00,3.491
04/08/2025,05:00,3.609
04/08/2025,06:00,5.66
04/08/2025,07:00,6.203
04/08/2025,08:00,5.071
04/08/2025,09:00,5.189
04/08/2025,10:00,4.458
04/08/2025,11:00,2.123
04/08/2025,12:00,1.557
04/08/2025,13:00,2.429
04/08/2025,14:00,3.821
04/08/2025,15:00,4.057
04/08/2025,16:00,3.632
04/08/2025,17:00,3.844
04/08/2025,18:00,4.269
04/08/2025,19:00,4.835
04/08/2025,20:00,5.802
04/08/2025,21:00,6.297
04/08/2025,22:00,5.377
04/08/2025,23:00,5.377
04/08/2025,24:00:00,5.448
05/08/2025,01:00,4.693
05/08/2025,02:00,4.835
05/08/2025,03:00,4.693
05/08/2025,04:00,5.401
05/08/2025,05:00,5.307
05/08/2025,06:00,4.811
05/08/2025,07:00,4.41
05/08/2025,08:00,4.552
05/08/2025,09:00,4.693
05/08/2025,10:00,4.387
05/08/2025,11:00,4.882
05/08/2025,12:00,5.071
05/08/2025,13:00,4.906
05/08/2025,14:00,5
05/08/2025,15:00,4.741
05/08/2025,16:00,5.165
05/08/2025,17:00,5.542
05/08/2025,18:00,5.755
05/08/2025,19:00,6.274
05/08/2025,20:00,5.519
05/08/2025,21:00,5.236
05/08/2025,22:00,6.557
05/08/2025,23:00,6.981
05/08/2025,24:00:00,7.901
06/08/2025,01:00,7.948
06/08/2025,02:00,7.759
06/08/2025,03:00,7.736
06/08/2025,04:00,7.689
06/08/2025,05:00,7.547
06/08/2025,06:00,7.689
06/08/2025,07:00,8.302
06/08/2025,08:00,8.892
06/08/2025,09:00,7.689
06/08/2025,10:00,7.453
06/08/2025,11:00,9.269
06/08/2025,12:00,7.901
06/08/2025,13:00,7.288
06/08/2025,14:00,7.925
06/08/2025,15:00,8.255
06/08/2025,16:00,7.028
06/08/2025,17:00,6.58
06/08/2025,18:00,7.005
06/08/2025,19:00,8.09
06/08/2025,20:00,8.396
06/08/2025,21:00,9.08
06/08/2025,22:00,9.009
06/08/2025,23:00,10.543
06/08/2025,24:00:00,9.906
07/08/2025,01:00,8.703
07/08/2025,02:00,12.712
07/08/2025,03:00,7.382
07/08/2025,04:00,6.722
07/08/2025,05:00,6.533
07/08/2025,06:00,6.698
07/08/2025,07:00,9.481
07/08/2025,08:00,7.83
07/08/2025,09:00,7.594
07/08/2025,10:00,7.382
07/08/2025,11:00,7.193
07/08/2025,12:00,3.892
07/08/2025,13:00,1.816
07/08/2025,14:00,3.042
07/08/2025,15:00,3.538
07/08/2025,16:00,5.377
07/08/2025,17:00,9.646
07/08/2025,18:00,12.429
07/08/2025,19:00,9.623
07/08/2025,20:00,7.83
07/08/2025,21:00,7.618
07/08/2025,22:00,8.679
07/08/2025,23:00,7.571
07/08/2025,24:00:00,7.783
08/08/2025,01:00,9.198
08/08/2025,02:00,9.811
08/08/2025,03:00,7.925
08/08/2025,04:00,2.901
08/08/2025,05:00,3.396
08/08/2025,06:00,3.892
08/08/2025,07:00,4.292
08/08/2025,08:00,3.325
08/08/2025,09:00,3.16
08/08/2025,10:00,2.972
08/08/2025,11:00,2.5
08/08/2025,12:00,2.264
08/08/2025,13:00,2.854
08/08/2025,14:00,3.137
08/08/2025,15:00,3.325
08/08/2025,16:00,3.514
08/08/2025,17:00,3.184
08/08/2025,18:00,3.208
08/08/2025,19:00,3.278
08/08/2025,20:00,3.325
08/08/2025,21:00,4.009
08/08/2025,22:00,3.443
08/08/2025,23:00,3.042
08/08/2025,24:00:00,3.632
09/08/2025,01:00,3.373
09/08/2025,02:00,5.307
09/08/2025,03:00,5.896
09/08/2025,04:00,4.575
09/08/2025,05:00,4.505
09/08/2025,06:00,4.363
09/08/2025,07:00,3.986
09/08/2025,08:00,5.731
09/08/2025,09:00,5.991
09/08/2025,10:00,6.415
09/08/2025,11:00,6.91
09/08/2025,12:00,7.547
09/08/2025,13:00,7.948
09/08/2025,14:00,8.609
09/08/2025,15:00,9.505
09/08/2025,16:00,8.75
09/08/2025,17:00,7.429
09/08/2025,18:00,7.241
09/08/2025,19:00,6.887
09/08/2025,20:00,7.146
09/08/2025,21:00,7.241
09/08/2025,22:00,7.547
09/08/2025,23:00,7.524
09/08/2025,24:00:00,8.42
10/08/2025,01:00,9.717
10/08/2025,02:00,9.717
10/08/2025,03:00,10.212
10/08/2025,04:00,10.425
10/08/2025,05:00,12.052
10/08/2025,06:00,12.382
10/08/2025,07:00,13.278
10/08/2025,08:00,8.679
10/08/2025,09:00,7.028
10/08/2025,10:00,7.005
10/08/2025,11:00,9.127
10/08/2025,12:00,9.835
10/08/2025,13:00,10.259
10/08/2025,14:00,11.769
10/08/2025,15:00,14.34
10/08/2025,16:00,17.359
10/08/2025,17:00,16.51
10/08/2025,18:00,13.278
10/08/2025,19:00,11.344
10/08/2025,20:00,11.344
10/08/2025,21:00,13.561
10/08/2025,22:00,13.821
10/08/2025,23:00,11.368
10/08/2025,24:00:00,19.222
11/08/2025,01:00,16.84
11/08/2025,02:00,12.146
11/08/2025,03:00,12.594
11/08/2025,04:00,12.759
11/08/2025,05:00,12.83
11/08/2025,06:00,13.137
11/08/2025,07:00,12.005
11/08/2025,08:00,11.368
11/08/2025,09:00,7.736
11/08/2025,10:00,7.217
11/08/2025,11:00,5.896
11/08/2025,12:00,4.835
11/08/2025,13:00,4.057
11/08/2025,14:00,4.316
11/08/2025,15:00,3.703
11/08/2025,16:00,13.514
11/08/2025,17:00,6.321
11/08/2025,18:00,9.41
11/08/2025,19:00,12.311
11/08/2025,20:00,14.316
11/08/2025,21:00,16.557
11/08/2025,22:00,17.854
11/08/2025,23:00,15.566
11/08/2025,24:00:00,13.656
12/08/2025,01:00,13.585
12/08/2025,02:00,13.632
12/08/2025,03:00,12.665
12/08/2025,04:00,12.712
12/08/2025,05:00,12.382
12/08/2025,06:00,13.892
12/08/2025,07:00,14.009
12/08/2025,08:00,15.33
12/08/2025,09:00,15.566
12/08/2025,10:00,18.915
12/08/2025,11:00,21.651
12/08/2025,12:00,17.783
12/08/2025,13:00,17.146
12/08/2025,14:00,15.684
12/08/2025,15:00,13.726
12/08/2025,16:00,14.175
12/08/2025,17:00,13.09
12/08/2025,18:00,13.066
12/08/2025,19:00,13.349
12/08/2025,20:00,13.019
12/08/2025,21:00,14.387
12/08/2025,22:00,13.774
12/08/2025,23:00,13.868
12/08/2025,24:00:00,19.623
13/08/2025,01:00,19.151
13/08/2025,02:00,19.198
13/08/2025,03:00,17.146
13/08/2025,04:00,17.311
13/08/2025,05:00,17.5
13/08/2025,06:00,17.783
13/08/2025,07:00,21.156
13/08/2025,08:00,21.014
13/08/2025,09:00,15.826
13/08/2025,10:00,14.717
13/08/2025,11:00,11.061
13/08/2025,12:00,8.962
13/08/2025,13:00,8.561
13/08/2025,14:00,9.764
13/08/2025,15:00,11.604
13/08/2025,16:00,12.288
13/08/2025,17:00,13.703
13/08/2025,18:00,16.344
13/08/2025,19:00,12.311
13/08/2025,20:00,12.736
13/08/2025,21:00,13.868
13/08/2025,22:00,15.377
13/08/2025,23:00,11.203
13/08/2025,24:00:00,6.91
14/08/2025,01:00,7.642
14/08/2025,02:00,6.557
14/08/2025,03:00,5.731
14/08/2025,04:00,5.66
14/08/2025,05:00,6.698
14/08/2025,06:00,8.042
14/08/2025,07:00,6.226
14/08/2025,08:00,5.236
14/08/2025,09:00,5.094
14/08/2025,10:00,3.231
14/08/2025,11:00,2.288
14/08/2025,12:00,2.241
14/08/2025,13:00,1.604
14/08/2025,14:00,2.146
14/08/2025,15:00,2.712
14/08/2025,16:00,2.689
14/08/2025,17:00,1.509
14/08/2025,18:00,2.193
14/08/2025,19:00,3.278
14/08/2025,20:00,3.066
14/08/2025,21:00,2.028
14/08/2025,22:00,1.91
14/08/2025,23:00,1.792
14/08/2025,24:00:00,2.288
15/08/2025,01:00,2.5
15/08/2025,02:00,3.302
15/08/2025,03:00,4.976
15/08/2025,04:00,7.476
15/08/2025,05:00,8.396
15/08/2025,06:00,8.066
15/08/2025,07:00,5.731
15/08/2025,08:00,2.594
15/08/2025,09:00,1.769
15/08/2025,10:00,1.958
15/08/2025,11:00,2.476
15/08/2025,12:00,4.009
15/08/2025,13:00,5.542
15/08/2025,14:00,6.533
15/08/2025,15:00,8.467
15/08/2025,16:00,8.892
15/08/2025,17:00,9.859
15/08/2025,18:00,11.533
15/08/2025,19:00,11.25
15/08/2025,20:00,10.236
15/08/2025,21:00,8.467
15/08/2025,22:00,9.009
15/08/2025,23:00,9.175
15/08/2025,24:00:00,7.382
16/08/2025,01:00,6.368
16/08/2025,02:00,6.863
16/08/2025,03:00,7.476
16/08/2025,04:00,9.151
16/08/2025,05:00,9.033
16/08/2025,06:00,7.83
16/08/2025,07:00,7.925
16/08/2025,08:00,7.028
16/08/2025,09:00,5.873
16/08/2025,10:00,5.283
16/08/2025,11:00,5.566
16/08/2025,12:00,4.646
16/08/2025,13:00,4.528
16/08/2025,14:00,5.047
16/08/2025,15:00,5.472
16/08/2025,16:00,5.354
16/08/2025,17:00,5.731
16/08/2025,18:00,6.604
16/08/2025,19:00,6.321
16/08/2025,20:00,5.377
16/08/2025,21:00,6.038
16/08/2025,22:00,6.486
16/08/2025,23:00,17.5
16/08/2025,24:00:00,15.543
17/08/2025,01:00,7.642
17/08/2025,02:00,6.84
17/08/2025,03:00,6.722
17/08/2025,04:00,6.415
17/08/2025,05:00,6.792
17/08/2025,06:00,10.165
17/08/2025,07:00,17.217
17/08/2025,08:00,11.675
17/08/2025,09:00,6.887
17/08/2025,10:00,7.712
17/08/2025,11:00,7.571
17/08/2025,12:00,11.344
17/08/2025,13:00,9.434
17/08/2025,14:00,6.226
17/08/2025,15:00,5.66
17/08/2025,16:00,5.071
17/08/2025,17:00,8.349
17/08/2025,18:00,5.33
17/08/2025,19:00,4.882
17/08/2025,20:00,9.552
17/08/2025,21:00,9.104
17/08/2025,22:00,9.576
17/08/2025,23:00,8.868
17/08/2025,24:00:00,5.708
18/08/2025,01:00,6.085
18/08/2025,02:00,5.778
18/08/2025,03:00,6.179
18/08/2025,04:00,7.335
18/08/2025,05:00,8.986
18/08/2025,06:00,11.887
18/08/2025,07:00,9.104
18/08/2025,08:00,6.156
18/08/2025,09:00,6.557
18/08/2025,10:00,5.448
18/08/2025,11:00,5.354
18/08/2025,12:00,3.844
18/08/2025,13:00,4.458
18/08/2025,14:00,4.316
18/08/2025,15:00,3.892
18/08/2025,16:00,2.972
18/08/2025,17:00,3.585
18/08/2025,18:00,2.948
18/08/2025,19:00,3.066
18/08/2025,20:00,2.453
18/08/2025,21:00,2.406
18/08/2025,22:00,3.302
18/08/2025,23:00,2.972
18/08/2025,24:00:00,3.16
19/08/2025,01:00,2.476
19/08/2025,02:00,2.264
19/08/2025,03:00,2.146
19/08/2025,04:00,2.925
19/08/2025,05:00,2.877
19/08/2025,06:00,2.972
19/08/2025,07:00,3.797
19/08/2025,08:00,3.278
19/08/2025,09:00,5.92
19/08/2025,10:00,5.071
19/08/2025,11:00,4.033
19/08/2025,12:00,5.92
19/08/2025,13:00,6.698
19/08/2025,14:00,5.778
19/08/2025,15:00,5
19/08/2025,16:00,4.623
19/08/2025,17:00,2.972
19/08/2025,18:00,2.642
19/08/2025,19:00,4.104
19/08/2025,20:00,4.623
19/08/2025,21:00,5.991
19/08/2025,22:00,3.915
19/08/2025,23:00,3.184
19/08/2025,24:00:00,4.859
20/08/2025,01:00,3.396
20/08/2025,02:00,3.844
20/08/2025,03:00,5.024
20/08/2025,04:00,7.028
20/08/2025,05:00,6.651
20/08/2025,06:00,6.085
20/08/2025,07:00,5.613
20/08/2025,08:00,5.212
20/08/2025,09:00,5.495
20/08/2025,10:00,5.401
20/08/2025,11:00,5.283
20/08/2025,12:00,5.731
20/08/2025,13:00,8.255
20/08/2025,14:00,7.736
20/08/2025,15:00,6.533
20/08/2025,16:00,6.84
20/08/2025,17:00,6.014
20/08/2025,18:00,4.929
20/08/2025,19:00,5.66
20/08/2025,20:00,5.92
20/08/2025,21:00,5.826
20/08/2025,22:00,5.519
20/08/2025,23:00,4.976
20/08/2025,24:00:00,4.34
21/08/2025,01:00,4.292
21/08/2025,02:00,4.481
21/08/2025,03:00,4.387
21/08/2025,04:00,4.269
21/08/2025,05:00,4.316
21/08/2025,06:00,4.434
21/08/2025,07:00,4.127
21/08/2025,08:00,4.222
21/08/2025,09:00,4.882
21/08/2025,10:00,4.434
21/08/2025,11:00,3.679
21/08/2025,12:00,2.854
21/08/2025,13:00,4.009
21/08/2025,14:00,3.868
21/08/2025,15:00,3.019
21/08/2025,16:00,2.807
21/08/2025,17:00,2.311
21/08/2025,18:00,2.453
21/08/2025,19:00,3.16
21/08/2025,20:00,4.198
21/08/2025,21:00,6.25
21/08/2025,22:00,7.382
21/08/2025,23:00,8.16
21/08/2025,24:00:00,5.943
22/08/2025,01:00,4.764
22/08/2025,02:00,4.976
22/08/2025,03:00,4.34
22/08/2025,04:00,3.703
22/08/2025,05:00,4.717
22/08/2025,06:00,5.33
22/08/2025,07:00,5.425
22/08/2025,08:00,5.236
22/08/2025,09:00,4.222
22/08/2025,10:00,4.222
22/08/2025,11:00,4.859
22/08/2025,12:00,4.08
22/08/2025,13:00,4.552
22/08/2025,14:00,6.203
22/08/2025,15:00,5.637
22/08/2025,16:00,4.057
22/08/2025,17:00,3.396
22/08/2025,18:00,2.736
22/08/2025,19:00,3.113
22/08/2025,20:00,2.948
22/08/2025,21:00,3.302
22/08/2025,22:00,4.528
22/08/2025,23:00,4.575
22/08/2025,24:00:00,5.802
23/08/2025,01:00,6.179
23/08/2025,02:00,6.344
23/08/2025,03:00,6.439
23/08/2025,04:00,6.085
23/08/2025,05:00,5.33
23/08/2025,06:00,6.745
23/08/2025,07:00,6.415
23/08/2025,08:00,6.675
23/08/2025,09:00,7.736
23/08/2025,10:00,5.967
23/08/2025,11:00,5.307
23/08/2025,12:00,5.024
23/08/2025,13:00,4.811
23/08/2025,14:00,4.34
23/08/2025,15:00,3.726
23/08/2025,16:00,4.245
23/08/2025,17:00,4.835
23/08/2025,18:00,5.566
23/08/2025,19:00,6.462
23/08/2025,20:00,8.797
23/08/2025,21:00,10.472
23/08/2025,22:00,11.321
23/08/2025,23:00,9.505
23/08/2025,24:00:00,7.642
24/08/2025,01:00,7.123
24/08/2025,02:00,6.816
24/08/2025,03:00,6.533
24/08/2025,04:00,7.311
24/08/2025,05:00,9.104
24/08/2025,06:00,8.255
24/08/2025,07:00,7.005
24/08/2025,08:00,7.524
24/08/2025,09:00,10.92
24/08/2025,10:00,11.509
24/08/2025,11:00,9.741
24/08/2025,12:00,9.057
24/08/2025,13:00,8.774
24/08/2025,14:00,6.769
24/08/2025,15:00,6.392
24/08/2025,16:00,5.778
24/08/2025,17:00,6.887
24/08/2025,18:00,5.66
24/08/2025,19:00,6.061
24/08/2025,20:00,9.151
24/08/2025,21:00,13.255
24/08/2025,22:00,10.354
24/08/2025,23:00,12.665
24/08/2025,24:00:00,10.896
25/08/2025,01:00,9.198
25/08/2025,02:00,10.047
25/08/2025,03:00,13.939
25/08/2025,04:00,7.901
25/08/2025,05:00,7.901
25/08/2025,06:00,8.066
25/08/2025,07:00,7.854
25/08/2025,08:00,4.929
25/08/2025,09:00,4.976
25/08/2025,10:00,5.354
25/08/2025,11:00,6.627
25/08/2025,12:00,7.264
25/08/2025,13:00,5.637
25/08/2025,14:00,5.448
25/08/2025,15:00,6.981
25/08/2025,16:00,7.123
25/08/2025,17:00,7.476
25/08/2025,18:00,7.406
25/08/2025,19:00,9.033
25/08/2025,20:00,6.203
25/08/2025,21:00,5.613
25/08/2025,22:00,12.783
25/08/2025,23:00,8.349
25/08/2025,24:00:00,9.198
26/08/2025,01:00,9.222
26/08/2025,02:00,8.726
26/08/2025,03:00,6.486
26/08/2025,04:00,3.986
26/08/2025,05:00,4.811
26/08/2025,06:00,11.109
26/08/2025,07:00,11.274
26/08/2025,08:00,6.415
26/08/2025,09:00,6.958
26/08/2025,10:00,7.594
26/08/2025,11:00,5.307
26/08/2025,12:00,5
26/08/2025,13:00,5.33
26/08/2025,14:00,4.104
26/08/2025,15:00,3.443
26/08/2025,16:00,3.915
26/08/2025,17:00,3.656
26/08/2025,18:00,2.783
26/08/2025,19:00,3.821
26/08/2025,20:00,4.693
26/08/2025,21:00,5.094
26/08/2025,22:00,4.811
26/08/2025,23:00,4.269
26/08/2025,24:00:00,4.057
27/08/2025,01:00,5.094
27/08/2025,02:00,5.212
27/08/2025,03:00,5.212
27/08/2025,04:00,6.061
27/08/2025,05:00,7.123
27/08/2025,06:00,9.316
27/08/2025,07:00,13.774
27/08/2025,08:00,7.076
27/08/2025,09:00,7.076
27/08/2025,10:00,8.868
27/08/2025,11:00,7.406
27/08/2025,12:00,8.467
27/08/2025,13:00,6.392
27/08/2025,14:00,4.552
27/08/2025,15:00,4.08
27/08/2025,16:00,3.561
27/08/2025,17:00,2.877
27/08/2025,18:00,2.311
27/08/2025,19:00,2.807
27/08/2025,20:00,3.373
27/08/2025,21:00,3.42
27/08/2025,22:00,3.939
27/08/2025,23:00,5.566
27/08/2025,24:00:00,4.08
28/08/2025,01:00,3.609
28/08/2025,02:00,3.349
28/08/2025,03:00,3.656
28/08/2025,04:00,3.609
28/08/2025,05:00,4.057
28/08/2025,06:00,3.915
28/08/2025,07:00,6.769
28/08/2025,08:00,8.797
28/08/2025,09:00,3.868
28/08/2025,10:00,3.679
28/08/2025,11:00,4.175
28/08/2025,12:00,3.208
28/08/2025,13:00,3.467
28/08/2025,14:00,7.146
28/08/2025,15:00,5.708
28/08/2025,16:00,2.146
28/08/2025,17:00,1.745
28/08/2025,18:00,2.123
28/08/2025,19:00,1.533
28/08/2025,20:00,2.736
28/08/2025,21:00,2.925
28/08/2025,22:00,4.528
28/08/2025,23:00,4.929
28/08/2025,24:00:00,3.703
29/08/2025,01:00,3.632
29/08/2025,02:00,4.104
29/08/2025,03:00,5.472
29/08/2025,04:00,5.731
29/08/2025,05:00,5.637
29/08/2025,06:00,5.802
29/08/2025,07:00,6.085
29/08/2025,08:00,6.509
29/08/2025,09:00,7.736
29/08/2025,10:00,5.826
29/08/2025,11:00,4.552
29/08/2025,12:00,3.491
29/08/2025,13:00,3.019
29/08/2025,14:00,2.311
29/08/2025,15:00,3.349
29/08/2025,16:00,2.736
29/08/2025,17:00,2.075
29/08/2025,18:00,2.264
29/08/2025,19:00,2.689
29/08/2025,20:00,2.877
29/08/2025,21:00,2.453
29/08/2025,22:00,2.17
29/08/2025,23:00,4.198
29/08/2025,24:00:00,2.618
30/08/2025,01:00,2.759
30/08/2025,02:00,2.972
30/08/2025,03:00,3.325
30/08/2025,04:00,3.915
30/08/2025,05:00,3.844
30/08/2025,06:00,5.59
30/08/2025,07:00,5.307
30/08/2025,08:00,2.972
30/08/2025,09:00,2.995
30/08/2025,10:00,2.241
30/08/2025,11:00,2.5
30/08/2025,12:00,2.759
30/08/2025,13:00,3.278
30/08/2025,14:00,3.137
30/08/2025,15:00,2.524
30/08/2025,16:00,2.571
30/08/2025,17:00,1.769
30/08/2025,18:00,1.651
30/08/2025,19:00,1.557
30/08/2025,20:00,1.179
30/08/2025,21:00,1.84
30/08/2025,22:00,3.467
30/08/2025,23:00,3.396
30/08/2025,24:00:00,3.726
31/08/2025,01:00,4.269
31/08/2025,02:00,5.118
31/08/2025,03:00,5.873
31/08/2025,04:00,6.085
31/08/2025,05:00,6.91
31/08/2025,06:00,6.604
31/08/2025,07:00,6.816
31/08/2025,08:00,7.759
31/08/2025,09:00,6.604
31/08/2025,10:00,5.401
31/08/2025,11:00,5.377
31/08/2025,12:00,5.071
31/08/2025,13:00,4.34
31/08/2025,14:00,3.797
31/08/2025,15:00,3.09
31/08/2025,16:00,2.901
31/08/2025,17:00,2.759
31/08/2025,18:00,2.288
31/08/2025,19:00,2.123
31/08/2025,20:00,2.359
31/08/2025,21:00,2.547
31/08/2025,22:00,2.665
31/08/2025,23:00,3.396
31/08/2025,24:00:00,4.104
01/09/2025,01:00,4.623
01/09/2025,02:00,4.882
01/09/2025,03:00,5.024
01/09/2025,04:00,5.071
01/09/2025,05:00,5.071
01/09/2025,06:00,5.024
01/09/2025,07:00,5.377
01/09/2025,08:00,5.283
01/09/2025,09:00,4.929
01/09/2025,10:00,4.741
01/09/2025,11:00,4.057
01/09/2025,12:00,3.137
01/09/2025,13:00,3.939
01/09/2025,14:00,3.373
01/09/2025,15:00,2.028
01/09/2025,16:00,2.712
01/09/2025,17:00,1.863
01/09/2025,18:00,2.359
01/09/2025,19:00,2.877
01/09/2025,20:00,3.113
01/09/2025,21:00,3.868
01/09/2025,22:00,3.679
01/09/2025,23:00,4.057
01/09/2025,24:00:00,3.514
02/09/2025,01:00,3.561
02/09/2025,02:00,3.844
02/09/2025,03:00,4.693
02/09/2025,04:00,4.528
02/09/2025,05:00,4.623
02/09/2025,06:00,4.764
02/09/2025,07:00,11.179
02/09/2025,08:00,4.835
02/09/2025,09:00,4.976
02/09/2025,10:00,4.953
02/09/2025,11:00,3.75
02/09/2025,12:00,4.316
02/09/2025,13:00,5.637
02/09/2025,14:00,5.731
02/09/2025,15:00,3.703
02/09/2025,16:00,3.514
02/09/2025,17:00,3.538
02/09/2025,18:00,4.41
02/09/2025,19:00,2.359
02/09/2025,20:00,5.024
02/09/2025,21:00,4.292
02/09/2025,22:00,5.165
02/09/2025,23:00,8.184
02/09/2025,24:00:00,6.274
03/09/2025,01:00,4.764
03/09/2025,02:00,5.495
03/09/2025,03:00,7.736
03/09/2025,04:00,7.288
03/09/2025,05:00,7.335
03/09/2025,06:00,4.505
03/09/2025,07:00,4.127
03/09/2025,08:00,2.052
03/09/2025,09:00,1.863
03/09/2025,10:00,2.524
03/09/2025,11:00,1.462
03/09/2025,12:00,1.274
03/09/2025,13:00,3.066
03/09/2025,14:00,5.189
03/09/2025,15:00,6.745
03/09/2025,16:00,10.519
03/09/2025,17:00,3.278
03/09/2025,18:00,2.123
03/09/2025,19:00,1.58
03/09/2025,20:00,1.557
03/09/2025,21:00,1.958
03/09/2025,22:00,1.675
03/09/2025,23:00,1.769
03/09/2025,24:00:00,1.651
04/09/2025,01:00,2.146
04/09/2025,02:00,2.618
04/09/2025,03:00,2.594
04/09/2025,04:00,2.005
04/09/2025,05:00,4.245
04/09/2025,06:00,3.703
04/09/2025,07:00,4.481
04/09/2025,08:00,4.717
04/09/2025,09:00,5.047
04/09/2025,10:00,4.67
04/09/2025,11:00,4.693
04/09/2025,12:00,4.552
04/09/2025,13:00,5.684
04/09/2025,14:00,4.552
04/09/2025,15:00,3.325
04/09/2025,16:00,2.406
04/09/2025,17:00,1.792
04/09/2025,18:00,1.863
04/09/2025,19:00,2.264
04/09/2025,20:00,2.241
04/09/2025,21:00,2.476
04/09/2025,22:00,3.868
04/09/2025,23:00,4.198
04/09/2025,24:00:00,6.274
05/09/2025,01:00,3.797
05/09/2025,02:00,3.349
05/09/2025,03:00,4.009
05/09/2025,04:00,4.34
05/09/2025,05:00,4.104
05/09/2025,06:00,5.495
05/09/2025,07:00,7.642
05/09/2025,08:00,6.792
05/09/2025,09:00,5.236
05/09/2025,10:00,4.009
05/09/2025,11:00,3.467
05/09/2025,12:00,3.231
05/09/2025,13:00,3.113
05/09/2025,14:00,2.972
05/09/2025,15:00,2.453
05/09/2025,16:00,2.193
05/09/2025,17:00,2.524
05/09/2025,18:00,2.311
05/09/2025,19:00,2.759
05/09/2025,20:00,3.208
05/09/2025,21:00,4.387
05/09/2025,22:00,6.226
05/09/2025,23:00,5.189
05/09/2025,24:00:00,6.627
06/09/2025,01:00,5.425
06/09/2025,02:00,4.34
06/09/2025,03:00,3.821
06/09/2025,04:00,4.104
06/09/2025,05:00,5.33
06/09/2025,06:00,5.708
06/09/2025,07:00,7.476
06/09/2025,08:00,7.759
06/09/2025,09:00,7.052
06/09/2025,10:00,4.269
06/09/2025,11:00,3.113
06/09/2025,12:00,2.948
06/09/2025,13:00,2.665
06/09/2025,14:00,3.278
06/09/2025,15:00,3.42
06/09/2025,16:00,3.514
06/09/2025,17:00,3.609
06/09/2025,18:00,3.467
06/09/2025,19:00,3.443
06/09/2025,20:00,3.656
06/09/2025,21:00,4.057
06/09/2025,22:00,3.986
06/09/2025,23:00,4.788
06/09/2025,24:00:00,5.354
07/09/2025,01:00,5.33
07/09/2025,02:00,4.953
07/09/2025,03:00,4.505
07/09/2025,04:00,3.986
07/09/2025,05:00,3.703
07/09/2025,06:00,3.632
07/09/2025,07:00,3.632
07/09/2025,08:00,4.481
07/09/2025,09:00,3.325
07/09/2025,10:00,3.561
07/09/2025,11:00,3.962
07/09/2025,12:00,4.269
07/09/2025,13:00,5.236
07/09/2025,14:00,5.425
07/09/2025,15:00,5.024
07/09/2025,16:00,5.92
07/09/2025,17:00,6.816
07/09/2025,18:00,5.802
07/09/2025,19:00,8.396
07/09/2025,20:00,4.009
07/09/2025,21:00,1.675
07/09/2025,22:00,2.406
07/09/2025,23:00,2.429
07/09/2025,24:00:00,2.618
08/09/2025,01:00,2.642
08/09/2025,02:00,2.877
08/09/2025,03:00,3.231
08/09/2025,04:00,3.514
08/09/2025,05:00,6.085
08/09/2025,06:00,9.363
08/09/2025,07:00,8.42
08/09/2025,08:00,4.458
08/09/2025,09:00,4.175
08/09/2025,10:00,4.08
08/09/2025,11:00,4.292
08/09/2025,12:00,3.986
08/09/2025,13:00,3.467
08/09/2025,14:00,3.443
08/09/2025,15:00,2.972
08/09/2025,16:00,2.783
08/09/2025,17:00,2.524
08/09/2025,18:00,1.722
08/09/2025,19:00,1.792
08/09/2025,20:00,13.797
08/09/2025,21:00,10.873
08/09/2025,22:00,20.566
08/09/2025,23:00,30.802
08/09/2025,24:00:00,30.047
09/09/2025,01:00,31.061
09/09/2025,02:00,14.387
09/09/2025,03:00,7.925
09/09/2025,04:00,5.637
09/09/2025,05:00,6.509
09/09/2025,06:00,7.005
09/09/2025,07:00,20.212
09/09/2025,08:00,11.392
09/09/2025,09:00,5.354
09/09/2025,10:00,5.401
09/09/2025,11:00,4.057
09/09/2025,12:00,6.179
09/09/2025,13:00,5.259
09/09/2025,14:00,4.575
09/09/2025,15:00,4.08
09/09/2025,16:00,5.755
09/09/2025,17:00,2.925
09/09/2025,18:00,23.585
09/09/2025,19:00,7.052
09/09/2025,20:00,5.425
09/09/2025,21:00,3.609
09/09/2025,22:00,9.576
09/09/2025,23:00,69.481
09/09/2025,24:00:00,9.929
10/09/2025,01:00,5.731
10/09/2025,02:00,4.764
10/09/2025,03:00,3.986
10/09/2025,04:00,4.458
10/09/2025,05:00,4.387
10/09/2025,06:00,4.693
10/09/2025,07:00,4.646
10/09/2025,08:00,5.66
10/09/2025,09:00,5.047
10/09/2025,10:00,7.382
10/09/2025,11:00,7.264
10/09/2025,12:00,5.896
10/09/2025,13:00,4.387
10/09/2025,14:00,4.929
10/09/2025,15:00,4.292
10/09/2025,16:00,8.561
10/09/2025,17:00,3.302
10/09/2025,18:00,4.34
10/09/2025,19:00,9.646
10/09/2025,20:00,3.255
10/09/2025,21:00,1.745
10/09/2025,22:00,1.91
10/09/2025,23:00,2.005
10/09/2025,24:00:00,2.783
11/09/2025,01:00,2.925
11/09/2025,02:00,3.302
11/09/2025,03:00,3.726
11/09/2025,04:00,3.986
11/09/2025,05:00,3.467
11/09/2025,06:00,3.632
11/09/2025,07:00,3.467
11/09/2025,08:00,3.844
11/09/2025,09:00,3.443
11/09/2025,10:00,3.255
11/09/2025,11:00,3.609
11/09/2025,12:00,2.759
11/09/2025,13:00,2.712
11/09/2025,14:00,2.759
11/09/2025,15:00,2.571
11/09/2025,16:00,2.241
11/09/2025,17:00,2.241
11/09/2025,18:00,1.958
11/09/2025,19:00,2.241
11/09/2025,20:00,2.453
11/09/2025,21:00,1.792
11/09/2025,22:00,1.58
11/09/2025,23:00,1.415
11/09/2025,24:00:00,1.297
12/09/2025,01:00,1.203
12/09/2025,02:00,1.627
12/09/2025,03:00,2.123
12/09/2025,04:00,2.311
12/09/2025,05:00,2.712
12/09/2025,06:00,3.278
12/09/2025,07:00,4.906
12/09/2025,08:00,3.962
12/09/2025,09:00,4.08
12/09/2025,10:00,3.09
12/09/2025,11:00,3.09
12/09/2025,12:00,2.83
12/09/2025,13:00,2.712
12/09/2025,14:00,2.972
12/09/2025,15:00,2.406
12/09/2025,16:00,2.193
12/09/2025,17:00,2.359
12/09/2025,18:00,3.231
12/09/2025,19:00,4.104
12/09/2025,20:00,2.665
12/09/2025,21:00,2.877
12/09/2025,22:00,2.524
12/09/2025,23:00,2.925
12/09/2025,24:00:00,2.877
13/09/2025,01:00,3.443
13/09/2025,02:00,2.83
13/09/2025,03:00,2.972
13/09/2025,04:00,3.467
13/09/2025,05:00,3.632
13/09/2025,06:00,2.689
13/09/2025,07:00,2.807
13/09/2025,08:00,2.571
13/09/2025,09:00,2.83
13/09/2025,10:00,3.844
13/09/2025,11:00,4.693
13/09/2025,12:00,4.057
13/09/2025,13:00,4.953
13/09/2025,14:00,3.514
13/09/2025,15:00,2.123
13/09/2025,16:00,1.769
13/09/2025,17:00,1.863
13/09/2025,18:00,1.981
13/09/2025,19:00,2.5
13/09/2025,20:00,2.83
13/09/2025,21:00,3.184
13/09/2025,22:00,3.184
13/09/2025,23:00,3.278
13/09/2025,24:00:00,3.184
14/09/2025,01:00,2.948
14/09/2025,02:00,2.948
14/09/2025,03:00,4.67
14/09/2025,04:00,3.491
14/09/2025,05:00,2.972
14/09/2025,06:00,2.972
14/09/2025,07:00,3.16
14/09/2025,08:00,3.09
14/09/2025,09:00,2.877
14/09/2025,10:00,2.995
14/09/2025,11:00,3.491
14/09/2025,12:00,4.811
14/09/2025,13:00,4.505
14/09/2025,14:00,4.033
14/09/2025,15:00,4.764
14/09/2025,16:00,4.528
14/09/2025,17:00,4.67
14/09/2025,18:00,3.231
14/09/2025,19:00,2.217
14/09/2025,20:00,1.863
14/09/2025,21:00,1.675
14/09/2025,22:00,2.783
14/09/2025,23:00,3.396
14/09/2025,24:00:00,4.646
15/09/2025,01:00,4.67
15/09/2025,02:00,3.467
15/09/2025,03:00,3.774
15/09/2025,04:00,4.623
15/09/2025,05:00,3.679
15/09/2025,06:00,4.151
15/09/2025,07:00,3.443
15/09/2025,08:00,4.434
15/09/2025,09:00,3.09
15/09/2025,10:00,3.113
15/09/2025,11:00,3.302
15/09/2025,12:00,2.877
15/09/2025,13:00,2.524
15/09/2025,14:00,2.736
15/09/2025,15:00,2.406
15/09/2025,16:00,1.651
15/09/2025,17:00,1.91
15/09/2025,18:00,2.17
15/09/2025,19:00,2.972
15/09/2025,20:00,2.901
15/09/2025,21:00,2.594
15/09/2025,22:00,3.09
15/09/2025,23:00,2.5
15/09/2025,24:00:00,1.84
16/09/2025,01:00,2.099
16/09/2025,02:00,2.359
16/09/2025,03:00,1.651
16/09/2025,04:00,2.406
16/09/2025,05:00,2.17
16/09/2025,06:00,2.476
16/09/2025,07:00,2.311
16/09/2025,08:00,3.066
16/09/2025,09:00,3.797
16/09/2025,10:00,3.113
16/09/2025,11:00,3.325
16/09/2025,12:00,2.759
16/09/2025,13:00,2.995
16/09/2025,14:00,2.972
16/09/2025,15:00,2.972
16/09/2025,16:00,3.302
16/09/2025,17:00,3.656
16/09/2025,18:00,4.057
16/09/2025,19:00,4.316
16/09/2025,20:00,4.175
16/09/2025,21:00,4.599
16/09/2025,22:00,4.552
16/09/2025,23:00,3.892
16/09/2025,24:00:00,3.561
17/09/2025,01:00,3.208
17/09/2025,02:00,3.208
17/09/2025,03:00,3.208
17/09/2025,04:00,3.632
17/09/2025,05:00,3.679
17/09/2025,06:00,2.972
17/09/2025,07:00,1.934
17/09/2025,08:00,1.58
17/09/2025,09:00,2.052
17/09/2025,10:00,3.75
17/09/2025,11:00,1.769
17/09/2025,12:00,1.486
17/09/2025,13:00,1.344
17/09/2025,14:00,1.132
17/09/2025,15:00,1.627
17/09/2025,16:00,1.274
17/09/2025,17:00,1.109
17/09/2025,18:00,1.014
17/09/2025,19:00,1.415
17/09/2025,20:00,1.486
17/09/2025,21:00,1.462
17/09/2025,22:00,1.274
17/09/2025,23:00,1.462
17/09/2025,24:00:00,1.698
18/09/2025,01:00,1.84
18/09/2025,02:00,2.146
18/09/2025,03:00,2.736
18/09/2025,04:00,3.255
18/09/2025,05:00,3.255
18/09/2025,06:00,3.821
18/09/2025,07:00,3.349
18/09/2025,08:00,2.217
18/09/2025,09:00,1.604
18/09/2025,10:00,1.604
18/09/2025,11:00,2.217
18/09/2025,12:00,1.462
18/09/2025,13:00,1.132
18/09/2025,14:00,1.274
18/09/2025,15:00,1.368
18/09/2025,16:00,1.486
18/09/2025,17:00,1.509
18/09/2025,18:00,1.297
18/09/2025,19:00,1.816
18/09/2025,20:00,2.594
18/09/2025,21:00,3.325
18/09/2025,22:00,3.113
18/09/2025,23:00,3.514
18/09/2025,24:00:00,3.231
19/09/2025,01:00,3.09
19/09/2025,02:00,3.16
19/09/2025,03:00,3.443
19/09/2025,04:00,4.906
19/09/2025,05:00,6.156
19/09/2025,06:00,5.566
19/09/2025,07:00,6.509
19/09/2025,08:00,5.165
19/09/2025,09:00,4.788
19/09/2025,10:00,4.198
19/09/2025,11:00,3.609
19/09/2025,12:00,3.467
19/09/2025,13:00,3.656
19/09/2025,14:00,4.151
19/09/2025,15:00,3.396
19/09/2025,16:00,4.363
19/09/2025,17:00,4.245
19/09/2025,18:00,3.396
19/09/2025,19:00,9.693
19/09/2025,20:00,6.934
19/09/2025,21:00,4.859
19/09/2025,22:00,4.788
19/09/2025,23:00,3.868
19/09/2025,24:00:00,3.113
20/09/2025,01:00,2.453
20/09/2025,02:00,2.123
20/09/2025,03:00,2.17
20/09/2025,04:00,6.91
20/09/2025,05:00,6.179
20/09/2025,06:00,3.561
20/09/2025,07:00,4.009
20/09/2025,08:00,6.462
20/09/2025,09:00,10.755
20/09/2025,10:00,9.552
20/09/2025,11:00,5.401
20/09/2025,12:00,3.538
20/09/2025,13:00,1.486
20/09/2025,14:00,1.557
20/09/2025,15:00,0.92
20/09/2025,16:00,0.967
20/09/2025,17:00,0.802
20/09/2025,18:00,0.991
20/09/2025,19:00,0.755
20/09/2025,20:00,0.59
20/09/2025,21:00,0.943
20/09/2025,22:00,1.344
20/09/2025,23:00,2.429
20/09/2025,24:00:00,0.66
21/09/2025,01:00,0.542
21/09/2025,02:00,0.755
21/09/2025,03:00,2.217
21/09/2025,04:00,2.594
21/09/2025,05:00,2.83
21/09/2025,06:00,2.736
21/09/2025,07:00,2.995
21/09/2025,08:00,2.311
21/09/2025,09:00,2.123
21/09/2025,10:00,2.948
21/09/2025,11:00,2.925
21/09/2025,12:00,3.09
21/09/2025,13:00,3.844
21/09/2025,14:00,2.783
21/09/2025,15:00,3.231
21/09/2025,16:00,1.887
21/09/2025,17:00,2.877
21/09/2025,18:00,2.429
21/09/2025,19:00,4.528
21/09/2025,20:00,10.613
21/09/2025,21:00,11.226
21/09/2025,22:00,8.821
21/09/2025,23:00,10.071
21/09/2025,24:00:00,9.953
22/09/2025,01:00,6.557
22/09/2025,02:00,6.014
22/09/2025,03:00,6.415
22/09/2025,04:00,5.66
22/09/2025,05:00,4.741
22/09/2025,06:00,4.127
22/09/2025,07:00,4.552
22/09/2025,08:00,6.226
22/09/2025,09:00,4.269
22/09/2025,10:00,3.443
22/09/2025,11:00,2.83
22/09/2025,12:00,2.099
22/09/2025,13:00,3.184
22/09/2025,14:00,2.547
22/09/2025,15:00,3.09
22/09/2025,16:00,1.769
22/09/2025,17:00,1.745
22/09/2025,18:00,3.325
22/09/2025,19:00,4.222
22/09/2025,20:00,6.297
22/09/2025,21:00,7.406
22/09/2025,22:00,5.755
22/09/2025,23:00,3.986
22/09/2025,24:00:00,4.859
23/09/2025,01:00,3.939
23/09/2025,02:00,3.892
23/09/2025,03:00,4.316
23/09/2025,04:00,4.175
23/09/2025,05:00,3.774
23/09/2025,06:00,3.821
23/09/2025,07:00,5.165
23/09/2025,08:00,4.623
23/09/2025,09:00,3.703
23/09/2025,10:00,3.915
23/09/2025,11:00,3.939
23/09/2025,12:00,3.797
23/09/2025,13:00,3.514
23/09/2025,14:00,3.16
23/09/2025,15:00,2.807
23/09/2025,16:00,2.759
23/09/2025,17:00,3.726
23/09/2025,18:00,4.198
23/09/2025,19:00,5.708
23/09/2025,20:00,10.024
23/09/2025,21:00,13.019
23/09/2025,22:00,9.953
23/09/2025,23:00,15.873
23/09/2025,24:00:00,6.58
24/09/2025,01:00,6.179
24/09/2025,02:00,6.014
24/09/2025,03:00,5.802
24/09/2025,04:00,5.826
24/09/2025,05:00,6.368
24/09/2025,06:00,6.981
24/09/2025,07:00,6.675
24/09/2025,08:00,6.58
24/09/2025,09:00,5.778
24/09/2025,10:00,4.505
24/09/2025,11:00,2.571
24/09/2025,12:00,2.17
24/09/2025,13:00,2.382
24/09/2025,14:00,3.066
24/09/2025,15:00,3.16
24/09/2025,16:00,3.019
24/09/2025,17:00,2.736
24/09/2025,18:00,3.538
24/09/2025,19:00,6.061
24/09/2025,20:00,11.061
24/09/2025,21:00,7.146
24/09/2025,22:00,8.514
24/09/2025,23:00,9.245
24/09/2025,24:00:00,7.689
25/09/2025,01:00,6.84
25/09/2025,02:00,6.627
25/09/2025,03:00,6.038
25/09/2025,04:00,7.123
25/09/2025,05:00,7.241
25/09/2025,06:00,5.755
25/09/2025,07:00,6.745
25/09/2025,08:00,5.613
25/09/2025,09:00,5.708
25/09/2025,10:00,6.156
25/09/2025,11:00,4.741
25/09/2025,12:00,4.151
25/09/2025,13:00,4.41
25/09/2025,14:00,3.325
25/09/2025,15:00,2.925
25/09/2025,16:00,3.278
25/09/2025,17:00,3.632
25/09/2025,18:00,4.387
25/09/2025,19:00,4.127
25/09/2025,20:00,6.109
25/09/2025,21:00,10.377
25/09/2025,22:00,11.627
25/09/2025,23:00,17.736
25/09/2025,24:00:00,7.335
26/09/2025,01:00,6.604
26/09/2025,02:00,5.142
26/09/2025,03:00,4.929
26/09/2025,04:00,5.401
26/09/2025,05:00,5.307
26/09/2025,06:00,6.368
26/09/2025,07:00,8.137
26/09/2025,08:00,7.264
26/09/2025,09:00,11.061
26/09/2025,10:00,9.505
26/09/2025,11:00,6.038
26/09/2025,12:00,3.868
26/09/2025,13:00,4.175
26/09/2025,14:00,4.127
26/09/2025,15:00,4.198
26/09/2025,16:00,4.198
26/09/2025,17:00,4.741
26/09/2025,18:00,4.693
26/09/2025,19:00,6.061
26/09/2025,20:00,9.646
26/09/2025,21:00,8.184
26/09/2025,22:00,10.401
26/09/2025,23:00,16.84
26/09/2025,24:00:00,21.25
27/09/2025,01:00,15.283
27/09/2025,02:00,9.906
27/09/2025,03:00,8.726
27/09/2025,04:00,8.585
27/09/2025,05:00,9.198
27/09/2025,06:00,10.755
27/09/2025,07:00,11.816
27/09/2025,08:00,15
27/09/2025,09:00,17.288
27/09/2025,10:00,13.113
27/09/2025,11:00,9.929
27/09/2025,12:00,9.34
27/09/2025,13:00,8.561
27/09/2025,14:00,6.156
27/09/2025,15:00,6.745
27/09/2025,16:00,7.877
27/09/2025,17:00,7.948
27/09/2025,18:00,8.514
27/09/2025,19:00,9.882
27/09/2025,20:00,10.401
27/09/2025,21:00,10.495
27/09/2025,22:00,11.014
27/09/2025,23:00,11.179
27/09/2025,24:00:00,11.863
28/09/2025,01:00,12.618
28/09/2025,02:00,11.91
28/09/2025,03:00,10.873
28/09/2025,04:00,10.047
28/09/2025,05:00,9.08
28/09/2025,06:00,8.821
28/09/2025,07:00,9.741
28/09/2025,08:00,10.543
28/09/2025,09:00,10.731
28/09/2025,10:00,8.726
28/09/2025,11:00,3.844
28/09/2025,12:00,7.123
28/09/2025,13:00,2.736
28/09/2025,14:00,2.736
28/09/2025,15:00,2.524
28/09/2025,16:00,3.09
28/09/2025,17:00,3.255
28/09/2025,18:00,3.703
28/09/2025,19:00,5.307
28/09/2025,20:00,7.005
28/09/2025,21:00,6.179
28/09/2025,22:00,5.59
28/09/2025,23:00,5.071
28/09/2025,24:00:00,4.104
29/09/2025,01:00,4.741
29/09/2025,02:00,3.868
29/09/2025,03:00,2.689
29/09/2025,04:00,3.443
29/09/2025,05:00,4.245
29/09/2025,06:00,5.896
29/09/2025,07:00,10.118
29/09/2025,08:00,13.514
29/09/2025,09:00,10.259
29/09/2025,10:00,8.137
29/09/2025,11:00,4.599
29/09/2025,12:00,3.113
29/09/2025,13:00,2.807
29/09/2025,14:00,2.5
29/09/2025,15:00,2.925
29/09/2025,16:00,5.165
29/09/2025,17:00,3.774
29/09/2025,18:00,4.033
29/09/2025,19:00,5.495
29/09/2025,20:00,5.472
29/09/2025,21:00,5.849
29/09/2025,22:00,6.415
29/09/2025,23:00,8.538
29/09/2025,24:00:00,8.538
30/09/2025,01:00,8.16
30/09/2025,02:00,14.788
30/09/2025,03:00,7.877
30/09/2025,04:00,8.326
30/09/2025,05:00,9.269
30/09/2025,06:00,9.08
30/09/2025,07:00,14.835
30/09/2025,08:00,14.764
30/09/2025,09:00,10.543
30/09/2025,10:00,9.222
30/09/2025,11:00,7.217
30/09/2025,12:00,5.401
30/09/2025,13:00,5.118
30/09/2025,14:00,4.646
30/09/2025,15:00,4.245
30/09/2025,16:00,4.34
30/09/2025,17:00,3.656
30/09/2025,18:00,4.387
30/09/2025,19:00,7.335
30/09/2025,20:00,10.401
30/09/2025,21:00,10.448
30/09/2025,22:00,10.849
30/09/2025,23:00,10.024
30/09/2025,24:00:00,9.741
01/10/2025,01:00,9.481
01/10/2025,02:00,8.75
01/10/2025,03:00,9.953
01/10/2025,04:00,9.245
01/10/2025,05:00,11.486
01/10/2025,06:00,13.113
01/10/2025,07:00,15.047
01/10/2025,08:00,16.533
01/10/2025,09:00,13.208
01/10/2025,10:00,10.943
01/10/2025,11:00,9.576
01/10/2025,12:00,7.359
01/10/2025,13:00,6.958
01/10/2025,14:00,15.59
01/10/2025,15:00,10.33
01/10/2025,16:00,7.146
01/10/2025,17:00,5.519
01/10/2025,18:00,8.184
01/10/2025,19:00,14.646
01/10/2025,20:00,8.703
01/10/2025,21:00,8.137
01/10/2025,22:00,8.443
01/10/2025,23:00,8.585
01/10/2025,24:00:00,6.25
02/10/2025,01:00,11.203
02/10/2025,02:00,8.396
02/10/2025,03:00,5.425
02/10/2025,04:00,5.943
02/10/2025,05:00,9.481
02/10/2025,06:00,7.052
02/10/2025,07:00,7.972
02/10/2025,08:00,13.868
02/10/2025,09:00,12.854
02/10/2025,10:00,11.627
02/10/2025,11:00,10.307
02/10/2025,12:00,10.047
02/10/2025,13:00,11.958
02/10/2025,14:00,13.373
02/10/2025,15:00,10.873
02/10/2025,16:00,11.344
02/10/2025,17:00,10.142
02/10/2025,18:00,14.198
02/10/2025,19:00,13.231
02/10/2025,20:00,12.264
02/10/2025,21:00,18.113
02/10/2025,22:00,12.5
02/10/2025,23:00,11.745
02/10/2025,24:00:00,9.599
03/10/2025,01:00,10.519
03/10/2025,02:00,10.755
03/10/2025,03:00,5.66
03/10/2025,04:00,4.292
03/10/2025,05:00,3.231
03/10/2025,06:00,6.156
03/10/2025,07:00,4.009
03/10/2025,08:00,5.826
03/10/2025,09:00,5.943
03/10/2025,10:00,9.434
03/10/2025,11:00,4.316
03/10/2025,12:00,8.113
03/10/2025,13:00,11.769
03/10/2025,14:00,7.736
03/10/2025,15:00,6.91
03/10/2025,16:00,2.335
03/10/2025,17:00,3.467
03/10/2025,18:00,2.005
03/10/2025,19:00,0.896
03/10/2025,20:00,1.014
03/10/2025,21:00,1.981
03/10/2025,22:00,5.142
03/10/2025,23:00,3.892
03/10/2025,24:00:00,3.915
04/10/2025,01:00,3.774
04/10/2025,02:00,3.208
04/10/2025,03:00,2.854
04/10/2025,04:00,3.231
04/10/2025,05:00,3.75
04/10/2025,06:00,3.09
04/10/2025,07:00,2.972
04/10/2025,08:00,2.807
04/10/2025,09:00,2.995
04/10/2025,10:00,3.443
04/10/2025,11:00,2.547
04/10/2025,12:00,1.226
04/10/2025,13:00,3.184
04/10/2025,14:00,4.222
04/10/2025,15:00,5.189
04/10/2025,16:00,4.741
04/10/2025,17:00,4.481
04/10/2025,18:00,5.094
04/10/2025,19:00,5.094
04/10/2025,20:00,6.415
04/10/2025,21:00,6.651
04/10/2025,22:00,7.995
04/10/2025,23:00,7.642
04/10/2025,24:00:00,10.094
05/10/2025,01:00,10.165
05/10/2025,02:00,11.722
05/10/2025,03:00,11.793
05/10/2025,04:00,11.887
05/10/2025,05:00,11.368
05/10/2025,06:00,11.226
05/10/2025,07:00,10.826
05/10/2025,08:00,8.892
05/10/2025,09:00,8.986
05/10/2025,10:00,6.321
05/10/2025,11:00,6.132
05/10/2025,12:00,5.33
05/10/2025,13:00,3.16
05/10/2025,14:00,2.5
05/10/2025,15:00,3.726
05/10/2025,16:00,6.085
05/10/2025,17:00,7.264
05/10/2025,18:00,6.863
05/10/2025,19:00,5.071
05/10/2025,20:00,4.67
05/10/2025,21:00,5.377
05/10/2025,22:00,4.953
05/10/2025,23:00,4.151
05/10/2025,24:00:00,4.151
06/10/2025,01:00,3.373
06/10/2025,02:00,3.184
06/10/2025,03:00,3.113
06/10/2025,04:00,2.995
06/10/2025,05:00,3.726
06/10/2025,06:00,3.726
06/10/2025,07:00,3.915
06/10/2025,08:00,4.363
06/10/2025,09:00,5.212
06/10/2025,10:00,3.868
06/10/2025,11:00,3.208
06/10/2025,12:00,3.349
06/10/2025,13:00,4.41
06/10/2025,14:00,5.425
06/10/2025,15:00,5.684
06/10/2025,16:00,5.071
06/10/2025,17:00,5.33
06/10/2025,18:00,6.085
06/10/2025,19:00,6.486
06/10/2025,20:00,5.66
06/10/2025,21:00,5.826
06/10/2025,22:00,5.071
06/10/2025,23:00,5.165
06/10/2025,24:00:00,5.472
07/10/2025,01:00,5.212
07/10/2025,02:00,7.642
07/10/2025,03:00,5.991
07/10/2025,04:00,5.92
07/10/2025,05:00,5.896
07/10/2025,06:00,7.311
07/10/2025,07:00,8.042
07/10/2025,08:00,7.17
07/10/2025,09:00,2.689
07/10/2025,10:00,2.335
07/10/2025,11:00,2.901
07/10/2025,12:00,1.887
07/10/2025,13:00,2.099
07/10/2025,14:00,2.665
07/10/2025,15:00,3.113
07/10/2025,16:00,3.208
07/10/2025,17:00,3.325
07/10/2025,18:00,2.476
07/10/2025,19:00,2.642
07/10/2025,20:00,3.561
07/10/2025,21:00,6.014
07/10/2025,22:00,4.67
07/10/2025,23:00,3.868
07/10/2025,24:00:00,4.198
08/10/2025,01:00,5.024
08/10/2025,02:00,4.906
08/10/2025,03:00,5.283
08/10/2025,04:00,1.769
08/10/2025,05:00,1.297
08/10/2025,06:00,1.934
08/10/2025,07:00,2.759
08/10/2025,08:00,3.514
08/10/2025,09:00,4.033
08/10/2025,10:00,4.363
08/10/2025,11:00,4.104
08/10/2025,12:00,4.646
08/10/2025,13:00,4.906
08/10/2025,14:00,4.764
08/10/2025,15:00,4.151
08/10/2025,16:00,4.127
08/10/2025,17:00,4.599
08/10/2025,18:00,5.118
08/10/2025,19:00,6.84
08/10/2025,20:00,6.769
08/10/2025,21:00,7.406
08/10/2025,22:00,7.995
08/10/2025,23:00,9.906
08/10/2025,24:00:00,9.057
09/10/2025,01:00,7.925
09/10/2025,02:00,6.863
09/10/2025,03:00,6.604
09/10/2025,04:00,4.788
09/10/2025,05:00,3.939
09/10/2025,06:00,2.925
09/10/2025,07:00,3.113
09/10/2025,08:00,4.08
09/10/2025,09:00,3.09
09/10/2025,10:00,4.387
09/10/2025,11:00,5.92
09/10/2025,12:00,5.425
09/10/2025,13:00,5.896
09/10/2025,14:00,4.269
09/10/2025,15:00,3.373
09/10/2025,16:00,4.292
09/10/2025,17:00,3.797
09/10/2025,18:00,3.514
09/10/2025,19:00,3.656
09/10/2025,20:00,3.679
09/10/2025,21:00,4.34
09/10/2025,22:00,4.222
09/10/2025,23:00,8.066
09/10/2025,24:00:00,6.958
10/10/2025,01:00,5.943
10/10/2025,02:00,5.283
10/10/2025,03:00,5.708
10/10/2025,04:00,3.797
10/10/2025,05:00,4.481
10/10/2025,06:00,6.415
10/10/2025,07:00,8.797
10/10/2025,08:00,10.684
10/10/2025,09:00,5.59
10/10/2025,10:00,3.066
10/10/2025,11:00,2.146
10/10/2025,12:00,2.217
10/10/2025,13:00,3.609
10/10/2025,14:00,3.42
10/10/2025,15:00,4.057
10/10/2025,16:00,4.693
10/10/2025,17:00,4.009
10/10/2025,18:00,3.868
10/10/2025,19:00,3.797
10/10/2025,20:00,3.986
10/10/2025,21:00,3.325
10/10/2025,22:00,4.976
10/10/2025,23:00,4.41
10/10/2025,24:00:00,4.057
11/10/2025,01:00,3.915
11/10/2025,02:00,5.967
11/10/2025,03:00,6.486
11/10/2025,04:00,7.642
11/10/2025,05:00,8.019
11/10/2025,06:00,10.684
11/10/2025,07:00,9.41
11/10/2025,08:00,12.736
11/10/2025,09:00,13.373
11/10/2025,10:00,7.665
11/10/2025,11:00,5.731
11/10/2025,12:00,5.33
11/10/2025,13:00,5.943
11/10/2025,14:00,6.557
11/10/2025,15:00,6.156
11/10/2025,16:00,7.83
11/10/2025,17:00,8.774
11/10/2025,18:00,11.179
11/10/2025,19:00,12.618
11/10/2025,20:00,13.821
11/10/2025,21:00,15.33
11/10/2025,22:00,15.071
11/10/2025,23:00,14.741
11/10/2025,24:00:00,17.76
12/10/2025,01:00,18.656
12/10/2025,02:00,16.793
12/10/2025,03:00,13.797
12/10/2025,04:00,12.217
12/10/2025,05:00,10.991
12/10/2025,06:00,10.684
12/10/2025,07:00,11.179
12/10/2025,08:00,14.009
12/10/2025,09:00,12.028
12/10/2025,10:00,17.783
12/10/2025,11:00,22.17
12/10/2025,12:00,23.892
12/10/2025,13:00,16.698
12/10/2025,14:00,16.321
12/10/2025,15:00,11.061
12/10/2025,16:00,6.958
12/10/2025,17:00,8.019
12/10/2025,18:00,13.962
12/10/2025,19:00,16.675
12/10/2025,20:00,14.528
12/10/2025,21:00,14.976
12/10/2025,22:00,17.311
12/10/2025,23:00,16.061
12/10/2025,24:00:00,18.75
13/10/2025,01:00,18.679
13/10/2025,02:00,18.137
13/10/2025,03:00,18.609
13/10/2025,04:00,21.392
13/10/2025,05:00,20.778
13/10/2025,06:00,20.024
13/10/2025,07:00,13.703
13/10/2025,08:00,11.368
13/10/2025,09:00,14.599
13/10/2025,10:00,8.986
13/10/2025,11:00,5.071
13/10/2025,12:00,3.75
13/10/2025,13:00,3.349
13/10/2025,14:00,3.042
13/10/2025,15:00,6.321
13/10/2025,16:00,9.222
13/10/2025,17:00,8.774
13/10/2025,18:00,4.953
13/10/2025,19:00,5.755
13/10/2025,20:00,8.844
13/10/2025,21:00,11.226
13/10/2025,22:00,8.915
13/10/2025,23:00,7.5
13/10/2025,24:00:00,6.486
14/10/2025,01:00,7.807
14/10/2025,02:00,8.585
14/10/2025,03:00,10.401
14/10/2025,04:00,13.844
14/10/2025,05:00,12.759
14/10/2025,06:00,8.844
14/10/2025,07:00,12.877
14/10/2025,08:00,18.75
14/10/2025,09:00,20.495
14/10/2025,10:00,12.877
14/10/2025,11:00,11.25
14/10/2025,12:00,13.043
14/10/2025,13:00,15.189
14/10/2025,14:00,11.934
14/10/2025,15:00,8.538
14/10/2025,16:00,10.519
14/10/2025,17:00,11.203
14/10/2025,18:00,9.882
14/10/2025,19:00,10.519
14/10/2025,20:00,10
14/10/2025,21:00,10.142
14/10/2025,22:00,9.929
14/10/2025,23:00,10.991
14/10/2025,24:00:00,6.792
15/10/2025,01:00,6.014
15/10/2025,02:00,5.896
15/10/2025,03:00,6.25
15/10/2025,04:00,5.637
15/10/2025,05:00,5.071
15/10/2025,06:00,5
15/10/2025,07:00,5.448
15/10/2025,08:00,4.788
15/10/2025,09:00,4.717
15/10/2025,10:00,3.821
15/10/2025,11:00,5.094
15/10/2025,12:00,5.542
15/10/2025,13:00,4.953
15/10/2025,14:00,5.425
15/10/2025,15:00,6.132
15/10/2025,16:00,8.042
15/10/2025,17:00,9.175
15/10/2025,18:00,7.476
15/10/2025,19:00,9.481
15/10/2025,20:00,9.576
15/10/2025,21:00,7.948
15/10/2025,22:00,6.675
15/10/2025,23:00,8.632
15/10/2025,24:00:00,10.802
16/10/2025,01:00,8.632
16/10/2025,02:00,6.156
16/10/2025,03:00,5.425
16/10/2025,04:00,4.316
16/10/2025,05:00,5.283
16/10/2025,06:00,7.311
16/10/2025,07:00,6.368
16/10/2025,08:00,10.024
16/10/2025,09:00,9.859
16/10/2025,10:00,7.783
16/10/2025,11:00,6.58
16/10/2025,12:00,7.712
16/10/2025,13:00,6.675
16/10/2025,14:00,5.071
16/10/2025,15:00,4.528
16/10/2025,16:00,6.415
16/10/2025,17:00,10.307
16/10/2025,18:00,17.972
16/10/2025,19:00,13.066
16/10/2025,20:00,14.906
16/10/2025,21:00,12.594
16/10/2025,22:00,12.453
16/10/2025,23:00,12.665
16/10/2025,24:00:00,14.528
17/10/2025,01:00,16.675
17/10/2025,02:00,15.142
17/10/2025,03:00,13.538
17/10/2025,04:00,14.316
17/10/2025,05:00,15.212
17/10/2025,06:00,14.953
17/10/2025,07:00,15.802
17/10/2025,08:00,17.524
17/10/2025,09:00,21.675
17/10/2025,10:00,20.755
17/10/2025,11:00,17.995
17/10/2025,12:00,19.693
17/10/2025,13:00,19.693
17/10/2025,14:00,18.491
17/10/2025,15:00,18.326
17/10/2025,16:00,18.443
17/10/2025,17:00,19.104
17/10/2025,18:00,19.34
17/10/2025,19:00,19.41
17/10/2025,20:00,19.057
17/10/2025,21:00,18.373
17/10/2025,22:00,19.198
17/10/2025,23:00,21.439
17/10/2025,24:00:00,21.887
18/10/2025,01:00,25
18/10/2025,02:00,24.458
18/10/2025,03:00,23.656
18/10/2025,04:00,23.797
18/10/2025,05:00,24.057
18/10/2025,06:00,24.599
18/10/2025,07:00,22.995
18/10/2025,08:00,21.321
18/10/2025,09:00,18.703
18/10/2025,10:00,16.014
18/10/2025,11:00,13.113
18/10/2025,12:00,12.217
18/10/2025,13:00,11.887
18/10/2025,14:00,9.882
18/10/2025,15:00,13.868
18/10/2025,16:00,10.802
18/10/2025,17:00,11.085
18/10/2025,18:00,11.793
18/10/2025,19:00,14.41
18/10/2025,20:00,10.425
18/10/2025,21:00,9.363
18/10/2025,22:00,7.453
18/10/2025,23:00,8.042
18/10/2025,24:00:00,9.363
19/10/2025,01:00,13.703
19/10/2025,02:00,16.58
19/10/2025,03:00,11.486
19/10/2025,04:00,8.538
19/10/2025,05:00,8.892
19/10/2025,06:00,9.599
19/10/2025,07:00,14.481
19/10/2025,08:00,15.401
19/10/2025,09:00,13.09
19/10/2025,10:00,9.764
19/10/2025,11:00,8.396
19/10/2025,12:00,8.278
19/10/2025,13:00,8.443
19/10/2025,14:00,8.467
19/10/2025,15:00,9.057
19/10/2025,16:00,8.467
19/10/2025,17:00,8.231
19/10/2025,18:00,7.359
19/10/2025,19:00,7.83
19/10/2025,20:00,6.981
19/10/2025,21:00,5.33
19/10/2025,22:00,3.09
19/10/2025,23:00,2.571
19/10/2025,24:00:00,3.703
20/10/2025,01:00,2.382
20/10/2025,02:00,2.972
20/10/2025,03:00,7.642
20/10/2025,04:00,7.099
20/10/2025,05:00,5.047
20/10/2025,06:00,6.604
20/10/2025,07:00,7.005
20/10/2025,08:00,8.231
20/10/2025,09:00,6.958
20/10/2025,10:00,5.802
20/10/2025,11:00,5.59
20/10/2025,12:00,3.325
20/10/2025,13:00,2.476
20/10/2025,14:00,2.594
20/10/2025,15:00,2.288
20/10/2025,16:00,2.217
20/10/2025,17:00,2.712
20/10/2025,18:00,3.561
20/10/2025,19:00,4.788
20/10/2025,20:00,7.17
20/10/2025,21:00,10.472
20/10/2025,22:00,11.91
20/10/2025,23:00,12.594
20/10/2025,24:00:00,10.873
21/10/2025,01:00,6.816
21/10/2025,02:00,4.198
21/10/2025,03:00,2.335
21/10/2025,04:00,2.288
21/10/2025,05:00,2.759
21/10/2025,06:00,3.797
21/10/2025,07:00,6.604
21/10/2025,08:00,4.34
21/10/2025,09:00,3.703
21/10/2025,10:00,4.599
21/10/2025,11:00,3.278
21/10/2025,12:00,1.58
21/10/2025,13:00,2.382
21/10/2025,14:00,2.288
21/10/2025,15:00,1.958
21/10/2025,16:00,2.17
21/10/2025,17:00,2.193
21/10/2025,18:00,1.486
21/10/2025,19:00,2.123
21/10/2025,20:00,2.948
21/10/2025,21:00,2.783
21/10/2025,22:00,3.443
21/10/2025,23:00,3.208
21/10/2025,24:00:00,4.693
22/10/2025,01:00,3.726
22/10/2025,02:00,3.137
22/10/2025,03:00,2.807
22/10/2025,04:00,3.066
22/10/2025,05:00,3.325
22/10/2025,06:00,4.104
22/10/2025,07:00,5.165
22/10/2025,08:00,8.962
22/10/2025,09:00,9.552
22/10/2025,10:00,6.934
22/10/2025,11:00,5.731
22/10/2025,12:00,2.736
22/10/2025,13:00,3.09
22/10/2025,14:00,3.184
22/10/2025,15:00,3.066
22/10/2025,16:00,4.906
22/10/2025,17:00,4.363
22/10/2025,18:00,5.637
22/10/2025,19:00,6.344
22/10/2025,20:00,8.797
22/10/2025,21:00,8.844
22/10/2025,22:00,9.151
22/10/2025,23:00,9.505
22/10/2025,24:00:00,8.42
23/10/2025,01:00,9.552
23/10/2025,02:00,6.156
23/10/2025,03:00,6.698
23/10/2025,04:00,3.915
23/10/2025,05:00,2.901
23/10/2025,06:00,4.104
23/10/2025,07:00,5.472
23/10/2025,08:00,4.528
23/10/2025,09:00,4.009
23/10/2025,10:00,6.179
23/10/2025,11:00,5.519
23/10/2025,12:00,2.877
23/10/2025,13:00,2.901
23/10/2025,14:00,2.335
23/10/2025,15:00,2.359
23/10/2025,16:00,1.533
23/10/2025,17:00,1.698
23/10/2025,18:00,2.5
23/10/2025,19:00,3.42
23/10/2025,20:00,3.208
23/10/2025,21:00,3.113
23/10/2025,22:00,3.255
23/10/2025,23:00,3.113
23/10/2025,24:00:00,2.217
24/10/2025,01:00,2.193
24/10/2025,02:00,2.075
24/10/2025,03:00,2.571
24/10/2025,04:00,3.09
24/10/2025,05:00,3.137
24/10/2025,06:00,3.609
24/10/2025,07:00,4.363
24/10/2025,08:00,4.764
24/10/2025,09:00,4.693
24/10/2025,10:00,4.245
24/10/2025,11:00,3.868
24/10/2025,12:00,3.514
24/10/2025,13:00,3.42
24/10/2025,14:00,3.137
24/10/2025,15:00,2.476
24/10/2025,16:00,2.359
24/10/2025,17:00,2.288
24/10/2025,18:00,2.736
24/10/2025,19:00,2.83
24/10/2025,20:00,2.618
24/10/2025,21:00,3.208
24/10/2025,22:00,2.123
24/10/2025,23:00,1.368
24/10/2025,24:00:00,1.25
25/10/2025,01:00,1.061
25/10/2025,02:00,1.274
25/10/2025,03:00,0.684
25/10/2025,04:00,0.66
25/10/2025,05:00,0.684
25/10/2025,06:00,0.637
25/10/2025,07:00,0.731
25/10/2025,08:00,0.943
25/10/2025,09:00,1.132
25/10/2025,10:00,1.109
25/10/2025,11:00,0.92
25/10/2025,12:00,1.061
25/10/2025,13:00,1.014
25/10/2025,14:00,1.368
25/10/2025,15:00,1.156
25/10/2025,16:00,1.533
25/10/2025,17:00,2.123
25/10/2025,18:00,3.609
25/10/2025,19:00,3.561
25/10/2025,20:00,3.16
25/10/2025,21:00,2.264
25/10/2025,22:00,1.58
25/10/2025,23:00,1.203
25/10/2025,24:00:00,0.943
26/10/2025,01:00,0.849
26/10/2025,02:00,0.967
26/10/2025,03:00,0.991
26/10/2025,04:00,0.92
26/10/2025,05:00,0.967
26/10/2025,06:00,1.109
26/10/2025,07:00,1.415
26/10/2025,08:00,1.91
26/10/2025,09:00,1.58
26/10/2025,10:00,1.769
26/10/2025,11:00,2.712
26/10/2025,12:00,2.642
26/10/2025,13:00,1.675
26/10/2025,14:00,2.052
26/10/2025,15:00,1.91
26/10/2025,16:00,1.675
26/10/2025,17:00,1.439
26/10/2025,18:00,1.533
26/10/2025,19:00,1.321
26/10/2025,20:00,2.359
26/10/2025,21:00,4.882
26/10/2025,22:00,5.943
26/10/2025,23:00,7.594
26/10/2025,24:00:00,8.16
27/10/2025,01:00,8.467
27/10/2025,02:00,8.113
27/10/2025,03:00,6.533
27/10/2025,04:00,6.415
27/10/2025,05:00,6.415
27/10/2025,06:00,6.321
27/10/2025,07:00,4.057
27/10/2025,08:00,3.939
27/10/2025,09:00,3.703
27/10/2025,10:00,2.83
27/10/2025,11:00,3.632
27/10/2025,12:00,3.467
27/10/2025,13:00,1.486
27/10/2025,14:00,2.665
27/10/2025,15:00,2.193
27/10/2025,16:00,1.792
27/10/2025,17:00,2.5
27/10/2025,18:00,3.349
27/10/2025,19:00,3.797
27/10/2025,20:00,4.34
27/10/2025,21:00,4.953
27/10/2025,22:00,3.797
27/10/2025,23:00,2.217
27/10/2025,24:00:00,2.099
28/10/2025,01:00,2.028
28/10/2025,02:00,2.028
28/10/2025,03:00,4.033
28/10/2025,04:00,5.33
28/10/2025,05:00,5.401
28/10/2025,06:00,5.189
28/10/2025,07:00,6.321
28/10/2025,08:00,6.344
28/10/2025,09:00,8.42
28/10/2025,10:00,7.123
28/10/2025,11:00,6.156
28/10/2025,12:00,5.542
28/10/2025,13:00,5.094
28/10/2025,14:00,4.458
28/10/2025,15:00,3.844
28/10/2025,16:00,3.797
28/10/2025,17:00,3.915
28/10/2025,18:00,4.929
28/10/2025,19:00,5.094
28/10/2025,20:00,9.41
28/10/2025,21:00,5.967
28/10/2025,22:00,6.014
28/10/2025,23:00,6.203
28/10/2025,24:00:00,5.967
29/10/2025,01:00,5.708
29/10/2025,02:00,5.472
29/10/2025,03:00,4.646
29/10/2025,04:00,2.5
29/10/2025,05:00,1.698
29/10/2025,06:00,1.203
29/10/2025,07:00,1.132
29/10/2025,08:00,1.321
29/10/2025,09:00,1.486
29/10/2025,10:00,1.675
29/10/2025,11:00,3.561
29/10/2025,12:00,4.481
29/10/2025,13:00,5.212
29/10/2025,14:00,5.873
29/10/2025,15:00,5.094
29/10/2025,16:00,4.434
29/10/2025,17:00,4.222
29/10/2025,18:00,5.094
29/10/2025,19:00,7.311
29/10/2025,20:00,5.873
29/10/2025,21:00,6.769
29/10/2025,22:00,5.708
29/10/2025,23:00,5.448
29/10/2025,24:00:00,2.406
30/10/2025,01:00,2.547
30/10/2025,02:00,2.311
30/10/2025,03:00,1.769
30/10/2025,04:00,1.934
30/10/2025,05:00,2.241
30/10/2025,06:00,2.877
30/10/2025,07:00,4.033
30/10/2025,08:00,7.783
30/10/2025,09:00,7.028
30/10/2025,10:00,4.245
30/10/2025,11:00,3.609
30/10/2025,12:00,5.425
30/10/2025,13:00,5.307
30/10/2025,14:00,9.906
30/10/2025,15:00,4.458
30/10/2025,16:00,4.41
30/10/2025,17:00,5
30/10/2025,18:00,4.859
30/10/2025,19:00,4.906
30/10/2025,20:00,5
30/10/2025,21:00,4.693
30/10/2025,22:00,9.245
30/10/2025,23:00,5.778
30/10/2025,24:00:00,4.693
31/10/2025,01:00,4.316
31/10/2025,02:00,4.788
31/10/2025,03:00,7.241
31/10/2025,04:00,10.896
31/10/2025,05:00,3.208
31/10/2025,06:00,4.623
31/10/2025,07:00,3.09
31/10/2025,08:00,5.212
31/10/2025,09:00,8.396
31/10/2025,10:00,6.203
31/10/2025,11:00,7.524
31/10/2025,12:00,8.066
31/10/2025,13:00,7.476
31/10/2025,14:00,9.811
31/10/2025,15:00,6.439
31/10/2025,16:00,3.443
31/10/2025,17:00,5.307
31/10/2025,18:00,5.731
31/10/2025,19:00,5.189
31/10/2025,20:00,7.028
31/10/2025,21:00,10.731
31/10/2025,22:00,10.896
31/10/2025,23:00,7.665
31/10/2025,24:00:00,7.146
01/11/2025,01:00,12.712
01/11/2025,02:00,10.849
01/11/2025,03:00,6.156
01/11/2025,04:00,5.142
01/11/2025,05:00,4.34
01/11/2025,06:00,3.491
01/11/2025,07:00,4.08
01/11/2025,08:00,4.198
01/11/2025,09:00,4.552
01/11/2025,10:00,3.774
01/11/2025,11:00,1.934
01/11/2025,12:00,1.698
01/11/2025,13:00,1.958
01/11/2025,14:00,2.052
01/11/2025,15:00,2.193
01/11/2025,16:00,2.5
01/11/2025,17:00,3.137
01/11/2025,18:00,3.679
01/11/2025,19:00,3.514
01/11/2025,20:00,3.113
01/11/2025,21:00,5.849
01/11/2025,22:00,9.717
01/11/2025,23:00,11.392
01/11/2025,24:00:00,7.736
02/11/2025,01:00,7.925
02/11/2025,02:00,6.745
02/11/2025,03:00,7.547
02/11/2025,04:00,7.241
02/11/2025,05:00,5.684
02/11/2025,06:00,3.585
02/11/2025,07:00,4.104
02/11/2025,08:00,1.934
02/11/2025,09:00,1.604
02/11/2025,10:00,2.311
02/11/2025,11:00,2.665
02/11/2025,12:00,2.642
02/11/2025,13:00,2.618
02/11/2025,14:00,2.193
02/11/2025,15:00,2.689
02/11/2025,16:00,3.467
02/11/2025,17:00,3.892
02/11/2025,18:00,5.142
02/11/2025,19:00,5.566
02/11/2025,20:00,6.415
02/11/2025,21:00,5.802
02/11/2025,22:00,5.142
02/11/2025,23:00,4.929
02/11/2025,24:00:00,6.91
03/11/2025,01:00,5.613
03/11/2025,02:00,4.646
03/11/2025,03:00,4.292
03/11/2025,04:00,5.59
03/11/2025,05:00,5.448
03/11/2025,06:00,6.557
03/11/2025,07:00,1.91
03/11/2025,08:00,1.533
03/11/2025,09:00,1.509
03/11/2025,10:00,1.863
03/11/2025,11:00,2.075
03/11/2025,12:00,1.722
03/11/2025,13:00,1.698
03/11/2025,14:00,1.203
03/11/2025,15:00,0.967
03/11/2025,16:00,1.486
03/11/2025,17:00,1.179
03/11/2025,18:00,1.439
03/11/2025,19:00,1.509
03/11/2025,20:00,1.533
03/11/2025,21:00,2.193
03/11/2025,22:00,3.844
03/11/2025,23:00,6.533
03/11/2025,24:00:00,5.212
04/11/2025,01:00,4.009
04/11/2025,02:00,5.943
04/11/2025,03:00,3.939
04/11/2025,04:00,3.255
04/11/2025,05:00,5.472
04/11/2025,06:00,7.854
04/11/2025,07:00,5.401
04/11/2025,08:00,5.873
04/11/2025,09:00,6.627
04/11/2025,10:00,3.467
04/11/2025,11:00,2.83
04/11/2025,12:00,3.09
04/11/2025,13:00,3.42
04/11/2025,14:00,3.986
04/11/2025,15:00,9.434
04/11/2025,16:00,8.821
04/11/2025,17:00,7.925
04/11/2025,18:00,7.359
04/11/2025,19:00,7.83
04/11/2025,20:00,6.84
04/11/2025,21:00,6.509
04/11/2025,22:00,5.047
04/11/2025,23:00,7.406
04/11/2025,24:00:00,3.774
05/11/2025,01:00,3.656
05/11/2025,02:00,4.693
05/11/2025,03:00,6.58
05/11/2025,04:00,3.609
05/11/2025,05:00,4.646
05/11/2025,06:00,5.165
05/11/2025,07:00,10.425
05/11/2025,08:00,7.123
05/11/2025,09:00,8.821
05/11/2025,10:00,10.472
05/11/2025,11:00,10.896
05/11/2025,12:00,10.307
05/11/2025,13:00,9.788
05/11/2025,14:00,7.311
05/11/2025,15:00,13.75
05/11/2025,16:00,12.099
05/11/2025,17:00,11.085
05/11/2025,18:00,16.769
05/11/2025,19:00,22.665
05/11/2025,20:00,32.17
05/11/2025,21:00,37.595
05/11/2025,22:00,28.844
05/11/2025,23:00,26.227
05/11/2025,24:00:00,23.019
06/11/2025,01:00,25.071
06/11/2025,02:00,29.552
06/11/2025,03:00,24.434
06/11/2025,04:00,25.236
06/11/2025,05:00,27.571
06/11/2025,06:00,26.769
06/11/2025,07:00,26.014
06/11/2025,08:00,26.439
06/11/2025,09:00,33.231
06/11/2025,10:00,22.335
06/11/2025,11:00,16.321
06/11/2025,12:00,15.26
06/11/2025,13:00,12.453
06/11/2025,14:00,12.948
06/11/2025,15:00,17.241
06/11/2025,16:00,13.962
06/11/2025,17:00,14.811
06/11/2025,18:00,13.349
06/11/2025,19:00,19.127
06/11/2025,20:00,25.543
06/11/2025,21:00,27.712
06/11/2025,22:00,37.736
06/11/2025,23:00,35.378
06/11/2025,24:00:00,18.774
07/11/2025,01:00,20.967
07/11/2025,02:00,11.769
07/11/2025,03:00,11.533
07/11/2025,04:00,10.59
07/11/2025,05:00,8.538
07/11/2025,06:00,10.448
07/11/2025,07:00,19.175
07/11/2025,08:00,14.151
07/11/2025,09:00,9.222
07/11/2025,10:00,10.708
07/11/2025,11:00,11.344
07/11/2025,12:00,11.675
07/11/2025,13:00,14.08
07/11/2025,14:00,14.764
07/11/2025,15:00,14.293
07/11/2025,16:00,15.543
07/11/2025,17:00,14.882
07/11/2025,18:00,13.184
07/11/2025,19:00,11.462
07/11/2025,20:00,11.698
07/11/2025,21:00,12.83
07/11/2025,22:00,16.462
07/11/2025,23:00,14.67
07/11/2025,24:00:00,11.934
08/11/2025,01:00,11.156
08/11/2025,02:00,11.887
08/11/2025,03:00,11.274
08/11/2025,04:00,11.439
08/11/2025,05:00,10.613
08/11/2025,06:00,9.528
08/11/2025,07:00,8.821
08/11/2025,08:00,7.335
08/11/2025,09:00,5.991
08/11/2025,10:00,4.953
08/11/2025,11:00,2.759
08/11/2025,12:00,1.981
08/11/2025,13:00,2.382
08/11/2025,14:00,2.759
08/11/2025,15:00,4.08
08/11/2025,16:00,5.943
08/11/2025,17:00,7.288
08/11/2025,18:00,15.354
08/11/2025,19:00,16.132
08/11/2025,20:00,27.571
08/11/2025,21:00,39.151
08/11/2025,22:00,39.198
08/11/2025,23:00,40.401
08/11/2025,24:00:00,38.915
09/11/2025,01:00,38.184
09/11/2025,02:00,33.043
09/11/2025,03:00,27.028
09/11/2025,04:00,26.91
09/11/2025,05:00,23.821
09/11/2025,06:00,19.434
09/11/2025,07:00,17.241
09/11/2025,08:00,15.425
09/11/2025,09:00,11.25
09/11/2025,10:00,12.311
09/11/2025,11:00,7.854
09/11/2025,12:00,7.052
09/11/2025,13:00,9.033
09/11/2025,14:00,9.882
09/11/2025,15:00,7.028
09/11/2025,16:00,7.689
09/11/2025,17:00,7.076
09/11/2025,18:00,7.17
09/11/2025,19:00,14.646
09/11/2025,20:00,7.17
09/11/2025,21:00,6.769
09/11/2025,22:00,6.132
09/11/2025,23:00,7.028
09/11/2025,24:00:00,9.34
10/11/2025,01:00,3.255
10/11/2025,02:00,2.571
10/11/2025,03:00,1.934
10/11/2025,04:00,2.123
10/11/2025,05:00,1.25
10/11/2025,06:00,1.722
10/11/2025,07:00,2.736
10/11/2025,08:00,3.797
10/11/2025,09:00,3.939
10/11/2025,10:00,4.316
10/11/2025,11:00,3.491
10/11/2025,12:00,3.797
10/11/2025,13:00,6.156
10/11/2025,14:00,7.712
10/11/2025,15:00,6.769
10/11/2025,16:00,7.052
10/11/2025,17:00,10.613
10/11/2025,18:00,7.123
10/11/2025,19:00,5.778
10/11/2025,20:00,5.849
10/11/2025,21:00,3.986
10/11/2025,22:00,4.057
10/11/2025,23:00,3.184
10/11/2025,24:00:00,3.208
11/11/2025,01:00,3.467
11/11/2025,02:00,3.066
11/11/2025,03:00,2.854
11/11/2025,04:00,4.033
11/11/2025,05:00,6.061
11/11/2025,06:00,5.92
11/11/2025,07:00,7.052
11/11/2025,08:00,9.906
11/11/2025,09:00,9.34
11/11/2025,10:00,5.967
11/11/2025,11:00,8.514
11/11/2025,12:00,9.104
11/11/2025,13:00,7.759
11/11/2025,14:00,11.604
11/11/2025,15:00,9.623
11/11/2025,16:00,8.491
11/11/2025,17:00,7.476
11/11/2025,18:00,7.028
11/11/2025,19:00,6.226
11/11/2025,20:00,4.458
11/11/2025,21:00,4.505
11/11/2025,22:00,9.08
11/11/2025,23:00,3.821
11/11/2025,24:00:00,1.627
12/11/2025,01:00,1.627
12/11/2025,02:00,1.792
12/11/2025,03:00,1.344
12/11/2025,04:00,2.288
12/11/2025,05:00,4.717
12/11/2025,06:00,4.741
12/11/2025,07:00,6.722
12/11/2025,08:00,4.34
12/11/2025,09:00,5.755
12/11/2025,10:00,5.495
12/11/2025,11:00,8.184
12/11/2025,12:00,5.189
12/11/2025,13:00,2.547
12/11/2025,14:00,2.665
12/11/2025,15:00,7.076
12/11/2025,16:00,2.807
12/11/2025,17:00,3.231
12/11/2025,18:00,5.708
12/11/2025,19:00,7.193
12/11/2025,20:00,6.344
12/11/2025,21:00,10.401
12/11/2025,22:00,22.948
12/11/2025,23:00,10.943
12/11/2025,24:00:00,14.953
13/11/2025,01:00,14.552
13/11/2025,02:00,10.354
13/11/2025,03:00,7.429
13/11/2025,04:00,4.34
13/11/2025,05:00,1.91
13/11/2025,06:00,1.58
13/11/2025,07:00,1.651
13/11/2025,08:00,2.264
13/11/2025,09:00,2.406
13/11/2025,10:00,3.278
13/11/2025,11:00,3.939
13/11/2025,12:00,4.552
13/11/2025,13:00,4.693
13/11/2025,14:00,4.646
13/11/2025,15:00,5.307
13/11/2025,16:00,5.425
13/11/2025,17:00,5.684
13/11/2025,18:00,9.033
13/11/2025,19:00,14.788
13/11/2025,20:00,14.41
13/11/2025,21:00,11.722
13/11/2025,22:00,15.33
13/11/2025,23:00,14.717
13/11/2025,24:00:00,13.208
14/11/2025,01:00,8.797
14/11/2025,02:00,5.566
14/11/2025,03:00,4.646
14/11/2025,04:00,3.868
14/11/2025,05:00,2.571
14/11/2025,06:00,2.335
14/11/2025,07:00,2.618
14/11/2025,08:00,3.844
14/11/2025,09:00,2.807
14/11/2025,10:00,3.609
14/11/2025,11:00,4.929
14/11/2025,12:00,5
14/11/2025,13:00,4.552
14/11/2025,14:00,4.41
14/11/2025,15:00,4.717
14/11/2025,16:00,4.717
14/11/2025,17:00,4.929
14/11/2025,18:00,4.646
14/11/2025,19:00,3.656
14/11/2025,20:00,3.703
14/11/2025,21:00,3.443
14/11/2025,22:00,3.679
14/11/2025,23:00,3.491
14/11/2025,24:00:00,3.962
15/11/2025,01:00,3.302
15/11/2025,02:00,3.184
15/11/2025,03:00,2.241
15/11/2025,04:00,2.264
15/11/2025,05:00,1.627
15/11/2025,06:00,1.321
15/11/2025,07:00,2.146
15/11/2025,08:00,2.618
15/11/2025,09:00,3.962
15/11/2025,10:00,3.16
15/11/2025,11:00,2.854
15/11/2025,12:00,2.972
15/11/2025,13:00,3.231
15/11/2025,14:00,3.137
15/11/2025,15:00,3.75
15/11/2025,16:00,4.528
15/11/2025,17:00,6.91
15/11/2025,18:00,6.627
15/11/2025,19:00,6.179
15/11/2025,20:00,3.774
15/11/2025,21:00,4.363
15/11/2025,22:00,7.712
15/11/2025,23:00,5.377
15/11/2025,24:00:00,3.561
16/11/2025,01:00,5.826
16/11/2025,02:00,4.08
16/11/2025,03:00,4.575
16/11/2025,04:00,4.859
16/11/2025,05:00,3.726
16/11/2025,06:00,3.75
16/11/2025,07:00,3.679
16/11/2025,08:00,3.467
16/11/2025,09:00,3.278
16/11/2025,10:00,3.137
16/11/2025,11:00,3.042
16/11/2025,12:00,3.042
16/11/2025,13:00,3.231
16/11/2025,14:00,3.325
16/11/2025,15:00,7.146
16/11/2025,16:00,24.458
16/11/2025,17:00,30.189
16/11/2025,18:00,12.571
16/11/2025,19:00,11.84
16/11/2025,20:00,7.571
16/11/2025,21:00,7.052
16/11/2025,22:00,4.151
16/11/2025,23:00,3.231
16/11/2025,24:00:00,3.255
17/11/2025,01:00,3.255
17/11/2025,02:00,4.009
17/11/2025,03:00,5.118
17/11/2025,04:00,4.528
17/11/2025,05:00,4.033
17/11/2025,06:00,4.363
17/11/2025,07:00,4.127
17/11/2025,08:00,4.481
17/11/2025,09:00,4.458
17/11/2025,10:00,4.599
17/11/2025,11:00,5.826
17/11/2025,12:00,5.047
17/11/2025,13:00,6.439
17/11/2025,14:00,8.703
17/11/2025,15:00,8.137
17/11/2025,16:00,6.368
17/11/2025,17:00,8.066
17/11/2025,18:00,9.198
17/11/2025,19:00,10.566
17/11/2025,20:00,8.42
17/11/2025,21:00,8.632
17/11/2025,22:00,19.953
17/11/2025,23:00,15.684
17/11/2025,24:00:00,8.302
18/11/2025,01:00,6.557
18/11/2025,02:00,6.816
18/11/2025,03:00,6.368
18/11/2025,04:00,3.892
18/11/2025,05:00,3.184
18/11/2025,06:00,3.113
18/11/2025,07:00,4.741
18/11/2025,08:00,5.826
18/11/2025,09:00,8.844
18/11/2025,10:00,7.594
18/11/2025,11:00,5.165
18/11/2025,12:00,5.236
18/11/2025,13:00,4.198
18/11/2025,14:00,3.844
18/11/2025,15:00,7.123
18/11/2025,16:00,6.038
18/11/2025,17:00,5.259
18/11/2025,18:00,4.009
18/11/2025,19:00,2.759
18/11/2025,20:00,3.797
18/11/2025,21:00,3.75
18/11/2025,22:00,3.844
18/11/2025,23:00,3.986
18/11/2025,24:00:00,6.722
19/11/2025,01:00,5.307
19/11/2025,02:00,5.142
19/11/2025,03:00,2.453
19/11/2025,04:00,1.392
19/11/2025,05:00,0.873
19/11/2025,06:00,1.557
19/11/2025,07:00,3.066
19/11/2025,08:00,3.75
19/11/2025,09:00,2.642
19/11/2025,10:00,4.057
19/11/2025,11:00,4.127
19/11/2025,12:00,4.175
19/11/2025,13:00,3.939
19/11/2025,14:00,4.764
19/11/2025,15:00,7.901
19/11/2025,16:00,7.948
19/11/2025,17:00,3.16
19/11/2025,18:00,3.514
19/11/2025,19:00,3.491
19/11/2025,20:00,2.948
19/11/2025,21:00,2.925
19/11/2025,22:00,2.83
19/11/2025,23:00,2.594
19/11/2025,24:00:00,2.335
20/11/2025,01:00,2.241
20/11/2025,02:00,1.84
20/11/2025,03:00,1.722
20/11/2025,04:00,1.91
20/11/2025,05:00,1.934
20/11/2025,06:00,1.934
20/11/2025,07:00,1.863
20/11/2025,08:00,2.288
20/11/2025,09:00,2.571
20/11/2025,10:00,5.236
20/11/2025,11:00,5.849
20/11/2025,12:00,7.311
20/11/2025,13:00,5.92
20/11/2025,14:00,5.189
20/11/2025,15:00,4.41
20/11/2025,16:00,3.774
20/11/2025,17:00,4.175
20/11/2025,18:00,3.443
20/11/2025,19:00,2.783
20/11/2025,20:00,2.877
20/11/2025,21:00,3.42
20/11/2025,22:00,2.877
20/11/2025,23:00,2.877
20/11/2025,24:00:00,2.5
21/11/2025,01:00,2.382
21/11/2025,02:00,2.264
21/11/2025,03:00,1.745
21/11/2025,04:00,1.415
21/11/2025,05:00,1.321
21/11/2025,06:00,1.486
21/11/2025,07:00,2.854
21/11/2025,08:00,3.774
21/11/2025,09:00,7.948
21/11/2025,10:00,10.047
21/11/2025,11:00,7.759
21/11/2025,12:00,6.792
21/11/2025,13:00,5.377
21/11/2025,14:00,5.66
21/11/2025,15:00,7.17
21/11/2025,16:00,11.061
21/11/2025,17:00,7.076
21/11/2025,18:00,8.326
21/11/2025,19:00,9.882
21/11/2025,20:00,7.759
21/11/2025,21:00,11.958
21/11/2025,22:00,7.665
21/11/2025,23:00,8.255
21/11/2025,24:00:00,5.495
22/11/2025,01:00,4.292
22/11/2025,02:00,4.528
22/11/2025,03:00,4.269
22/11/2025,04:00,4.717
22/11/2025,05:00,4.717
22/11/2025,06:00,3.231
22/11/2025,07:00,2.193
22/11/2025,08:00,2.264
22/11/2025,09:00,2.594
22/11/2025,10:00,2.571
22/11/2025,11:00,2.193
22/11/2025,12:00,2.359
22/11/2025,13:00,1.958
22/11/2025,14:00,1.415
22/11/2025,15:00,1.934
22/11/2025,16:00,2.524
22/11/2025,17:00,5.236
22/11/2025,18:00,14.151
22/11/2025,19:00,18.962
22/11/2025,20:00,16.627
22/11/2025,21:00,15.849
22/11/2025,22:00,17.547
22/11/2025,23:00,15.33
22/11/2025,24:00:00,12.123
23/11/2025,01:00,9.481
23/11/2025,02:00,8.726
23/11/2025,03:00,9.41
23/11/2025,04:00,9.552
23/11/2025,05:00,7.123
23/11/2025,06:00,6.274
23/11/2025,07:00,2.995
23/11/2025,08:00,1.769
23/11/2025,09:00,2.712
23/11/2025,10:00,4.198
23/11/2025,11:00,3.278
23/11/2025,12:00,2.052
23/11/2025,13:00,3.774
23/11/2025,14:00,3.443
23/11/2025,15:00,3.019
23/11/2025,16:00,4.575
23/11/2025,17:00,4.741
23/11/2025,18:00,3.962
23/11/2025,19:00,3.868
23/11/2025,20:00,3.821
23/11/2025,21:00,3.75
23/11/2025,22:00,3.585
23/11/2025,23:00,3.538
23/11/2025,24:00:00,3.703
24/11/2025,01:00,3.679
24/11/2025,02:00,4.08
24/11/2025,03:00,3.585
24/11/2025,04:00,3.538
24/11/2025,05:00,3.066
24/11/2025,06:00,3.396
24/11/2025,07:00,3.844
24/11/2025,08:00,6.769
24/11/2025,09:00,9.434
24/11/2025,10:00,4.34
24/11/2025,11:00,4.009
24/11/2025,12:00,2.028
24/11/2025,13:00,1.934
24/11/2025,14:00,3.113
24/11/2025,15:00,2.453
24/11/2025,16:00,3.208
24/11/2025,17:00,4.292
24/11/2025,18:00,4.882
24/11/2025,19:00,5.189
24/11/2025,20:00,5.165
24/11/2025,21:00,6.557
24/11/2025,22:00,6.604
24/11/2025,23:00,4.222
24/11/2025,24:00:00,3.231
25/11/2025,01:00,2.877
25/11/2025,02:00,2.17
25/11/2025,03:00,1.415
25/11/2025,04:00,1.675
25/11/2025,05:00,1.769
25/11/2025,06:00,1.156
25/11/2025,07:00,1.156
25/11/2025,08:00,1.627
25/11/2025,09:00,1.792
25/11/2025,10:00,2.807
25/11/2025,11:00,4.151
25/11/2025,12:00,3.467
25/11/2025,13:00,5.66
25/11/2025,14:00,4.67
25/11/2025,15:00,4.575
25/11/2025,16:00,5.236
25/11/2025,17:00,4.599
25/11/2025,18:00,5.613
25/11/2025,19:00,6.25
25/11/2025,20:00,5.307
25/11/2025,21:00,7.193
25/11/2025,22:00,6.179
25/11/2025,23:00,8.726
25/11/2025,24:00:00,9.151
26/11/2025,01:00,7.83
26/11/2025,02:00,7.359
26/11/2025,03:00,6.109
26/11/2025,04:00,5.118
26/11/2025,05:00,6.863
26/11/2025,06:00,7.547
26/11/2025,07:00,7.359
26/11/2025,08:00,8.679
26/11/2025,09:00,9.953
26/11/2025,10:00,10.991
26/11/2025,11:00,11.745
26/11/2025,12:00,6.462
26/11/2025,13:00,6.038
26/11/2025,14:00,5.708
26/11/2025,15:00,8.184
26/11/2025,16:00,8.561
26/11/2025,17:00,6.887
26/11/2025,18:00,6.321
26/11/2025,19:00,6.156
26/11/2025,20:00,7.17
26/11/2025,21:00,6.533
26/11/2025,22:00,5.165
26/11/2025,23:00,6.25
26/11/2025,24:00:00,6.486
27/11/2025,01:00,6.58
27/11/2025,02:00,7.807
27/11/2025,03:00,5.943
27/11/2025,04:00,1.156
27/11/2025,05:00,1.061
27/11/2025,06:00,1.156
27/11/2025,07:00,1.462
27/11/2025,08:00,1.439
27/11/2025,09:00,1.061
27/11/2025,10:00,1.014
27/11/2025,11:00,0.873
27/11/2025,12:00,0.731
27/11/2025,13:00,0.967
27/11/2025,14:00,0.92
27/11/2025,15:00,1.085
27/11/2025,16:00,0.849
27/11/2025,17:00,0.943
27/11/2025,18:00,0.873
27/11/2025,19:00,1.038
27/11/2025,20:00,1.627
27/11/2025,21:00,3.514
27/11/2025,22:00,4.717
27/11/2025,23:00,6.321
27/11/2025,24:00:00,8.561
28/11/2025,01:00,10.118
28/11/2025,02:00,10.519
28/11/2025,03:00,12.453
28/11/2025,04:00,11.392
28/11/2025,05:00,9.528
28/11/2025,06:00,10.236
28/11/2025,07:00,10.118
28/11/2025,08:00,10.236
28/11/2025,09:00,10.024
28/11/2025,10:00,10.212
28/11/2025,11:00,9.434
28/11/2025,12:00,8.703
28/11/2025,13:00,7.264
28/11/2025,14:00,4.505
28/11/2025,15:00,2.759
28/11/2025,16:00,2.429
28/11/2025,17:00,2.948
28/11/2025,18:00,3.915
28/11/2025,19:00,4.009
28/11/2025,20:00,4.717
28/11/2025,21:00,5.613
28/11/2025,22:00,6.132
28/11/2025,23:00,6.274
28/11/2025,24:00:00,6.203
29/11/2025,01:00,5.92
29/11/2025,02:00,5.519
29/11/2025,03:00,5.472
29/11/2025,04:00,4.788
29/11/2025,05:00,4.811
29/11/2025,06:00,4.316
29/11/2025,07:00,6.132
29/11/2025,08:00,5.684
29/11/2025,09:00,4.528
29/11/2025,10:00,4.741
29/11/2025,11:00,2.453
29/11/2025,12:00,3.538
29/11/2025,13:00,5.731
29/11/2025,14:00,4.292
29/11/2025,15:00,3.679
29/11/2025,16:00,4.528
29/11/2025,17:00,3.349
29/11/2025,18:00,3.42
29/11/2025,19:00,3.703
29/11/2025,20:00,2.476
29/11/2025,21:00,1.627
29/11/2025,22:00,1.274
29/11/2025,23:00,2.689
29/11/2025,24:00:00,2.5
30/11/2025,01:00,2.359
30/11/2025,02:00,2.264
30/11/2025,03:00,2.123
30/11/2025,04:00,1.675
30/11/2025,05:00,1.651
30/11/2025,06:00,1.509
30/11/2025,07:00,1.274
30/11/2025,08:00,1.651
30/11/2025,09:00,1.816
30/11/2025,10:00,1.84
30/11/2025,11:00,2.075
30/11/2025,12:00,2.547
30/11/2025,13:00,3.019
30/11/2025,14:00,3.679
30/11/2025,15:00,2.877
30/11/2025,16:00,2.241
30/11/2025,17:00,2.901
30/11/2025,18:00,3.255
30/11/2025,19:00,4.245
30/11/2025,20:00,4.953
30/11/2025,21:00,5.259
30/11/2025,22:00,6.486
30/11/2025,23:00,6.392
30/11/2025,24:00:00,7.028
01/12/2025,01:00,3.396
01/12/2025,02:00,2.925
01/12/2025,03:00,2.17
01/12/2025,04:00,1.981
01/12/2025,05:00,1.981
01/12/2025,06:00,1.698
01/12/2025,07:00,1.698
01/12/2025,08:00,1.604
01/12/2025,09:00,1.981
01/12/2025,10:00,1.792
01/12/2025,11:00,1.415
01/12/2025,12:00,1.226
01/12/2025,13:00,2.17
01/12/2025,14:00,2.736
01/12/2025,15:00,1.792
01/12/2025,16:00,2.075
01/12/2025,17:00,1.698
01/12/2025,18:00,1.415
01/12/2025,19:00,1.132
01/12/2025,20:00,1.321
01/12/2025,21:00,1.604
01/12/2025,22:00,1.509
01/12/2025,23:00,1.792
01/12/2025,24:00:00,1.509
02/12/2025,01:00,1.415
02/12/2025,02:00,1.415
02/12/2025,03:00,1.887
02/12/2025,04:00,2.453
02/12/2025,05:00,2.736
02/12/2025,06:00,3.491
02/12/2025,07:00,4.151
02/12/2025,08:00,4.528
02/12/2025,09:00,5.377
02/12/2025,10:00,5
02/12/2025,11:00,5.283
02/12/2025,12:00,5.66
02/12/2025,13:00,4.151
02/12/2025,14:00,3.868
02/12/2025,15:00,4.245
02/12/2025,16:00,5.189
02/12/2025,17:00,6.132
02/12/2025,18:00,7.17
02/12/2025,19:00,12.076
02/12/2025,20:00,11.509
02/12/2025,21:00,9.811
02/12/2025,22:00,9.623
02/12/2025,23:00,11.415
02/12/2025,24:00:00,13.679
03/12/2025,01:00,9.906
03/12/2025,02:00,8.113
03/12/2025,03:00,7.642
03/12/2025,04:00,7.642
03/12/2025,05:00,7.642
03/12/2025,06:00,8.113
03/12/2025,07:00,8.208
03/12/2025,08:00,9.811
03/12/2025,09:00,8.491
03/12/2025,10:00,8.396
03/12/2025,11:00,9.057
03/12/2025,12:00,7.925
03/12/2025,13:00,8.019
03/12/2025,14:00,9.151
03/12/2025,15:00,8.679
03/12/2025,16:00,10.283
03/12/2025,17:00,10.094
03/12/2025,18:00,14.245
03/12/2025,19:00,15.189
03/12/2025,20:00,12.076
03/12/2025,21:00,10.566
03/12/2025,22:00,11.981
03/12/2025,23:00,13.774
03/12/2025,24:00:00,15.377
04/12/2025,01:00,10.849
04/12/2025,02:00,10.283
04/12/2025,03:00,8.208
04/12/2025,04:00,7.17
04/12/2025,05:00,7.736
04/12/2025,06:00,8.113
04/12/2025,07:00,7.736
04/12/2025,08:00,6.792
04/12/2025,09:00,6.604
04/12/2025,10:00,6.698
04/12/2025,11:00,6.981
04/12/2025,12:00,7.264
04/12/2025,13:00,5.566
04/12/2025,14:00,6.604
04/12/2025,15:00,4.906
04/12/2025,16:00,5.472
04/12/2025,17:00,2.359
04/12/2025,18:00,2.925
04/12/2025,19:00,4.057
04/12/2025,20:00,4.434
04/12/2025,21:00,3.962
04/12/2025,22:00,3.491
04/12/2025,23:00,4.811
04/12/2025,24:00:00,5.377
05/12/2025,01:00,4.623
05/12/2025,02:00,3.868
05/12/2025,03:00,3.774
05/12/2025,04:00,4.245
05/12/2025,05:00,3.868
05/12/2025,06:00,5.283
05/12/2025,07:00,6.415
05/12/2025,08:00,7.547
05/12/2025,09:00,8.585
05/12/2025,10:00,11.038
05/12/2025,11:00,8.302
05/12/2025,12:00,7.076
05/12/2025,13:00,11.698
05/12/2025,14:00,5.283
05/12/2025,15:00,4.34
05/12/2025,16:00,3.962
05/12/2025,17:00,4.34
05/12/2025,18:00,3.585
05/12/2025,19:00,2.925
05/12/2025,20:00,2.075
05/12/2025,21:00,2.075
05/12/2025,22:00,1.887
05/12/2025,23:00,3.019
05/12/2025,24:00:00,2.453
06/12/2025,01:00,6.698
06/12/2025,02:00,7.453
06/12/2025,03:00,6.132
06/12/2025,04:00,6.226
06/12/2025,05:00,5.094
06/12/2025,06:00,4.811
06/12/2025,07:00,4.623
06/12/2025,08:00,3.962
06/12/2025,09:00,3.868
06/12/2025,10:00,3.396
06/12/2025,11:00,3.396
06/12/2025,12:00,3.113
06/12/2025,13:00,3.491
06/12/2025,14:00,2.453
06/12/2025,15:00,2.359
06/12/2025,16:00,3.302
06/12/2025,17:00,3.585
06/12/2025,18:00,3.208
06/12/2025,19:00,3.868
06/12/2025,20:00,4.057
06/12/2025,21:00,3.774
06/12/2025,22:00,3.868
06/12/2025,23:00,3.208
06/12/2025,24:00:00,2.83
07/12/2025,01:00,2.547
07/12/2025,02:00,3.208
07/12/2025,03:00,3.113
07/12/2025,04:00,3.208
07/12/2025,05:00,4.528
07/12/2025,06:00,4.906
07/12/2025,07:00,5.377
07/12/2025,08:00,
07/12/2025,09:00,7.453
07/12/2025,10:00,8.491
07/12/2025,11:00,8.585
07/12/2025,12:00,5.943
07/12/2025,13:00,2.736
07/12/2025,14:00,2.925
07/12/2025,15:00,3.774
07/12/2025,16:00,3.962
07/12/2025,17:00,3.113
07/12/2025,18:00,1.038
07/12/2025,19:00,1.792
07/12/2025,20:00,3.491
07/12/2025,21:00,6.132
07/12/2025,22:00,5.283
07/12/2025,23:00,4.434
07/12/2025,24:00:00,3.396
08/12/2025,01:00,3.208
08/12/2025,02:00,3.208
08/12/2025,03:00,2.642
08/12/2025,04:00,3.113
08/12/2025,05:00,4.528
08/12/2025,06:00,5.189
08/12/2025,07:00,6.604
08/12/2025,08:00,6.226
08/12/2025,09:00,5.755
08/12/2025,10:00,5.943
08/12/2025,11:00,6.698
08/12/2025,12:00,8.019
08/12/2025,13:00,9.151
08/12/2025,14:00,8.774
08/12/2025,15:00,8.774
08/12/2025,16:00,8.585
08/12/2025,17:00,9.811
08/12/2025,18:00,7.17
08/12/2025,19:00,5.66
08/12/2025,20:00,5.189
08/12/2025,21:00,4.623
08/12/2025,22:00,5.849
08/12/2025,23:00,8.302
08/12/2025,24:00:00,7.359
09/12/2025,01:00,13.113
09/12/2025,02:00,6.226
09/12/2025,03:00,3.113
09/12/2025,04:00,1.604
09/12/2025,05:00,0.943
09/12/2025,06:00,1.038
09/12/2025,07:00,1.321
09/12/2025,08:00,1.604
09/12/2025,09:00,1.604
09/12/2025,10:00,2.075
09/12/2025,11:00,2.17
09/12/2025,12:00,3.208
09/12/2025,13:00,2.736
09/12/2025,14:00,2.642
09/12/2025,15:00,2.359
09/12/2025,16:00,2.17
09/12/2025,17:00,2.83
09/12/2025,18:00,3.208
09/12/2025,19:00,3.868
09/12/2025,20:00,4.623
09/12/2025,21:00,5
09/12/2025,22:00,6.321
09/12/2025,23:00,7.264
09/12/2025,24:00:00,8.208
10/12/2025,01:00,8.396
10/12/2025,02:00,8.302
10/12/2025,03:00,6.981
10/12/2025,04:00,5.377
10/12/2025,05:00,6.226
10/12/2025,06:00,5.849
10/12/2025,07:00,5.472
10/12/2025,08:00,5.283
10/12/2025,09:00,4.245
10/12/2025,10:00,2.642
10/12/2025,11:00,3.396
10/12/2025,12:00,4.717
10/12/2025,13:00,5.472
10/12/2025,14:00,5.849
10/12/2025,15:00,5.755
10/12/2025,16:00,6.509
10/12/2025,17:00,6.415
10/12/2025,18:00,7.264
10/12/2025,19:00,9.057
10/12/2025,20:00,10.755
10/12/2025,21:00,11.604
10/12/2025,22:00,11.321
10/12/2025,23:00,10.755
10/12/2025,24:00:00,10.377
11/12/2025,01:00,10
11/12/2025,02:00,10.283
11/12/2025,03:00,9.151
11/12/2025,04:00,8.208
11/12/2025,05:00,7.17
11/12/2025,06:00,6.226
11/12/2025,07:00,6.132
11/12/2025,08:00,6.604
11/12/2025,09:00,6.981
11/12/2025,10:00,6.415
11/12/2025,11:00,6.981
11/12/2025,12:00,6.792
11/12/2025,13:00,5.755
11/12/2025,14:00,4.906
11/12/2025,15:00,5.283
11/12/2025,16:00,5.849
11/12/2025,17:00,4.811
11/12/2025,18:00,5.755
11/12/2025,19:00,6.792
11/12/2025,20:00,7.83
11/12/2025,21:00,7.076
11/12/2025,22:00,7.547
11/12/2025,23:00,6.509
11/12/2025,24:00:00,6.132
12/12/2025,01:00,7.264
12/12/2025,02:00,8.302
12/12/2025,03:00,9.623
12/12/2025,04:00,6.698
12/12/2025,05:00,6.698
12/12/2025,06:00,7.83
12/12/2025,07:00,10.283
12/12/2025,08:00,8.208
12/12/2025,09:00,7.736
12/12/2025,10:00,6.981
12/12/2025,11:00,3.962
12/12/2025,12:00,3.585
12/12/2025,13:00,5.283
12/12/2025,14:00,5.943
12/12/2025,15:00,2.925
12/12/2025,16:00,4.623
12/12/2025,17:00,6.321
12/12/2025,18:00,6.698
12/12/2025,19:00,9.528
12/12/2025,20:00,12.17
12/12/2025,21:00,10.566
12/12/2025,22:00,11.132
12/12/2025,23:00,16.698
12/12/2025,24:00:00,12.547
13/12/2025,01:00,16.132
13/12/2025,02:00,8.585
13/12/2025,03:00,5.849
13/12/2025,04:00,5.755
13/12/2025,05:00,4.528
13/12/2025,06:00,5.66
13/12/2025,07:00,4.151
13/12/2025,08:00,3.679
13/12/2025,09:00,3.396
13/12/2025,10:00,4.623
13/12/2025,11:00,3.585
13/12/2025,12:00,3.208
13/12/2025,13:00,3.208
13/12/2025,14:00,3.302
13/12/2025,15:00,3.774
13/12/2025,16:00,4.528
13/12/2025,17:00,4.34
13/12/2025,18:00,4.434
13/12/2025,19:00,6.604
13/12/2025,20:00,4.34
13/12/2025,21:00,3.585
13/12/2025,22:00,3.396
13/12/2025,23:00,3.585
13/12/2025,24:00:00,3.396
14/12/2025,01:00,3.396
14/12/2025,02:00,3.302
14/12/2025,03:00,3.208
14/12/2025,04:00,3.019
14/12/2025,05:00,3.019
14/12/2025,06:00,2.925
14/12/2025,07:00,3.019
14/12/2025,08:00,3.019
14/12/2025,09:00,3.302
14/12/2025,10:00,3.396
14/12/2025,11:00,3.585
14/12/2025,12:00,3.868
14/12/2025,13:00,4.057
14/12/2025,14:00,4.245
14/12/2025,15:00,4.434
14/12/2025,16:00,4.434
14/12/2025,17:00,4.057
14/12/2025,18:00,4.151
14/12/2025,19:00,4.34
14/12/2025,20:00,4.151
14/12/2025,21:00,3.679
14/12/2025,22:00,3.019
14/12/2025,23:00,2.547
14/12/2025,24:00:00,3.302
15/12/2025,01:00,4.811
15/12/2025,02:00,5.66
15/12/2025,03:00,6.132
15/12/2025,04:00,6.415
15/12/2025,05:00,5
15/12/2025,06:00,4.151
15/12/2025,07:00,4.34
15/12/2025,08:00,4.34
15/12/2025,09:00,4.151
15/12/2025,10:00,4.151
15/12/2025,11:00,4.717
15/12/2025,12:00,6.038
15/12/2025,13:00,7.076
15/12/2025,14:00,5.755
15/12/2025,15:00,4.434
15/12/2025,16:00,3.491
15/12/2025,17:00,4.151
15/12/2025,18:00,5.66
15/12/2025,19:00,5.755
15/12/2025,20:00,6.698
15/12/2025,21:00,9.434
15/12/2025,22:00,8.585
15/12/2025,23:00,10.66
15/12/2025,24:00:00,12.264
16/12/2025,01:00,20.189
16/12/2025,02:00,11.604
16/12/2025,03:00,7.642
16/12/2025,04:00,7.642
16/12/2025,05:00,7.453
16/12/2025,06:00,6.321
16/12/2025,07:00,7.17
16/12/2025,08:00,5.849
16/12/2025,09:00,6.132
16/12/2025,10:00,5.943
16/12/2025,11:00,8.113
16/12/2025,12:00,6.321
16/12/2025,13:00,5.849
16/12/2025,14:00,7.264
16/12/2025,15:00,6.321
16/12/2025,16:00,7.925
16/12/2025,17:00,7.453
16/12/2025,18:00,10.283
16/12/2025,19:00,12.17
16/12/2025,20:00,10.283
16/12/2025,21:00,17.642
16/12/2025,22:00,33.019
16/12/2025,23:00,
16/12/2025,24:00:00,30.283
17/12/2025,01:00,20.377
17/12/2025,02:00,17.925
17/12/2025,03:00,26.981
17/12/2025,04:00,9.528
17/12/2025,05:00,7.736
17/12/2025,06:00,7.264
17/12/2025,07:00,10
17/12/2025,08:00,18.208
17/12/2025,09:00,9.811
17/12/2025,10:00,6.887
17/12/2025,11:00,4.057
17/12/2025,12:00,
17/12/2025,13:00,2.453
17/12/2025,14:00,2.359
17/12/2025,15:00,3.019
17/12/2025,16:00,2.736
17/12/2025,17:00,2.925
17/12/2025,18:00,3.302
17/12/2025,19:00,2.925
17/12/2025,20:00,2.547
17/12/2025,21:00,2.453
17/12/2025,22:00,2.453
17/12/2025,23:00,1.698
17/12/2025,24:00:00,1.038
18/12/2025,01:00,0.943
18/12/2025,02:00,1.038
18/12/2025,03:00,3.585
18/12/2025,04:00,5.377
18/12/2025,05:00,4.906
18/12/2025,06:00,5.283
18/12/2025,07:00,5.66
18/12/2025,08:00,5.849
18/12/2025,09:00,6.792
18/12/2025,10:00,6.509
18/12/2025,11:00,8.113
18/12/2025,12:00,10.66
18/12/2025,13:00,8.585
18/12/2025,14:00,8.585
18/12/2025,15:00,7.17
18/12/2025,16:00,6.887
18/12/2025,17:00,8.868
18/12/2025,18:00,9.623
18/12/2025,19:00,10.943
18/12/2025,20:00,3.208
18/12/2025,21:00,2.547
18/12/2025,22:00,2.17
18/12/2025,23:00,1.132
18/12/2025,24:00:00,1.509
19/12/2025,01:00,1.415
19/12/2025,02:00,1.509
19/12/2025,03:00,2.359
19/12/2025,04:00,3.019
19/12/2025,05:00,3.962
19/12/2025,06:00,4.151
19/12/2025,07:00,4.528
19/12/2025,08:00,4.811
19/12/2025,09:00,5
19/12/2025,10:00,5.283
19/12/2025,11:00,5.283
19/12/2025,12:00,5.472
19/12/2025,13:00,5.566
19/12/2025,14:00,4.906
19/12/2025,15:00,6.604
19/12/2025,16:00,4.34
19/12/2025,17:00,3.962
19/12/2025,18:00,4.34
19/12/2025,19:00,3.679
19/12/2025,20:00,4.057
19/12/2025,21:00,5.094
19/12/2025,22:00,5.094
19/12/2025,23:00,5.094
19/12/2025,24:00:00,5.094
20/12/2025,01:00,6.981
20/12/2025,02:00,8.019
20/12/2025,03:00,8.208
20/12/2025,04:00,6.887
20/12/2025,05:00,8.302
20/12/2025,06:00,6.887
20/12/2025,07:00,5.943
20/12/2025,08:00,10.094
20/12/2025,09:00,8.302
20/12/2025,10:00,6.509
20/12/2025,11:00,4.811
20/12/2025,12:00,4.717
20/12/2025,13:00,8.019
20/12/2025,14:00,7.076
20/12/2025,15:00,5.566
20/12/2025,16:00,6.604
20/12/2025,17:00,8.396
20/12/2025,18:00,11.226
20/12/2025,19:00,11.887
20/12/2025,20:00,10.66
20/12/2025,21:00,10.566
20/12/2025,22:00,13.302
20/12/2025,23:00,13.396
20/12/2025,24:00:00,12.264
21/12/2025,01:00,11.132
21/12/2025,02:00,12.453
21/12/2025,03:00,14.057
21/12/2025,04:00,13.113
21/12/2025,05:00,12.736
21/12/2025,06:00,13.774
21/12/2025,07:00,16.226
21/12/2025,08:00,18.208
21/12/2025,09:00,16.038
21/12/2025,10:00,15.755
21/12/2025,11:00,15.66
21/12/2025,12:00,14.434
21/12/2025,13:00,13.962
21/12/2025,14:00,14.057
21/12/2025,15:00,17.264
21/12/2025,16:00,16.038
21/12/2025,17:00,11.793
21/12/2025,18:00,10.566
21/12/2025,19:00,9.151
21/12/2025,20:00,12.736
21/12/2025,21:00,12.17
21/12/2025,22:00,7.642
21/12/2025,23:00,6.981
21/12/2025,24:00:00,7.359
22/12/2025,01:00,8.396
22/12/2025,02:00,13.113
22/12/2025,03:00,20.943
22/12/2025,04:00,20.66
22/12/2025,05:00,19.151
22/12/2025,06:00,19.34
22/12/2025,07:00,20.189
22/12/2025,08:00,19.906
22/12/2025,09:00,21.132
22/12/2025,10:00,21.981
22/12/2025,11:00,22.453
22/12/2025,12:00,22.17
22/12/2025,13:00,20.943
22/12/2025,14:00,21.132
22/12/2025,15:00,21.698
22/12/2025,16:00,21.981
22/12/2025,17:00,21.604
22/12/2025,18:00,22.264
22/12/2025,19:00,21.038
22/12/2025,20:00,20
22/12/2025,21:00,19.057
22/12/2025,22:00,18.962
22/12/2025,23:00,20
22/12/2025,24:00:00,18.491
23/12/2025,01:00,18.019
23/12/2025,02:00,18.774
23/12/2025,03:00,19.151
23/12/2025,04:00,18.302
23/12/2025,05:00,17.642
23/12/2025,06:00,19.057
23/12/2025,07:00,21.227
23/12/2025,08:00,21.981
23/12/2025,09:00,22.264
23/12/2025,10:00,21.793
23/12/2025,11:00,20.094
23/12/2025,12:00,13.868
23/12/2025,13:00,13.585
23/12/2025,14:00,10.943
23/12/2025,15:00,11.604
23/12/2025,16:00,11.698
23/12/2025,17:00,11.509
23/12/2025,18:00,14.057
23/12/2025,19:00,11.509
23/12/2025,20:00,8.774
23/12/2025,21:00,7.264
23/12/2025,22:00,8.019
23/12/2025,23:00,9.811
23/12/2025,24:00:00,10.094
24/12/2025,01:00,10.283
24/12/2025,02:00,9.906
24/12/2025,03:00,9.34
24/12/2025,04:00,10.094
24/12/2025,05:00,9.434
24/12/2025,06:00,9.717
24/12/2025,07:00,9.057
24/12/2025,08:00,9.434
24/12/2025,09:00,10.66
24/12/2025,10:00,8.491
24/12/2025,11:00,6.038
24/12/2025,12:00,4.434
24/12/2025,13:00,3.679
24/12/2025,14:00,3.396
24/12/2025,15:00,3.113
24/12/2025,16:00,4.151
24/12/2025,17:00,3.113
24/12/2025,18:00,3.208
24/12/2025,19:00,2.736
24/12/2025,20:00,2.547
24/12/2025,21:00,2.453
24/12/2025,22:00,3.019
24/12/2025,23:00,3.019
24/12/2025,24:00:00,3.302
25/12/2025,01:00,4.717
25/12/2025,02:00,3.774
25/12/2025,03:00,3.774
25/12/2025,04:00,3.868
25/12/2025,05:00,4.057
25/12/2025,06:00,3.868
25/12/2025,07:00,4.34
25/12/2025,08:00,4.528
25/12/2025,09:00,4.528
25/12/2025,10:00,4.623
25/12/2025,11:00,4.906
25/12/2025,12:00,5.377
25/12/2025,13:00,5.755
25/12/2025,14:00,5.377
25/12/2025,15:00,5.189
25/12/2025,16:00,5.283
25/12/2025,17:00,8.679
25/12/2025,18:00,10.377
25/12/2025,19:00,6.321
25/12/2025,20:00,6.226
25/12/2025,21:00,5.943
25/12/2025,22:00,6.321
25/12/2025,23:00,6.321
25/12/2025,24:00:00,6.415
26/12/2025,01:00,5.943
26/12/2025,02:00,5.472
26/12/2025,03:00,5.66
26/12/2025,04:00,5.472
26/12/2025,05:00,5.472
26/12/2025,06:00,5.377
26/12/2025,07:00,6.415
26/12/2025,08:00,6.038
26/12/2025,09:00,5.755
26/12/2025,10:00,6.132
26/12/2025,11:00,6.792
26/12/2025,12:00,7.642
26/12/2025,13:00,6.509
26/12/2025,14:00,6.038
26/12/2025,15:00,5.755
26/12/2025,16:00,6.038
26/12/2025,17:00,8.679
26/12/2025,18:00,9.057
26/12/2025,19:00,14.623
26/12/2025,20:00,9.34
26/12/2025,21:00,7.453
26/12/2025,22:00,6.415
26/12/2025,23:00,7.736
26/12/2025,24:00:00,7.453
27/12/2025,01:00,6.509
27/12/2025,02:00,5.094
27/12/2025,03:00,4.245
27/12/2025,04:00,4.906
27/12/2025,05:00,3.679
27/12/2025,06:00,2.925
27/12/2025,07:00,2.736
27/12/2025,08:00,2.547
27/12/2025,09:00,2.264
27/12/2025,10:00,2.359
27/12/2025,11:00,3.019
27/12/2025,12:00,3.302
27/12/2025,13:00,3.019
27/12/2025,14:00,3.491
27/12/2025,15:00,3.774
27/12/2025,16:00,2.925
27/12/2025,17:00,7.359
27/12/2025,18:00,6.981
27/12/2025,19:00,6.415
27/12/2025,20:00,3.774
27/12/2025,21:00,3.491
27/12/2025,22:00,8.491
27/12/2025,23:00,7.642
27/12/2025,24:00:00,8.396
28/12/2025,01:00,8.679
28/12/2025,02:00,9.528
28/12/2025,03:00,10.755
28/12/2025,04:00,10.943
28/12/2025,05:00,10.755
28/12/2025,06:00,10.849
28/12/2025,07:00,10.755
28/12/2025,08:00,11.038
28/12/2025,09:00,10
28/12/2025,10:00,9.717
28/12/2025,11:00,9.623
28/12/2025,12:00,9.717
28/12/2025,13:00,10.472
28/12/2025,14:00,9.623
28/12/2025,15:00,10
28/12/2025,16:00,10
28/12/2025,17:00,9.34
28/12/2025,18:00,8.868
28/12/2025,19:00,8.113
28/12/2025,20:00,8.774
28/12/2025,21:00,8.962
28/12/2025,22:00,9.34
28/12/2025,23:00,8.396
28/12/2025,24:00:00,8.208
29/12/2025,01:00,7.359
29/12/2025,02:00,7.264
29/12/2025,03:00,7.264
29/12/2025,04:00,6.887
29/12/2025,05:00,6.792
29/12/2025,06:00,6.415
29/12/2025,07:00,6.509
29/12/2025,08:00,6.321
29/12/2025,09:00,5.849
29/12/2025,10:00,6.509
29/12/2025,11:00,8.019
29/12/2025,12:00,7.359
29/12/2025,13:00,7.453
29/12/2025,14:00,7.264
29/12/2025,15:00,8.302
29/12/2025,16:00,10.943
29/12/2025,17:00,25.66
29/12/2025,18:00,14.057
29/12/2025,19:00,10.377
29/12/2025,20:00,9.528
29/12/2025,21:00,9.528
29/12/2025,22:00,8.491
29/12/2025,23:00,6.604
29/12/2025,24:00:00,5.377
30/12/2025,01:00,5.094
30/12/2025,02:00,6.226
30/12/2025,03:00,7.17
30/12/2025,04:00,5
30/12/2025,05:00,4.34
30/12/2025,06:00,4.434
30/12/2025,07:00,4.34
30/12/2025,08:00,4.057
30/12/2025,09:00,4.245
30/12/2025,10:00,4.528
30/12/2025,11:00,5.566
30/12/2025,12:00,5.472
30/12/2025,13:00,5.566
30/12/2025,14:00,4.906
30/12/2025,15:00,4.434
30/12/2025,16:00,
30/12/2025,17:00,7.359
30/12/2025,18:00,9.906
30/12/2025,19:00,18.962
30/12/2025,20:00,14.151
30/12/2025,21:00,9.717
30/12/2025,22:00,7.547
30/12/2025,23:00,7.83
30/12/2025,24:00:00,6.509
31/12/2025,01:00,6.698
31/12/2025,02:00,5.66
31/12/2025,03:00,4.528
31/12/2025,04:00,4.434
31/12/2025,05:00,2.642
31/12/2025,06:00,2.075
31/12/2025,07:00,2.925
31/12/2025,08:00,3.774
31/12/2025,09:00,3.962
31/12/2025,10:00,3.585
31/12/2025,11:00,2.925
31/12/2025,12:00,3.302
31/12/2025,13:00,3.113
31/12/2025,14:00,3.491
31/12/2025,15:00,4.434
31/12/2025,16:00,4.717
31/12/2025,17:00,4.245
31/12/2025,18:00,3.868
31/12/2025,19:00,3.774
31/12/2025,20:00,3.302
31/12/2025,21:00,2.642
31/12/2025,22:00,3.302
31/12/2025,23:00,3.396
31/12/2025,24:00:00,3.208
